Scene: Untitled
Entities:
  - Entity: NOT_SKINNED_model
    guid: 045c29ad4d962ca401160a399e9b06ac6ca92dc7c95ed1705c36688546211bfb
    Name: NOT_SKINNED_model
    TransformComponent:
      Translation: [-13.5257215, 0, -9.61304951]
      Rotation: [0, 31.4471645, 0]
      Scale: [1, 1, 1]
      Parent:
        guid: ""
    Components:
      - ComponentName: ModelComponent
        guid: 4de79910bf8de21b7c5cc739996f42ed1151a6ed145db528d55d81d196692e78
        custom_name: ""
        model_path: ./res/models\enemy\enemy.gltf
        material:
          Shader:
            VertexPath: ./res/shaders/lit.hlsl
            FragmentPath: ./res/shaders/lit.hlsl
            GeometryPath: ""
          Color: [1, 1, 1, 1]
          RenderOrder: 0
          NeedsForward: false
          CastsShadows: true
          IsBillboard: false
  - Entity: Directional light
    guid: a0d65733ed31f6a5011a3b29703b82c5395f2283fc5d8672bc1eb19c07c6b98c
    Name: Directional light
    TransformComponent:
      Translation: [-5, 15, 0]
      Rotation: [-70, 0, 30]
      Scale: [1, 1, 1]
      Parent:
        guid: ""
    Components:
      - ComponentName: DirectionalLightComponent
        guid: 5da9e911a965f3a3e2ebc9ded79b8c086d5ee6eb873483e872948cb34b6f37f5
        custom_name: ""
        ambient: [1, 1, 1]
        diffuse: [1, 1, 1]
        specular: [0.43333292, 0, 1]
        m_near_plane: -25
        m_far_plane: 25
        m_blocker_search_num_samples: 16
        m_pcf_num_samples: 16
        m_light_world_size: 0.0310000461
        m_light_frustum_width: 50
  - Entity: Background
    guid: 045c29ad4d962ca401160a399e9b06ac6ca92dc7c95ed1705c36688546211bfb
    Name: Background
    TransformComponent:
      Translation: [0, 0, 0]
      Rotation: [0, 0, 0]
      Scale: [1, 1, 1]
      Parent:
        guid: ""
    Components:
      - ComponentName: ModelComponent
        guid: 0363ff589c04f409548c252257d1f38d6c51a1f2266ba33266fa6b5b692fc4b5
        custom_name: ""
        model_path: ./res/models\ground\ground.gltf
        material:
          Shader:
            VertexPath: ./res/shaders/lit.hlsl
            FragmentPath: ./res/shaders/lit.hlsl
            GeometryPath: ""
          Color: [1, 1, 1, 1]
          RenderOrder: 0
          NeedsForward: false
          CastsShadows: true
          IsBillboard: false
  - Entity: SKM
    guid: 8bb7cd92191c071967b21ee84b41d97fd384d68e3bdcc0b991621c893cf44487
    Name: SKM
    TransformComponent:
      Translation: [-5.62504196, 0, -0.573076487]
      Rotation: [0, 0, 0]
      Scale: [1, 1, 1]
      Parent:
        guid: ""
    Components:
      - ComponentName: SkinnedModelComponent
        guid: 680bdcf671b1554bc934f80b1404499673556cad0c559231152cb9ecda5329bb
        custom_name: ""
        model_path: ./res/models/enemy/enemy.gltf
        anim_path: ./res/anims/conv77_12_Anim.gltf
        enable_root_motion: true
        material:
          Shader:
            VertexPath: ./res/shaders/lit.hlsl
            FragmentPath: ./res/shaders/lit.hlsl
            GeometryPath: ""
          Color: [1, 1, 1, 1]
          RenderOrder: 0
          NeedsForward: false
          CastsShadows: true
          IsBillboard: false
      - ComponentName: MotionMatchingControllerComponent
        guid: ffe1f257ffa89665ce3b9ab4d1ee8fbf337a0d6cdec027b011c69a607c0b5412
        custom_name: ""
        path_point_container:
          guid: 12914f0b35d4df0ada8fc3bdf75b42e1c56e8c5c38cede53e68d3abdfb75f4e9
        path_scale: 0.442999989
      - ComponentName: CurveComponent
        guid: 294162c1103d7936d062d57e22c740e739c75774c78b0e9f23aa7fd7067cd700
        custom_name: ""
        points:
          - [0, 0]
          - [-3.32963753, 9.25100231]
          - [1.31639826, 16.5627975]
          - [-1.88491619, 26.3415051]
          - [0.788698137, 35.4763527]
          - [-6.47587633, 47.0384827]
        curve:
          - [0, 0]
          - [-0.100828044, 0.256127179]
          - [-0.234003976, 0.559161127]
          - [-0.395288289, 0.904905379]
          - [-0.580441535, 1.28916371]
          - [-0.78522408, 1.70773959]
          - [-1.0053966, 2.15643716]
          - [-1.23671949, 2.63105941]
          - [-1.47495365, 3.12741089]
          - [-1.7158587, 3.641294]
          - [-1.95519602, 4.16851377]
          - [-2.18872571, 4.70487404]
          - [-2.41220856, 5.24617672]
          - [-2.62140417, 5.78822565]
          - [-2.81207466, 6.3268261]
          - [-2.97997952, 6.85778141]
          - [-3.12087965, 7.3768959]
          - [-3.23053384, 7.87997055]
          - [-3.30470514, 8.36281013]
          - [-3.33915281, 8.8212204]
          - [-3.32963753, 9.25100231]
          - [-3.26796818, 9.65741634]
          - [-3.15273547, 10.0496187]
          - [-2.98987389, 10.4292622]
          - [-2.78531599, 10.7980003]
          - [-2.54499578, 11.1574831]
          - [-2.27484727, 11.5093651]
          - [-1.98080397, 11.8552971]
          - [-1.6687988, 12.1969318]
          - [-1.3447665, 12.5359211]
          - [-1.01463985, 12.8739176]
          - [-0.684352994, 13.212575]
          - [-0.359839559, 13.5535431]
          - [-0.0470328331, 13.8984756]
          - [0.248133659, 14.2490253]
          - [0.519726038, 14.6068439]
          - [0.76181078, 14.9735832]
          - [0.968453884, 15.3508959]
          - [1.13372183, 15.7404346]
          - [1.25168085, 16.1438503]
          - [1.31639826, 16.5627975]
          - [1.32641184, 16.9968376]
          - [1.28764725, 17.4436569]
          - [1.20525038, 17.9020863]
          - [1.08436692, 18.3709583]
          - [0.93014276, 18.8491096]
          - [0.747723818, 19.3353729]
          - [0.542255998, 19.8285809]
          - [0.318884999, 20.3275681]
          - [0.0827568769, 20.8311672]
          - [-0.160982728, 21.3382092]
          - [-0.407187819, 21.8475342]
          - [-0.650712609, 22.3579693]
          - [-0.88641119, 22.8683491]
          - [-1.10913777, 23.3775101]
          - [-1.31374598, 23.8842831]
          - [-1.4950912, 24.3875008]
          - [-1.64802647, 24.8859997]
          - [-1.76740646, 25.3786106]
          - [-1.84808588, 25.8641682]
          - [-1.88491619, 26.3415051]
          - [-1.87198699, 26.8098927]
          - [-1.81076741, 27.2701416]
          - [-1.70718777, 27.7234097]
          - [-1.56717777, 28.170845]
          - [-1.39666724, 28.6135998]
          - [-1.20158613, 29.052824]
          - [-0.987864614, 29.4896717]
          - [-0.76143223, 29.925293]
          - [-0.528219342, 30.3608418]
          - [-0.294155359, 30.7974644]
          - [-0.0651706457, 31.2363186]
          - [0.152805209, 31.6785545]
          - [0.35384202, 32.1253242]
          - [0.532010078, 32.577774]
          - [0.681379557, 33.0370674]
          - [0.796020985, 33.5043411]
          - [0.870002747, 33.9807587]
          - [0.897396088, 34.4674606]
          - [0.872270107, 34.9656105]
          - [0.788698137, 35.4763527]
          - [0.641073108, 36.0134239]
          - [0.432046711, 36.5862885]
          - [0.168070048, 37.1897087]
          - [-0.144405901, 37.818428]
          - [-0.498930037, 38.4672089]
          - [-0.889051437, 39.1307907]
          - [-1.30831885, 39.8039513]
          - [-1.75028181, 40.4814224]
          - [-2.20848846, 41.1579666]
          - [-2.6764884, 41.8283463]
          - [-3.14783001, 42.4873009]
          - [-3.61606312, 43.1295967]
          - [-4.07473516, 43.7499771]
          - [-4.51739693, 44.3432007]
          - [-4.93759727, 44.9040298]
          - [-5.32888317, 45.4272003]
          - [-5.68480492, 45.9074783]
          - [-5.99891281, 46.3396187]
          - [-6.26475239, 46.7183685]
          - [-6.47587633, 47.0384827]
        clamp_x: false
        connection: 1
  - Entity: MotionMatchingSampler
    guid: bba8bee8c100cd15ea655d8984fc79552ccafed5774a965182d746e65088dc29
    Name: MotionMatchingSampler
    TransformComponent:
      Translation: [20, 20, 20]
      Rotation: [0, 0, 0]
      Scale: [1, 1, 1]
      Parent:
        guid: ""
    Components:
      - ComponentName: MotionMatchingSamplerComponent
        guid: f1ceda2ba8ece49a3d50c56ca396067034a0d0b8c56dae332f8f3196b4cb9dfa
        custom_name: ""
        skinned_model_path: ./res/models/enemy/enemy.gltf
        sample_rate: 0.349999994
        always_latest_logs: true
        sample_database:
          - [[[ [0.20289582, -2.71750462e-08, -1.58814847], [0.354591936, -1.40903724e-08, -0.706391573], [0.174752519, -1.40903724e-08, -0.636057019], [-0.213749856, 0, 0.976888478]], [[0.16176036, -4.27240394e-08, -1.03265202], [0.192288935, -1.40903724e-08, -1.58490241], [0.333322108, -1.40903724e-08, -1.68987632], [-0.270615488, 0, 0.962687492]], [[0.104779258, -1.31986893e-08, -0.5236727], [0.0615828633, -1.40903724e-08, -0.952977955], [0.250047743, -1.40903724e-08, -1.37888837], [-0.115418136, 0, 0.993317008]]], [[[0.0743922368, 1.69134999e-08, 0.536196649], [-0.0344940312, -1.40903724e-08, -0.0616480932], [0.0639904812, -1.40903724e-08, -0.0328909345], [0.0375573635, 0, 0.99929446]], [[0.203419849, 3.65408575e-08, 1.01890814], [0.0285457671, -1.40903724e-08, 0.743745267], [0.0393991321, -1.40903724e-08, 0.138451636], [0.19992274, 0, 0.979811609]], [[0.295966655, 2.21521539e-08, 1.53007901], [0.0626430064, -1.40903724e-08, 0.8467592], [0.212924868, -1.40903724e-08, 1.22261262], [0.385577351, 0, 0.922675431]]], [[0, 0, 0], [0.0841358006, -1.40903724e-08, -0.82301718], [0.0484078154, -1.40903724e-08, -0.24008359], [0, 0, 1]], 1, 2600]
          - [[[ [0.146228343, -5.96375358e-08, -1.56446052], [0.0979945213, -3.10038715e-08, 0.872027457], [0.248744786, -3.10038715e-08, 1.00169897], [-0.306580603, 0, 0.951844692]], [[0.0701715052, -3.01121865e-08, -1.05798042], [0.0431291461, -3.10038715e-08, -1.48860502], [0.247457206, -3.10038715e-08, -1.90713668], [-0.152643085, 0, 0.988281369]], [[-0.0542016029, -1.69134999e-08, -0.538612306], [0.0607851744, -3.10038715e-08, -1.35788894], [0.0031889528, -3.10038715e-08, -0.776708484], [-0.0375573635, 0, 0.99929446]]], [[[0.11080718, 1.96273557e-08, 0.48721686], [-0.0536091328, -3.10038715e-08, 0.205680281], [-0.0200301707, -3.10038715e-08, -0.398778647], [0.162982523, 0, 0.98662895]], [[0.18409045, 5.23865351e-09, 1.00150287], [-0.023404859, -3.10038715e-08, 0.309902191], [0.112654872, -3.10038715e-08, 0.691134691], [0.350652009, 0, 0.936505795]], [[0.412676752, 1.60883129e-08, 1.43051958], [0.0979945213, -3.10038715e-08, 0.872027457], [0.248744786, -3.10038715e-08, 1.00169897], [0.439745963, 0, 0.898122251]]], [[0, 0, 0], [-0.0863559768, -3.10038715e-08, -0.601512492], [0.0109790266, -3.10038715e-08, -0.569076777], [0, 0, 1]], 1, 2950]
          - [[[ [0.211747855, -4.97395476e-08, -1.53115916], [0.118608706, -5.06312325e-08, 1.26748371], [0.0142821521, -5.06312325e-08, 0.637152612], [-0.311674714, 0, 0.950188994]], [[0.00438979268, -3.6540861e-08, -1.03900635], [0.251366913, -5.06312325e-08, -1.82858753], [0.0998185128, -5.06312325e-08, -1.26456535], [-0.199922785, 0, 0.979811728]], [[-0.0299177244, -1.96273575e-08, -0.498761922], [-0.0170829892, -5.06312325e-08, -1.10630608], [0.0736640543, -5.06312325e-08, -1.05844021], [-0.162982568, 0, 0.986629009]]], [[[-0.0115162283, -1.43887036e-08, 0.519353449], [-0.103518292, -5.06312325e-08, -0.196818024], [-0.0314120427, -5.06312325e-08, 0.201492369], [0.193329379, 0, 0.981133878]], [[0.144091398, -3.53904284e-09, 0.979889214], [-0.075358741, -5.06312325e-08, 0.377577066], [0.0522416346, -5.06312325e-08, 0.530084372], [0.287487924, 0, 0.957784414]], [[0.44389081, 2.27899797e-08, 1.34096944], [0.118608706, -5.06312325e-08, 1.26748371], [0.0142821521, -5.06312325e-08, 0.637152612], [0.679318547, 0, 0.733843684]]], [[0, 0, 0], [-0.116332352, -5.06312325e-08, -0.304569125], [0.0153138936, -5.06312325e-08, -0.895473063], [0, 0, 1]], 1, 3300]
          - [[[ [0.31688267, -2.21521557e-08, -1.52588463], [0.0370408595, -3.6242529e-08, 0.903952897], [0.240228787, -3.6242529e-08, 0.980987489], [-0.38557741, 0, 0.92267549]], [[0.178777277, -5.23865396e-09, -1.00246489], [0.30882597, -3.6242529e-08, -1.59606576], [0.388607144, -3.6242529e-08, -1.53155887], [-0.350652099, 0, 0.936505854]], [[0.111705229, 1.43887036e-08, -0.507328808], [0.0564497821, -3.6242529e-08, -0.828642368], [0.299851477, -3.6242529e-08, -1.38294709], [-0.193329379, 0, 0.981133878]]], [[[0.0636368245, 1.08496607e-08, 0.481930763], [-0.0352285169, -3.6242529e-08, -0.151444212], [0.0604803823, -3.6242529e-08, 0.0228547901], [0.0968962833, 0, 0.995294571]], [[0.287972748, 3.71786832e-08, 0.894158959], [-0.0169655979, -3.6242529e-08, 0.759172976], [0.00253761862, -3.6242529e-08, 0.120564364], [0.524628937, 0, 0.851331115]], [[0.584326744, 4.73101203e-08, 1.26274264], [0.0370408595, -3.6242529e-08, 0.903952897], [0.240228787, -3.6242529e-08, 0.980987489], [0.82790482, 0, 0.560868859]]], [[0, 0, 0], [0.048190631, -3.6242529e-08, -0.720446765], [0.0419314168, -3.6242529e-08, -0.315710694], [0, 0, 1]], 1, 3650]
          - [[[ [0.258431077, -1.60883147e-08, -1.46625423], [0.220752254, -4.70921897e-08, 0.727812946], [0.5131464, -4.70921897e-08, 0.858556509], [-0.439746022, 0, 0.898122251]], [[0.143697798, 3.53904284e-09, -0.979946911], [0.11983642, -4.70921897e-08, -1.30510259], [0.415802836, -4.70921897e-08, -1.8332144], [-0.287487894, 0, 0.957784295]], [[-0.0166400857, -1.08496607e-08, -0.485829204], [0.1011324, -4.70921897e-08, -1.19821644], [0.055685211, -4.70921897e-08, -0.795991302], [-0.0968962759, 0, 0.995294452]]], [[[0.183336914, 2.63290225e-08, 0.43202576], [-0.107086882, -4.70921897e-08, 0.26812759], [-0.0257966444, -4.70921897e-08, -0.365586281], [0.43966943, 0, 0.898159742]], [[0.442582011, 3.64604595e-08, 0.827590644], [-0.0673631877, -4.70921897e-08, 0.417459249], [0.127404258, -4.70921897e-08, 0.513819516], [0.769662976, 0, 0.638450563]], [[0.765920281, 1.07390946e-07, 1.06637681], [0.220752254, -4.70921897e-08, 0.727812946], [0.5131464, -4.70921897e-08, 0.858556509], [0.878493667, 0, 0.477754116]]], [[0, 0, 0], [-0.0370284542, -4.70921897e-08, -0.639974296], [0.0413411632, -4.70921897e-08, -0.457221627], [0, 0, 1]], 1, 4000]
          - [[[ [0.585198998, -2.27899797e-08, -1.28560507], [0.359234244, -7.34212122e-08, 1.16270196], [0.0842350721, -7.34212122e-08, 0.610877991], [-0.679318488, 0, 0.733843565]], [[0.223941475, -3.71786832e-08, -0.912304044], [0.642934799, -7.34212122e-08, -1.50036073], [0.425269961, -7.34212122e-08, -1.15907991], [-0.524628878, 0, 0.851330996]], [[0.025282681, -2.63290225e-08, -0.468635768], [0.273402333, -7.34212122e-08, -1.05971515], [0.263440013, -7.34212122e-08, -0.861117363], [-0.43966943, 0, 0.898159742]]], [[[0.0589257479, 1.0131437e-08, 0.4692626], [-0.21876429, -7.34212122e-08, -0.123308226], [-0.0861986801, -7.34212122e-08, 0.0488719791], [0.410573035, 0, 0.911827803]], [[0.244348109, 8.10619198e-08, 0.825892627], [-0.0964436382, -7.34212122e-08, 0.282114536], [0.1086891, -7.34212122e-08, 0.528099954], [0.57897377, 0, 0.815346301]], [[0.589974403, -6.3687061e-08, 1.04436564], [0.359234244, -7.34212122e-08, 1.16270196], [0.0842350721, -7.34212122e-08, 0.610877991], [0.899624467, 0, 0.436664581]]], [[0, 0, 0], [-0.188785955, -7.34212122e-08, -0.274897188], [0.162850291, -7.34212122e-08, -0.808332622], [0, 0, 1]], 1, 4350]
          - [[[ [0.717700005, -4.73101203e-08, -1.19199979], [0.0577235818, -8.35526492e-08, 0.906772137], [0.128489107, -8.35526492e-08, 0.763592303], [-0.827904701, 0, 0.5608688]], [[0.354399145, -3.64604595e-08, -0.869014621], [0.823322773, -8.35526492e-08, -1.30610597], [0.73269999, -8.35526492e-08, -1.12910926], [-0.769662976, 0, 0.638450563]], [[0.13893643, -1.0131437e-08, -0.452079952], [0.0796615481, -8.35526492e-08, -0.780249298], [0.619307399, -8.35526492e-08, -1.12227798], [-0.410573035, 0, 0.911827803]]], [[[0.0226505697, 7.09304828e-08, 0.401314586], [-0.0648321658, -8.35526492e-08, -0.234437272], [0.0212185625, -8.35526492e-08, 0.0740810186], [0.193165123, 0, 0.981166363]], [[0.248103112, -7.3818498e-08, 0.742429078], [-0.0108778775, -8.35526492e-08, 0.755595803], [-0.0350656956, -8.35526492e-08, 0.139520168], [0.641019821, 0, 0.767524421]], [[0.544690788, 9.34254842e-08, 0.835272849], [0.0577235818, -8.35526492e-08, 0.906772137], [0.128489107, -8.35526492e-08, 0.763592303], [0.96969837, 0, 0.244305611]]], [[0, 0, 0], [-0.009911865, -8.35526492e-08, -0.654334545], [0.0402725786, -8.35526492e-08, -0.442907989], [0, 0, 1]], 1, 4700]
          - [[[ [0.570883632, -1.07390939e-07, -1.18232191], [0.0634036213, -1.54483118e-07, 0.539840639], [0.536606431, -1.54483118e-07, 0.606895983], [-0.878493607, 0, 0.477754116]], [[0.27894181, -8.10619127e-08, -0.814859569], [0.284174085, -1.54483118e-07, -1.14829803], [0.879724383, -1.54483118e-07, -1.37964439], [-0.578973711, 0, 0.815346301]], [[0.055295974, -7.09304757e-08, -0.398131639], [0.171965361, -1.54483118e-07, -1.04205728], [0.1803644, -1.54483118e-07, -0.824918747], [-0.193165064, 0, 0.981166363]]], [[[0.155314952, -1.44748967e-07, 0.378239542], [-0.101331741, -1.54483118e-07, 0.341132164], [-0.00605971366, -1.54483118e-07, -0.268012643], [0.480688035, 0, 0.876891732]], [[0.428382576, 2.24949996e-08, 0.526625037], [-0.0632242709, -1.54483118e-07, 0.502712727], [0.033865802, -1.54483118e-07, 0.375898957], [0.904243946, 0, 0.427016288]], [[0.730070829, -8.23877713e-08, 0.582024157], [0.0634036213, -1.54483118e-07, 0.539840639], [0.536606431, -1.54483118e-07, 0.606895983], [0.99428755, 0, -0.106734425]]], [[0, 0, 0], [0.0369699299, -1.54483118e-07, -0.640676916], [0.0618050396, -1.54483118e-07, -0.321347177], [0, 0, 1]], 1, 5050]
          - [[[ [-0.68191576, -6.36870539e-08, -0.986792803], [-0.556890607, 9.73414949e-09, 0.537670553], [-0.222480029, 9.73414949e-09, 0.382875979], [0.899624407, 0, 0.436664581]], [[-0.285486519, -7.38184909e-08, -0.728871405], [-0.697320282, 9.73414949e-09, -1.23744261], [-0.600309491, 9.73414949e-09, -1.04299855], [0.641019821, 0, 0.767524421]], [[-0.0456208251, -1.44748967e-07, -0.406333178], [-0.386005193, 9.73414949e-09, -0.950366378], [-0.254284918, 9.73414949e-09, -0.658410907], [0.480688065, 0, 0.876891732]]], [[[-0.168123588, -1.67243968e-07, 0.261378407], [0.251468033, 9.73414949e-09, 0.00410033204], [0.105372682, 9.73414949e-09, -0.0604316033], [-0.587662399, 0, 0.80910635]], [[-0.406041831, -6.23611953e-08, 0.454975426], [0.158276007, 9.73414949e-09, 0.097525999], [-0.224438891, 9.73414949e-09, 0.383789182], [-0.923188388, 0, 0.384347677]], [[-0.870441437, -4.97527957e-08, 0.517681539], [-0.556890607, 9.73414949e-09, 0.537670553], [-0.222480029, 9.73414949e-09, 0.382875979], [-0.9804582, 0, 0.196727708]]], [[0, 0, 0], [0.207214296, 9.73414949e-09, -0.155906156], [-0.169137582, 9.73414949e-09, -0.644264102], [0, 0, 1]], 1, 5400]
          - [[[ [-0.676891625, 9.34254842e-08, -0.732247591], [-0.401877463, 1.76978133e-07, 0.765099168], [-0.202124625, 1.76978133e-07, 0.405411959], [0.96969837, 0, 0.244305611]], [[-0.293271184, 2.24950014e-08, -0.612239838], [-0.88838619, 1.76978133e-07, -0.852389455], [-0.610239208, 1.76978133e-07, -0.693573534], [0.904244006, 0, 0.427016288]], [[-0.0175723881, 1.67243982e-07, -0.310282826], [0.0584658384, 1.76978133e-07, -0.558199525], [-0.533032417, 1.76978133e-07, -0.732165158], [0.587662458, 0, 0.80910635]]], [[[-0.0787314698, 1.0488278e-07, 0.296456158], [0.167802095, 1.76978133e-07, -0.324386775], [0.0263711624, 1.76978133e-07, 0.132137716], [-0.521090925, 0, 0.85350126]], [[-0.417630136, 1.17491183e-07, 0.620102286], [-0.152187318, 1.76978133e-07, 0.452013493], [0.0274194069, 1.76978133e-07, 0.130247697], [-0.677685499, 0, 0.735352099]], [[-0.771502733, 1.12956307e-07, 0.955166161], [-0.401877463, 1.76978133e-07, 0.765099168], [-0.202124625, 1.76978133e-07, 0.405411959], [-0.734680533, -0, 0.678413332]]], [[0, 0, 0], [0.188301608, 1.76978133e-07, -0.454743505], [0.0321719348, 1.76978133e-07, -0.421101958], [0, 0, 1]], 1, 5750]
          - [[[ [-0.656623125, -8.23877784e-08, -0.663778424], [-0.0964771882, 7.20953537e-08, 0.663594067], [-0.356850743, 7.20953537e-08, 1.21230984], [0.99428761, 0, -0.106734425]], [[-0.263966799, 6.23612024e-08, -0.549721837], [-0.328255236, 7.20953537e-08, -0.800941885], [-0.923751533, 7.20953537e-08, -0.641197324], [0.923188448, 0, 0.384347677]], [[-0.0872832015, -1.0488278e-07, -0.294051945], [-0.16353026, 7.20953537e-08, -0.780298293], [-0.279256821, 7.20953537e-08, -0.670227468], [0.521090925, 0, 0.85350126]]], [[[-0.120601341, 1.26084032e-08, 0.452829331], [0.0183648393, 7.20953537e-08, 0.171045512], [0.00399017707, 7.20953537e-08, -0.197173387], [-0.195220098, 0, 0.980759561]], [[-0.248033285, 8.07352762e-09, 0.923206568], [-0.0315998942, 7.20953537e-08, 0.568375766], [-0.0485403016, 7.20953537e-08, 0.157292947], [-0.273535669, -0, 0.961861849]], [[-0.334357113, 3.92778716e-08, 1.43953061], [-0.0964771882, 7.20953537e-08, 0.663594067], [-0.356850743, 7.20953537e-08, 1.21230984], [-0.287473351, -0, 0.957788646]]], [[0, 0, 0], [-0.113098919, 7.20953537e-08, -0.658356607], [0.00408037007, 7.20953537e-08, -0.195014015], [0, 0, 1]], 1, 6100]
          - [[[ [-0.336325169, 4.97527992e-08, -0.955273807], [-0.0042835027, 5.94869505e-08, 0.989121675], [-0.129177839, 5.94869505e-08, 0.942185342], [0.98045826, 0, 0.196727708]], [[-0.113129139, -1.17491183e-07, -0.739015341], [-0.282834232, 5.94869505e-08, -1.20102108], [-0.374846101, 5.94869505e-08, -1.07047594], [0.677685499, 0, 0.735352099]], [[0.0298795421, -1.26084032e-08, -0.467660487], [-0.209567726, 5.94869505e-08, -1.0912708], [-0.00418924913, 5.94869505e-08, -0.659718931], [0.195220098, 0, 0.980759561]]], [[[-0.0331529938, -4.53487559e-09, 0.486204207], [0.109846011, 5.94869505e-08, 0.0959483832], [0.0129799228, 5.94869505e-08, -0.303917885], [-0.0804979503, -0, 0.996754885]], [[-0.0170190893, 2.66694684e-08, 1.00944614], [0.0648055151, 5.94869505e-08, 0.201999992], [-0.0834379867, 5.94869505e-08, 0.790988326], [-0.0949626267, -0, 0.995480895]], [[-0.0741800219, 3.66316257e-08, 1.50107539], [-0.0042835027, 5.94869505e-08, 0.989121675], [-0.129177839, 5.94869505e-08, 0.942185342], [-0.00971806049, 0, 0.999952972]]], [[0, 0, 0], [0.0812825561, 5.94869505e-08, -0.303491175], [-0.00469926, 5.94869505e-08, -0.66181916], [0, 0, 1]], 1, 6450]
          - [[[ [-0.17834425, -1.12956307e-07, -1.21480548], [0.0913644135, 6.40218261e-08, 1.21171439], [-0.0122262519, 6.40218261e-08, 0.655621111], [0.734680533, 0, 0.678413332]], [[-0.0139561649, -8.07352762e-09, -0.955843091], [-0.302825689, 6.40218261e-08, -1.55815458], [-0.0633746982, 6.40218261e-08, -1.14453578], [0.273535669, 0, 0.961861849]], [[-0.00609303266, 4.53487559e-09, -0.487295091], [0.0504953191, 6.40218261e-08, -0.796344399], [-0.0640521124, 6.40218261e-08, -1.14658809], [0.0804979503, 0, 0.996754885]]], [[[0.0582014434, 3.1204344e-08, 0.520245075], [0.0747627467, 6.40218261e-08, -0.291167378], [-0.0255873073, 6.40218261e-08, 0.307842851], [-0.0145202782, 0, 0.999894559]], [[0.0408011526, 4.11665013e-08, 1.01488018], [0.0692596287, 6.40218261e-08, 0.498961419], [-0.0590076707, 6.40218261e-08, 0.462231159], [0.0708076358, 0, 0.997490168]], [[0.0196059495, 3.83300005e-08, 1.47374916], [0.0913644135, 6.40218261e-08, 1.21171439], [-0.0122262519, 6.40218261e-08, 0.655621111], [0.106059559, 0, 0.99435991]]], [[0, 0, 0], [0.111120142, 6.40218261e-08, -0.400500447], [-0.0176199991, 6.40218261e-08, -0.791271567], [0, 0, 1]], 1, 6800]
          - [[[ [-0.0935832039, -3.92778681e-08, -1.47488475], [0.0441796668, 3.28174785e-08, 0.79922384], [0.00142617896, 3.28174785e-08, 1.15993714], [0.287473321, 0, 0.957788646]], [[-0.0789174587, -2.66694666e-08, -1.00650036], [-0.0268225539, 3.28174785e-08, -1.31633878], [-0.146443546, 3.28174785e-08, -1.6648823], [0.0949626118, 0, 0.995480895]], [[-0.0657494068, -3.12043404e-08, -0.519345105], [0.0395436361, 3.28174785e-08, -0.921416879], [-0.0948570222, 3.28174785e-08, -1.31027734], [0.0145202763, 0, 0.999894559]]], [[[-0.0102162119, 9.96215643e-09, 0.494835645], [0.0107479757, 3.28174785e-08, -0.0214419533], [-0.118039131, 3.28174785e-08, -0.0563058853], [0.0852839947, 0, 0.996356785]], [[-0.0247462783, 7.12565784e-09, 0.953963876], [0.0431998, 3.28174785e-08, 0.690914869], [-0.0684545636, 3.28174785e-08, 0.136384442], [0.120486751, 0, 0.992715061]], [[0.0367639475, 2.96926039e-08, 1.37214434], [0.0441796668, 3.28174785e-08, 0.79922384], [0.00142617896, 3.28174785e-08, 1.15993714], [0.290044755, 0, 0.957013011]]], [[0, 0, 0], [0.00477763079, 3.28174785e-08, -0.811567307], [-0.0868640542, 3.28174785e-08, -0.211163178], [0, 0, 1]], 1, 7150]
          - [[[ [0.0595889837, -3.66316257e-08, -1.5017252], [0.00924490392, 2.28553247e-08, 0.817038655], [-0.0669247508, 2.28553247e-08, 1.03002012], [0.00971805304, 0, 0.999952853]], [[0.0311625153, -4.11665013e-08, -1.01522183], [0.170362234, 2.28553247e-08, -1.40684891], [0.0696148053, 2.28553247e-08, -1.8057549], [-0.0708076283, -0, 0.997490048]], [[0.0523805544, -9.96215732e-09, -0.492161542], [0.126354486, 2.28553247e-08, -1.30036461], [-0.0161581896, 2.28553247e-08, -0.709963441], [-0.0852839947, -0, 0.996356666]]], [[[-0.0536334179, -2.83649904e-09, 0.456216305], [0.0364989862, 2.28553247e-08, 0.199920371], [-0.0274560247, 2.28553247e-08, -0.362112045], [0.0353850797, 0, 0.999373853]], [[-0.0280113965, 1.97304484e-08, 0.878119111], [0.0282382555, 2.28553247e-08, 0.30791837], [-0.0451225452, 2.28553247e-08, 0.663671315], [0.207370177, 0, 0.978262544]], [[-0.140395403, 2.79461378e-08, 1.12975109], [0.00924490392, 2.28553247e-08, 0.817038655], [-0.0669247508, 2.28553247e-08, 1.03002012], [0.680045485, 0, 0.733169973]]], [[0, 0, 0], [0.0649180263, 2.28553247e-08, -0.512608707], [-0.0604265407, 2.28553247e-08, -0.558329105], [0, 0, 1]], 1, 7500]
          - [[[ [0.136809781, -3.8329997e-08, -1.46751618], [-0.0604867004, 2.5691822e-08, 0.823642433], [-0.017018389, 2.5691822e-08, 0.678028107], [-0.106059536, -0, 0.994359791]], [[0.139505982, -7.12565784e-09, -0.944032609], [0.242031917, 2.5691822e-08, -1.74911201], [0.0787171051, 2.5691822e-08, -1.1641233], [-0.120486729, -0, 0.992714942]], [[0.0697430745, 2.83649881e-09, -0.454032749], [0.152759135, 2.5691822e-08, -0.964023292], [0.0291109011, 2.5691822e-08, -1.0141505], [-0.0353850722, 0, 0.999373853]]], [[[0.010676913, 2.25669456e-08, 0.422545224], [0.0870679319, 2.5691822e-08, -0.145308033], [0.00116473064, 2.5691822e-08, 0.207626283], [0.172624379, 0, 0.984987736]], [[-0.110540733, 3.07826333e-08, 0.670042992], [0.0500712134, 2.5691822e-08, 0.3628214], [-0.0335870832, 2.5691822e-08, 0.572974086], [0.653676271, 0, 0.756774306]], [[-0.294403017, 2.98089837e-08, 0.669745803], [-0.0604867004, 2.5691822e-08, 0.823642433], [-0.017018389, 2.5691822e-08, 0.678028107], [0.860766172, 0, 0.509000361]]], [[0, 0, 0], [0.0991450027, 2.5691822e-08, -0.252946079], [0.0551176071, 2.5691822e-08, -0.816889584], [0, 0, 1]], 1, 7850]
          - [[[ [0.362799793, -2.96926057e-08, -1.32382345], [-0.202754855, 3.12487591e-09, 0.324880004], [-0.406542361, 3.12487591e-09, 0.0894529894], [-0.290044785, -0, 0.95701313]], [[0.209498227, -1.97304484e-08, -0.85322243], [0.379304886, 3.12487591e-09, -1.34122634], [0.266166002, 3.12487591e-09, -1.41194558], [-0.207370222, 0, 0.978262782]], [[0.0624249913, -2.25669474e-08, -0.418044984], [0.203746304, 3.12487591e-09, -0.650078952], [0.257730275, 3.12487591e-09, -1.2131567], [-0.172624439, 0, 0.984987974]]], [[[-0.162122071, 8.21568857e-09, 0.222857133], [0.0491126999, 3.12487591e-09, -0.0520268306], [-0.0695672035, 3.12487591e-09, 0.140529588], [0.513225496, 0, 0.858253956]], [[-0.343172878, 7.2420403e-09, 0.190825328], [-0.139334485, 3.12487591e-09, 0.38279134], [-0.0713821352, 3.12487591e-09, 0.246866703], [0.759978414, 0, 0.649948478]], [[-0.547450125, -1.32840627e-10, -0.114089489], [-0.202754855, 3.12487591e-09, 0.324880004], [-0.406542361, 3.12487591e-09, 0.0894529894], [0.884908438, 0, 0.465765357]]], [[0, 0, 0], [0.173269555, 3.12487591e-09, -0.546141565], [0.027730871, 3.12487591e-09, -0.213334575], [0, 0, 1]], 1, 8200]
          - [[[ [0.87121582, -2.79461378e-08, -0.732824326], [-0.241377845, -5.09081266e-09, -0.177144796], [-0.290909499, -5.09081266e-09, -0.529434562], [-0.680045605, 0, 0.733170033]], [[0.521645665, -3.07826369e-08, -0.43481344], [0.762020886, -5.09081266e-09, -0.561427772], [1.09733856, -5.09081266e-09, -1.01698542], [-0.653676391, 0, 0.756774366]], [[0.253517807, -8.21568857e-09, -0.108062811], [0.682520866, -5.09081266e-09, -0.487864524], [0.386806667, -5.09081266e-09, -0.276925832], [-0.513225436, 0, 0.858253837]]], [[[-0.138948008, -9.73648273e-10, -0.120411314], [-0.0625247508, -5.09081266e-09, 0.148959279], [0.06555558, -5.09081266e-09, 0.0671763346], [0.31868422, 0, 0.947860956]], [[-0.157779694, -8.34852898e-09, -0.486945868], [-0.0872339532, -5.09081266e-09, 0.0667077005], [-0.141308218, -5.09081266e-09, -0.239937335], [0.520433366, 0, 0.85390234]], [[-0.161445647, -2.26105676e-08, -0.965466619], [-0.241377845, -5.09081266e-09, -0.177144796], [-0.290909499, -5.09081266e-09, -0.529434562], [0.315240383, 0, 0.949011922]]], [[0, 0, 0], [0.322370499, -5.09081266e-09, -0.127509177], [0.121688165, -5.09081266e-09, -0.0231564417], [0, 0, 1]], 1, 8550]
          - [[[ [0.726345956, -2.98089873e-08, -0.0874887109], [0.32760641, -4.11716439e-09, -1.10698164], [0.0215148479, -4.11716439e-09, -0.554457724], [-0.86076647, 0, 0.50900054]], [[0.368067771, -7.2420403e-09, 0.136777341], [0.895739853, -4.11716439e-09, -0.0865054131], [0.548221111, -4.11716439e-09, 0.0191957206], [-0.759978414, 0, 0.649948478]], [[0.0933302045, 9.73648273e-10, 0.158413738], [0.43952778, -4.11716439e-09, 0.140287176], [0.216053247, -4.11716439e-09, 0.175244749], [-0.31868425, 0, 0.947861075]]], [[[0.0989589766, -7.37488115e-09, -0.353425205], [-0.0106141642, -4.11716439e-09, 0.193843275], [0.0358539, -4.11716439e-09, -0.114046201], [0.221173242, 0, 0.975234628]], [[0.247981161, -2.1636918e-08, -0.808164597], [-0.0790092051, -4.11716439e-09, -0.0864182338], [-0.0136891305, -4.11716439e-09, -0.436124921], [-0.00363105536, 0, 0.999993563]], [[0.525554121, -4.00340667e-08, -1.26320612], [0.32760641, -4.11716439e-09, -1.10698164], [0.0215148479, -4.11716439e-09, -0.554457724], [-0.0221648514, 0, 0.999754369]]], [[0, 0, 0], [-0.013405554, -4.11716439e-09, 0.279680789], [0.134059727, -4.11716439e-09, 0.242979079], [0, 0, 1]], 1, 8900]
          - [[[ [0.154024512, 1.32840627e-10, 0.53758204], [0.555445194, 3.25771654e-09, -0.79886055], [0.670557082, 3.25771654e-09, -0.809824109], [-0.884908319, 0, 0.465765297]], [[-0.118694425, 8.34852898e-09, 0.49791798], [0.222938478, 3.25771654e-09, 0.556809962], [-0.00273324549, 3.25771654e-09, 0.541475236], [-0.520433366, 0, 0.85390234]], [[-0.174676389, 7.37488115e-09, 0.322785318], [-0.249607816, 3.25771654e-09, 0.592574716], [-0.0976771787, 3.25771654e-09, 0.589397311], [-0.221173212, 0, 0.975234509]]], [[[0.245907754, -1.42620378e-08, -0.410517842], [-0.232615471, 3.25771654e-09, 0.221032575], [-0.091567345, 3.25771654e-09, -0.105566397], [-0.224712893, 0, 0.974425077]], [[0.617249429, -3.26591838e-08, -0.792898297], [0.389651269, 3.25771654e-09, -0.68432349], [-0.0310631525, 3.25771654e-09, -0.213182405], [-0.242734805, 0, 0.970092654]], [[1.14178562, -5.83022839e-08, -1.07388151], [0.555445194, 3.25771654e-09, -0.79886055], [0.670557082, 3.25771654e-09, -0.809824109], [-0.279329866, 0, 0.960195303]]], [[0, 0, 0], [-0.227900594, 3.25771654e-09, 0.509480417], [-0.114486456, 3.25771654e-09, 0.219493479], [0, 0, 1]], 1, 9250]
          - [[[ [-0.151140243, 2.26105659e-08, 0.967133462], [0.45477882, 1.75197528e-08, -0.73908031], [0.679371953, 1.75197528e-08, -0.926276565], [-0.315240353, 0, 0.949011922]], [[-0.245045036, 2.16369163e-08, 0.80905968], [-0.257434875, 1.75197528e-08, 1.08878732], [-0.110103875, 1.75197528e-08, 1.05155039], [0.00363105536, 0, 0.999993384]], [[-0.147369996, 1.42620369e-08, 0.455277503], [-0.254955232, 1.75197528e-08, 1.00294018], [-0.20960544, 1.75197528e-08, 0.694884002], [0.224712878, 0, 0.974425077]]], [[[0.275918782, -1.83971451e-08, -0.456046343], [0.0785396397, 1.75197528e-08, -0.299104095], [-0.225543573, 1.75197528e-08, 0.254527509], [-0.0185345113, 0, 0.999828219]], [[0.723899364, -4.40402452e-08, -0.847713411], [0.214355424, 1.75197528e-08, -0.447967887], [0.324059606, 1.75197528e-08, -0.48451829], [-0.0564177334, 0, 0.998407364]], [[1.09416318, 6.66188127e-09, -1.25571012], [0.45477882, 1.75197528e-08, -0.73908031], [0.679371953, 1.75197528e-08, -0.926276565], [-0.355958372, 0, 0.934501886]]], [[0, 0, 0], [-0.324367464, 1.75197528e-08, 0.722928882], [-0.260317653, 1.75197528e-08, 0.37298733], [0, 0, 1]], 1, 9600]
          - [[[ [-0.497426271, 4.00340667e-08, 1.2745446], [1.06005657, 3.59169015e-08, -1.02507532], [0.504800081, 3.59169015e-08, -0.584028482], [0.0221648514, 0, 0.999754369]], [[-0.406325221, 3.26591838e-08, 0.919012845], [-0.503741264, 3.59169015e-08, 1.46857548], [-0.464108974, 3.59169015e-08, 1.15973175], [0.242734835, 0, 0.970092773]], [[-0.267418861, 1.83971469e-08, 0.461082071], [-0.57833147, 3.59169015e-08, 1.18989885], [-0.520778656, 3.59169015e-08, 0.838830233], [0.0185345411, 0, 0.999828398]]], [[[0.440644205, -2.56431001e-08, -0.39990294], [-0.0614030845, 3.59169015e-08, 0.00921807997], [0.0476048514, 3.59169015e-08, -0.0293593109], [-0.0379030108, 0, 0.999281645]], [[0.803282559, 2.50590286e-08, -0.814692199], [0.173583448, 3.59169015e-08, -0.28630048], [0.39466846, 3.59169015e-08, -0.477627307], [-0.338576674, 0, 0.94093895]], [[1.15122545, 1.29897e-08, -1.16601062], [1.06005657, 3.59169015e-08, -1.02507532], [0.504800081, 3.59169015e-08, -0.584028482], [-0.0294171572, 0, 0.99956727]]], [[0, 0, 0], [-0.194436431, 3.59169015e-08, 0.160573632], [-0.488206148, 3.59169015e-08, 0.719746232], [0, 0, 1]], 1, 9950]
          - [[[ [-0.79636991, 5.83022839e-08, 1.35007071], [0.740513027, 6.15600015e-08, -0.761204123], [0.766435742, 6.15600015e-08, -0.767360449], [0.279329866, 0, 0.960195303]], [[-0.674920321, 4.40402488e-08, 0.887204051], [-0.957985163, 6.15600015e-08, 1.62728155], [-0.913780332, 6.15600015e-08, 1.27428389], [0.0564177334, 0, 0.998407364]], [[-0.425170004, 2.56431001e-08, 0.416317314], [-0.613380492, 6.15600015e-08, 0.584145248], [-0.885744691, 6.15600015e-08, 1.15405083], [0.0379030108, 0, 0.999281466]]], [[[0.346655935, 5.07021269e-08, -0.428236306], [-0.26256299, 6.15600015e-08, 0.123643205], [-0.0488886833, 6.15600015e-08, -0.0759259015], [-0.302668989, 0, 0.953095853]], [[0.681032717, 3.86327983e-08, -0.792490363], [0.59527123, 6.15600015e-08, -0.648200691], [0.0571308583, 6.15600015e-08, -0.186424971], [0.00849062204, 0, 0.999963999]], [[1.11534286, 1.85005575e-08, -1.08899653], [0.740513027, 6.15600015e-08, -0.761204123], [0.766435742, 6.15600015e-08, -0.767360449], [0.700992227, 0, 0.713169098]]], [[0, 0, 0], [-0.48617962, 6.15600015e-08, 0.427856117], [-0.378712207, 6.15600015e-08, 0.385174721], [0, 0, 1]], 1, 10300]
          - [[[ [-0.575516999, -6.66188171e-09, 1.56293988], [0.373526186, 1.08578728e-08, -0.664582014], [0.547299206, 1.08578728e-08, -0.955742478], [0.355958402, 0, 0.934501886]], [[-0.480003923, -2.50590286e-08, 1.03854823], [-0.608590186, 1.08578728e-08, 1.2554698], [-0.695686698, 1.08578728e-08, 1.88108063], [0.338576674, 0, 0.94093883]], [[-0.200782478, -5.07021269e-08, 0.513072133], [-0.534659386, 1.08578728e-08, 1.0680114], [-0.445151061, 1.08578728e-08, 0.994804978], [0.302668989, 0, 0.953095853]]], [[[0.208444685, -1.20693286e-08, -0.44837445], [0.170377761, 1.08578728e-08, -0.284895271], [-0.202756375, 1.08578728e-08, 0.318099588], [0.310750395, 0, 0.950491548]], [[0.532640636, -3.22015694e-08, -0.862425327], [0.274604499, 1.08578728e-08, -0.436558545], [0.297448009, 1.08578728e-08, -0.450272143], [0.883966804, 0, 0.46754986]], [[0.723986566, -1.53416337e-07, -1.10254574], [0.373526186, 1.08578728e-08, -0.664582014], [0.547299206, 1.08578728e-08, -0.955742478], [0.92668426, 0, -0.375840992]]], [[0, 0, 0], [-0.41360724, 1.08578728e-08, 0.71038568], [-0.270358503, 1.08578728e-08, 0.455504596], [0, 0, 1]], 1, 10650]
          - [[[ [-1.11642635, -1.29896991e-08, 1.1993717], [0.926340938, 2.29271997e-08, -0.508875906], [0.593135774, 2.29271997e-08, -0.405592352], [0.0294171572, 0, 0.99956727]], [[-0.687736869, -3.86327947e-08, 0.786679387], [-1.1775316, 2.29271997e-08, 1.21039212], [-1.06970572, 2.29271997e-08, 1.16862464], [-0.00849062204, 0, 0.999964058]], [[-0.337457418, 1.20693278e-08, 0.361401856], [-0.951340199, 2.29271997e-08, 0.908088803], [-0.73597908, 2.29271997e-08, 0.710341096], [-0.310750425, 0, 0.950491667]]], [[[0.436811924, -2.01322408e-08, -0.292807907], [0.0592125431, 2.29271997e-08, 0.0317901], [0.0851865932, 2.29271997e-08, 0.025854094], [0.694911659, 0, 0.71909529]], [[0.693302155, -1.41347002e-07, -0.461579442], [0.224095121, 2.29271997e-08, -0.154204279], [0.479743093, 2.29271997e-08, -0.376949847], [0.99759829, 0, -0.0692662001]], [[0.928589106, -1.40323223e-07, -0.509501159], [0.926340938, 2.29271997e-08, -0.508875906], [0.593135774, 2.29271997e-08, -0.405592352], [0.665224075, 0, -0.746643841]]], [[0, 0, 0], [-0.0869835168, 2.29271997e-08, 0.143556252], [-0.629025221, 2.29271997e-08, 0.600746214], [0, 0, 1]], 1, 11000]
          - [[[ [1.55880594, 1.85005575e-08, -0.00520798564], [-0.611061156, -4.3059444e-08, 0.174788475], [-0.472637802, -4.3059444e-08, 0.180116743], [0.700992227, 0, 0.713169098]], [[1.01139128, -3.22015694e-08, -0.0676097423], [1.83273053, -4.3059444e-08, -0.101084054], [1.54044831, -4.3059444e-08, -0.0936265886], [0.883966804, 0, 0.46754986]], [[0.51758498, -2.01322425e-08, -0.0929889679], [0.679893315, -4.3059444e-08, -0.0502042174], [1.38737953, -4.3059444e-08, -0.0981122255], [0.694911599, 0, 0.71909517]]], [[[-0.301722169, 1.21214768e-07, 0.0568752214], [0.249280915, -4.3059444e-08, -0.048150219], [-0.0893428177, -4.3059444e-08, -0.0306727085], [-0.765502036, 0, 0.64343369]], [[-0.504217267, 1.2019099e-07, 0.185918599], [-0.502166152, -4.3059444e-08, 0.184805945], [-0.190786958, -4.3059444e-08, 0.0275285002], [-0.99721086, 0, -0.0746359825]], [[-0.499499798, 4.95832779e-08, 0.211334601], [-0.611061156, -4.3059444e-08, 0.174788475], [-0.472637802, -4.3059444e-08, 0.180116743], [-0.957678378, 0, -0.287840366]]], [[0, 0, 0], [0.497096807, -4.3059444e-08, -0.0289813727], [0.474294037, -4.3059444e-08, -0.0152002573], [0, 0, 1]], 1, 11350]
          - [[[ [0.749607861, -1.53416337e-07, -1.08528876], [-0.076057598, -1.64274212e-07, 0.321005166], [-0.0990120247, -1.64274212e-07, 0.276120394], [0.92668426, 0, -0.375840992]], [[0.412448406, -1.41347016e-07, -0.723608851], [0.549634874, -1.64274212e-07, -0.820327044], [0.96818161, -1.64274212e-07, -1.39273477], [0.997598231, 0, -0.0692662001]], [[0.150600091, -1.21214768e-07, -0.267564327], [0.448263586, -1.64274212e-07, -0.666740477], [0.444140971, -1.64274212e-07, -0.640417695], [0.765502036, 0, 0.64343369]]], [[[-0.031509202, -1.0237784e-09, 0.238041267], [-0.0310411714, -1.64274212e-07, 0.235755175], [0.0489144772, -1.64274212e-07, -0.103803799], [-0.698773026, 0, 0.715343595]], [[-0.00901781768, -7.16314901e-08, 0.250783533], [-0.108776249, -1.64274212e-07, 0.31266892], [-0.0156312287, -1.64274212e-07, 0.21013397], [-0.836544812, 0, 0.547898531]], [[0.0273599178, -1.7300664e-08, -0.00436365604], [-0.076057598, -1.64274212e-07, 0.321005166], [-0.0990120247, -1.64274212e-07, 0.276120394], [-0.828845084, 0, 0.559478343]]], [[0, 0, 0], [0.274136722, -1.64274212e-07, -0.489370823], [0.0696339011, -1.64274212e-07, -0.218908086], [0, 0, 1]], 1, 11700]
          - [[[ [-0.354392856, -1.40323237e-07, -0.998135746], [0.00972800329, -1.63250434e-07, 0.0345408544], [-0.146331146, -1.63250434e-07, -0.302934647], [0.665224016, 0, -0.746643782]], [[-0.223032802, -1.2019099e-07, -0.488934696], [-0.289034635, -1.63250434e-07, -0.982481956], [-0.273590058, -1.63250434e-07, -0.960771322], [0.99721086, 0, -0.0746359825]], [[-0.143796891, 1.0237784e-09, -0.192299038], [-0.289654016, -1.63250434e-07, -0.733926594], [-0.246951759, -1.63250434e-07, -0.397551775], [0.698773026, 0, 0.715343595]]], [[[0.0249930043, -7.06077117e-08, -0.0066012782], [-0.00312470272, -1.63250434e-07, 0.107376531], [-0.00814265944, -1.63250434e-07, -0.0310584009], [-0.215560287, 0, 0.976490498]], [[-0.127274349, -1.62768856e-08, -0.214538917], [0.0261055175, -1.63250434e-07, 0.0904769003], [-0.0216790531, -1.63250434e-07, 0.074408792], [-0.201960593, 0, 0.979393661]], [[-0.252966523, -1.44577996e-07, -0.514950693], [0.00972800329, -1.63250434e-07, 0.0345408544], [-0.146331146, -1.63250434e-07, -0.302934647], [-0.113152117, 0, 0.9935776]]], [[0, 0, 0], [-0.00126265211, -1.63250434e-07, -0.00196237932], [-0.181341514, -1.63250434e-07, -0.30073452], [0, 0, 1]], 1, 12050]
          - [[[ [-0.34616676, -4.95832744e-08, -0.417529523], [-0.412826926, -9.26427148e-08, -0.572543919], [-0.240587234, -9.26427148e-08, -0.310066789], [0.957678437, 0, -0.287840426]], [[-0.204850793, 7.1631483e-08, -0.144947723], [-0.464032292, -9.26427148e-08, -0.64240092], [-0.349824905, -9.26427148e-08, -0.323139012], [0.836544871, 0, 0.547898591]], [[-0.0229824595, 7.06077046e-08, 0.0118335858], [-0.0246384367, -9.26427148e-08, 0.0101895174], [-0.264887154, -9.26427148e-08, -0.24274081], [0.215560257, 0, 0.976490617]]], [[[-0.193510726, 5.43308225e-08, -0.170226365], [0.0220125541, -9.26427148e-08, 0.0945561081], [-0.0281122699, -9.26427148e-08, 0.0891662166], [0.0139057338, 0, 0.99990344]], [[-0.38100481, -7.3970277e-08, -0.436481416], [-0.00603752024, -9.26427148e-08, 0.0434654318], [-0.231174111, -9.26427148e-08, -0.252436072], [0.103683859, 0, 0.99461031]], [[-0.528646171, -4.24293987e-08, -0.831526935], [-0.412826926, -9.26427148e-08, -0.572543919], [-0.240587234, -9.26427148e-08, -0.310066789], [0.385674834, 0, 0.9226349]]], [[0, 0, 0], [-0.00288759172, -9.26427148e-08, 0.117359325], [-0.0376286469, -9.26427148e-08, -0.0167394169], [0, 0, 1]], 1, 12400]
          - [[[ [-0.0116904844, 1.7300664e-08, 0.0251185], [-0.419077337, -1.46973548e-07, -0.752597272], [-0.233852163, -1.46973548e-07, -0.405648679], [0.828845084, 0, 0.559478343]], [[0.167980105, 1.62768856e-08, 0.184413671], [0.166347161, -1.46973548e-07, 0.182746723], [-0.0703611448, -1.46973548e-07, -0.073499985], [0.201960593, 0, 0.979393661]], [[0.191124901, -5.43308261e-08, 0.172900811], [0.186605617, -1.46973548e-07, 0.290208608], [0.153732672, -1.46973548e-07, 0.155639768], [-0.0139057636, 0, 0.999903262]]], [[[-0.183773488, -1.2830111e-07, -0.268836558], [0.184483543, -1.46973548e-07, 0.216278076], [-0.0365165584, -1.46973548e-07, -0.0827254802], [0.0898430645, 0, 0.995955884]], [[-0.32590723, -9.67602318e-08, -0.665896893], [-0.213700488, -1.46973548e-07, -0.405328393], [-0.0451273769, -1.46973548e-07, -0.140481532], [0.372807652, 0, 0.927908778]], [[-0.533872068, -6.19937737e-08, -1.01093102], [-0.419077337, -1.46973548e-07, -0.752597272], [-0.233852163, -1.46973548e-07, -0.405648679], [0.556382954, 0, 0.830926001]]], [[0, 0, 0], [0.211820468, -1.46973548e-07, 0.267753899], [0.161775425, -1.46973548e-07, 0.26166749], [0, 0, 1]], 1, 12750]
          - [[[ [0.309609681, 1.44577996e-07, 0.483019829], [-0.21484077, -1.86724396e-08, -0.565921545], [-0.394768775, -1.86724396e-08, -1.03286958], [0.113152087, 0, 0.993577719]], [[0.333695233, 7.39702841e-08, 0.473632962], [0.318654925, -1.86724396e-08, 0.590060413], [0.298004985, -1.86724396e-08, 0.453082323], [-0.103683949, 0, 0.99461031]], [[0.158877194, 1.2830111e-07, 0.284260124], [0.345785201, -1.86724396e-08, 0.569961846], [0.296489388, -1.86724396e-08, 0.559403837], [-0.0898430943, 0, 0.995956063]]], [[[-0.105885826, 3.15408784e-08, -0.408224344], [-0.0175431259, -1.86724396e-08, -0.138628617], [0.12655361, -1.86724396e-08, 0.140292346], [0.287933826, 0, 0.957650423]], [[-0.282010734, 6.63073365e-08, -0.770547271], [-0.190889716, -1.86724396e-08, -0.502944767], [-0.0375845321, -1.86724396e-08, -0.140758067], [0.479479969, 0, 0.877552867]], [[-0.534444511, 3.13171498e-08, -1.18195856], [-0.21484077, -1.86724396e-08, -0.565921545], [-0.394768775, -1.86724396e-08, -1.03286958], [0.426841706, 0, 0.904326439]]], [[0, 0, 0], [0.323183566, -1.86724396e-08, 0.516238153], [0.129940614, -1.86724396e-08, 0.198588431], [0, 0, 1]], 1, 13100]
          - [[[ [0.16704841, 4.24294022e-08, 0.971081197], [-0.13335453, -5.02133197e-08, -0.740332365], [-0.0947825387, -5.02133197e-08, -0.906451344], [-0.385674864, 0, 0.92263478]], [[0.0541606918, 9.67602318e-08, 0.739392161], [0.150890052, -5.02133197e-08, 1.06681168], [0.106721886, -5.02133197e-08, 1.04250681], [-0.372807652, 0, 0.927908778]], [[-0.016139999, -3.15408784e-08, 0.42142427], [0.14471446, -5.02133197e-08, 1.00885546], [0.0511173531, -5.02133197e-08, 0.649016917], [-0.287933826, 0, 0.957650304]]], [[[-0.0643410459, 3.47664546e-08, -0.397691041], [-0.0541307926, -5.02133197e-08, -0.115184575], [-0.0116038322, -5.02133197e-08, 0.275805414], [0.206497014, 0, 0.978447318]], [[-0.187625095, -2.23732144e-10, -0.864363313], [-0.0589343831, -5.02133197e-08, -0.182390615], [-0.0967923924, -5.02133197e-08, -0.681370854], [0.148378968, 0, 0.988930643]], [[-0.201980218, -4.75589239e-08, -1.38582993], [-0.13335453, -5.02133197e-08, -0.740332365], [-0.0947825387, -5.02133197e-08, -0.906451344], [0.156106263, 0, 0.987740278]]], [[0, 0, 0], [0.00697569177, -5.02133197e-08, 0.283615291], [0.0646591932, -5.02133197e-08, 0.592214346], [0, 0, 1]], 1, 13450]
          - [[[ [-0.118856564, 6.19937737e-08, 1.13704622], [0.0473469049, -8.49797743e-08, -1.19859314], [0.063287288, -8.49797743e-08, -0.645185053], [-0.556382954, 0, 0.830926001]], [[-0.121982664, -6.63073365e-08, 0.81141448], [-0.0858978331, -8.49797743e-08, 1.41940069], [-0.103172079, -8.49797743e-08, 1.0479902], [-0.479479909, 0, 0.877552748]], [[-0.0191676822, -3.47664546e-08, 0.402405888], [-0.0709080398, -8.49797743e-08, 0.68134892], [-0.078192547, -8.49797743e-08, 0.995208323], [-0.206497014, 0, 0.978447318]]], [[[-0.0242605209, -3.49901867e-08, -0.482071966], [-0.0391687565, -8.49797743e-08, 0.211776555], [0.0268270969, -8.49797743e-08, -0.2842668], [-0.0590302199, 0, 0.998256207]], [[0.0693750456, -8.23253785e-08, -0.995263815], [0.00322834169, -8.49797743e-08, -0.349507511], [0.0752720833, -8.49797743e-08, -0.50408119], [-0.051223658, 0, 0.998687208]], [[0.083545506, -7.77436497e-08, -1.44889939], [0.0473469049, -8.49797743e-08, -1.19859314], [0.063287288, -8.49797743e-08, -0.645185053], [-0.207182691, 0, 0.97830224]]], [[0, 0, 0], [-0.0483465381, -8.49797743e-08, 0.278526038], [-0.0874744058, -8.49797743e-08, 0.669870734], [0, 0, 1]], 1, 13800]
          - [[[ [-0.0211969465, -3.13171498e-08, 1.29699945], [0.00318386778, -4.99895876e-08, -0.83404237], [0.0591263324, -4.99895876e-08, -1.17035758], [-0.426841706, 0, 0.904326439]], [[0.0572948866, 2.23732144e-10, 0.882634938], [0.0221108198, -4.99895876e-08, 1.16414583], [0.0333661996, -4.99895876e-08, 1.47788799], [-0.148378983, 0, 0.988930762]], [[0.0526750349, 3.49901867e-08, 0.479799271], [0.0208542533, -4.99895876e-08, 0.76069355], [0.00489578024, -4.99895876e-08, 1.15366554], [0.0590302274, 0, 0.998256326]]], [[[0.0631784648, -4.73351918e-08, -0.517824352], [0.0352662429, -4.99895876e-08, 0.130710632], [0.0980598405, -4.99895876e-08, -0.0278462861], [0.00781839155, 0, 0.999969482]], [[0.0505460016, -4.2753463e-08, -0.971505463], [0.0291861538, -4.99895876e-08, -0.719498873], [0.0777665451, -4.99895876e-08, -0.167996705], [-0.149072021, 0, 0.988826394]], [[-0.00421175733, -4.91929093e-08, -1.49539471], [0.00318386778, -4.99895876e-08, -0.83404237], [0.0591263324, -4.99895876e-08, -1.17035758], [-0.29529494, 0, 0.955406249]]], [[0, 0, 0], [0.0260757972, -4.99895876e-08, 0.693518698], [0.0626750216, -4.99895876e-08, 0.194444522], [0, 0, 1]], 1, 14150]
          - [[[ [-0.0168327373, 4.75589239e-08, 1.40037036], [-0.0358609408, -2.65439581e-09, -0.767241836], [0.00965019874, -2.65439581e-09, -0.989828646], [-0.156106293, 0, 0.987740397]], [[-0.0183029212, 8.23253785e-08, 0.99751091], [-0.052318871, -2.65439581e-09, 1.27814782], [-0.0713492632, -2.65439581e-09, 1.67098308], [0.0512236618, 0, 0.998687327]], [[-0.0672250837, 4.73351918e-08, 0.517314494], [-0.0465722866, -2.65439581e-09, 1.21101582], [-0.00607222505, -2.65439581e-09, 0.71224314], [-0.00781839155, 0, 0.999969482]]], [[[-0.00908502564, 4.58172789e-09, -0.453765959], [-0.0324145034, -2.65439581e-09, -0.201934129], [0.0118525475, -2.65439581e-09, 0.349930972], [-0.156798497, 0, 0.987630606]], [[-0.0597451329, -1.85771909e-09, -0.978067398], [-0.0575204492, -2.65439581e-09, -0.316677421], [0.00104974769, -2.65439581e-09, -0.652544856], [-0.302755654, 0, 0.953068316]], [[-0.00422755629, -1.57738818e-08, -1.48604941], [-0.0358609408, -2.65439581e-09, -0.767241836], [0.00965019874, -2.65439581e-09, -0.989828646], [-0.274568647, 0, 0.961567521]]], [[0, 0, 0], [-0.0329818726, -2.65439581e-09, 0.648296893], [0.0310494639, -2.65439581e-09, 0.490235746], [0, 0, 1]], 1, 14500]
          - [[[ [0.218454152, 7.77436497e-08, 1.43477082], [-0.224662364, -7.2361237e-09, -1.25341344], [-0.116079167, -7.2361237e-09, -0.683366656], [0.20718272, 0, 0.97830236]], [[0.0948430449, 4.2753463e-08, 0.968185067], [0.224011704, -7.2361237e-09, 1.65006733], [0.18580398, -7.2361237e-09, 1.15111387], [0.149072021, 0, 0.988826394]], [[0.0801224634, -4.58172789e-09, 0.446728617], [0.149200529, -7.2361237e-09, 1.09217799], [0.18765609, -7.2361237e-09, 0.926032007], [0.156798482, 0, 0.987630606]]], [[[-0.132243127, -6.4394472e-09, -0.509872615], [-0.0263410266, -7.2361237e-09, 0.14298746], [-0.0211588237, -7.2361237e-09, -0.197909266], [-0.149571106, 0, 0.988751054]], [[-0.157063097, -2.03556105e-08, -1.02027631], [-0.0755972564, -7.2361237e-09, -0.305399954], [-0.0655503422, -7.2361237e-09, -0.532369554], [-0.120400056, 0, 0.992725492]], [[-0.238073543, -2.96065465e-08, -1.48074663], [-0.224662364, -7.2361237e-09, -1.25341344], [-0.116079167, -7.2361237e-09, -0.683366656], [-0.394110858, 0, 0.919062972]]], [[0, 0, 0], [0.0164459497, -7.2361237e-09, 0.252374887], [0.146697044, -7.2361237e-09, 0.790472746], [0, 0, 1]], 1, 14850]
          - [[[ [0.445606381, 4.91929093e-08, 1.42746544], [-0.265081137, -7.96676669e-10, -0.820703089], [-0.303344846, -7.96676669e-10, -1.03810585], [0.29529494, 0, 0.955406129]], [[0.35305655, 1.85771909e-09, 0.914076686], [0.517898142, -7.96676669e-10, 1.54193318], [0.531070471, -7.96676669e-10, 1.37190437], [0.302755624, 0, 0.953068197]], [[0.20701772, 6.4394472e-09, 0.484357297], [0.261026651, -7.96676669e-10, 0.731433332], [0.470296443, -7.96676669e-10, 1.24399626], [0.149571061, 0, 0.988750935]]], [[[-0.100882404, -1.39161633e-08, -0.5009498], [0.0865918696, -7.96676669e-10, 0.193700001], [0.0625776798, -7.96676669e-10, -0.032219138], [0.0294373631, 0, 0.999566555]], [[-0.249854594, -2.31671002e-08, -0.944123507], [-0.202591807, -7.96676669e-10, -0.721353412], [-0.00996755064, -7.96676669e-10, -0.17396003], [-0.252212226, 0, 0.96767199]], [[-0.450796783, 3.21492521e-08, -1.39887857], [-0.265081137, -7.96676669e-10, -0.820703089], [-0.303344846, -7.96676669e-10, -1.03810585], [-0.274500191, 0, 0.961587012]]], [[0, 0, 0], [0.20235981, -7.96676669e-10, 0.629676163], [0.156495422, -7.96676669e-10, 0.291839123], [0, 0, 1]], 1, 15200]
          - [[[ [0.412087649, 1.57738818e-08, 1.4277761], [-0.230348185, 1.31194868e-08, -0.638553202], [-0.265955657, 1.31194868e-08, -0.978008747], [0.274568617, 0, 0.961567521]], [[0.278761864, 2.03556105e-08, 0.99394393], [0.325474113, 1.31194868e-08, 1.24250281], [0.519564748, 1.31194868e-08, 1.76100397], [0.120400041, 0, 0.992725492]], [[0.0860920474, 1.39161633e-08, 0.503702462], [0.2698282, 1.31194868e-08, 1.13906276], [0.23392868, 1.31194868e-08, 0.800021887], [-0.0294373631, 0, 0.999566674]]], [[[-0.135861784, -9.25093691e-09, -0.447367013], [-0.0951772407, 1.31194868e-08, -0.223302186], [0.0812497362, 1.31194868e-08, 0.329524398], [-0.280588627, 0, 0.959828198]], [[-0.323330104, 4.60654164e-08, -0.907840192], [-0.154714897, 1.31194868e-08, -0.324448347], [-0.186562285, 1.31194868e-08, -0.542883277], [-0.302687794, 0, 0.953089774]], [[-0.423217148, -1.56864139e-08, -1.33683646], [-0.230348185, 1.31194868e-08, -0.638553202], [-0.265955657, 1.31194868e-08, -0.978008747], [-0.116259128, 0, 0.993218899]]], [[0, 0, 0], [0.166944385, 1.31194868e-08, 0.699867547], [0.149591058, 1.31194868e-08, 0.473339379], [0, 0, 1]], 1, 15550]
          - [[[ [1.72095883, 7.10411214e-08, -1.69194818], [2.2847259, -2.77475962e-08, -1.77490211], [2.15716481, -2.77475962e-08, -1.91987574], [-0.337307841, 0, 0.941394329]], [[0.625467181, -1.72353509e-08, -0.699313879], [1.53625834, -2.77475962e-08, -1.38455606], [1.65801466, -2.77475962e-08, -1.65057325], [0.182262897, 0, 0.983249784]], [[0.115981355, 3.910354e-08, -0.207268447], [0.419442058, -2.77475962e-08, -0.144657969], [0.365808517, -2.77475962e-08, -0.396255821], [0.47418794, 0, 0.880423546]]], [[[-0.262577742, 0.0281031802, 0.195146471], [0.283122957, -2.77475962e-08, -0.0424361601], [-0.128469124, -2.77475962e-08, 0.166626707], [-0.467721701, 0, 0.883875728]], [[-0.47073701, 0.0219591763, 0.331850588], [-0.0553747565, -2.77475962e-08, 0.161081061], [-0.177440673, -2.77475962e-08, 0.221464455], [-0.752394795, 0, 0.658712447]], [[-0.630658388, 0.0219592247, 0.509482324], [-0.648103118, -2.77475962e-08, 0.471372098], [-0.280978471, -2.77475962e-08, 0.251461804], [-0.814920902, 0, 0.57957232]]], [[0, 0, 0], [0.307114691, -2.77475962e-08, 0.0590831339], [-0.064079918, -2.77475962e-08, 0.141518921], [0, 0, 1]], 2, 2600]
          - [[[ [-0.0580741651, -6.87726009e-09, -0.165928349], [-0.0123541951, -1.17476806e-10, 2.66488934], [-0.0342592299, -1.17476806e-10, 2.85674691], [-0.000114373863, 0, 1]], [[-0.0586298332, 4.59041083e-10, -0.163878143], [0.0832764506, -1.17476806e-10, -0.252248228], [-0.242581815, -1.17476806e-10, -0.237494394], [0.00588683784, 0, 0.999982655]], [[-0.0506559946, -7.72996422e-09, -0.141726762], [0.0811285377, -1.17476806e-10, -0.252032489], [-0.242559925, -1.17476806e-10, -0.238647342], [0.0180232003, 0, 0.999837577]]], [[[-0.0438221954, -4.47709159e-09, 0.411192238], [0.053942237, -1.17476806e-10, -0.138311654], [-0.251773417, -1.17476806e-10, -0.158745989], [-0.0653183609, 0, 0.997864544]], [[-0.12043228, -8.01118638e-09, 1.13280571], [0.105346397, -1.17476806e-10, 0.45939067], [-0.211525723, -1.17476806e-10, -0.0651027858], [-0.119120888, -0, 0.992879748]], [[-0.150886208, -0.0153459795, 2.14561367], [0.105897635, -1.17476806e-10, 0.706819177], [-0.251246125, -1.17476806e-10, 1.3556478], [-0.230576903, -0, 0.973054171]]], [[0, 0, 0], [0.0813340321, -1.17476806e-10, -0.28654924], [-0.229481533, -1.17476806e-10, -0.211989164], [0, 0, 1]], 13, 2600]
          - [[[ [-0.0523386747, 4.93613284e-09, -0.572875142], [0.179892361, 4.35961489e-09, 1.92159975], [-0.121331602, 4.35961489e-09, 1.33793879], [0.0711914897, 0, 0.997462749]], [[-0.0429349765, -3.25287264e-09, -0.551291883], [0.0813631564, 4.35961489e-09, -0.669969976], [-0.24075976, 4.35961489e-09, -0.635470629], [0.083292447, 0, 0.996525228]], [[0.0168702099, 4.47709159e-09, -0.413176566], [0.0793136358, 4.35961489e-09, -0.704426467], [-0.225968033, 4.35961489e-09, -0.609723687], [0.0653183609, 0, 0.997864544]]], [[[-0.0293118805, -3.53409479e-09, 0.725076556], [0.151998267, 4.35961489e-09, 0.0383520573], [-0.198456213, 4.35961489e-09, -0.464323819], [-0.0540132336, -0, 0.998540223]], [[0.00645416975, -0.0153459748, 1.73771071], [0.168709964, 4.35961489e-09, 0.285216153], [-0.145290703, 4.35961489e-09, 0.955987334], [-0.166526198, -0, 0.986037135]], [[-0.0137352571, 1.79156845e-09, 2.7924521], [0.179892361, 4.35961489e-09, 1.92159975], [-0.121331602, 4.35961489e-09, 1.33793879], [-0.0893549398, -0, 0.995999873]]], [[0, 0, 0], [0.0616629608, 4.35961489e-09, -0.554716289], [-0.244734555, 4.35961489e-09, -0.555138171], [0, 0, 1]], 13, 2950]
          - [[[ [0.0825439915, -2.81222129e-10, -1.27376938], [-0.28434211, -7.8937088e-09, 1.63669586], [-0.00962375011, -7.8937088e-09, 2.31005049], [-0.136996418, 0, 0.990571618]], [[0.0153660569, -8.01118549e-09, -1.13908601], [-0.0312548578, -7.8937088e-09, -1.43328345], [0.268465936, -7.8937088e-09, -1.32222962], [-0.119120896, 0, 0.992879868]], [[0.00989463832, -3.53409457e-09, -0.725601375], [-0.0217162892, -7.8937088e-09, -1.28283846], [0.284256727, -7.8937088e-09, -1.26671016], [-0.0540132374, 0, 0.998540342]]], [[[-0.09040948, 0.0153459711, 1.00922406], [-0.173974499, -7.8937088e-09, -0.449914128], [0.10333728, -7.8937088e-09, 0.236838087], [0.113024056, 0, 0.993592381]], [[-0.127219528, -5.32566302e-09, 2.06351638], [-0.273526967, -7.8937088e-09, 1.18347681], [0.0587827265, -7.8937088e-09, 0.616937876], [0.0354273282, 0, 0.999372303]], [[-0.199855655, 0.0232937094, 3.1936872], [-0.28434211, -7.8937088e-09, 1.63669586], [-0.00962375011, -7.8937088e-09, 2.31005049], [0.0846657306, 0, 0.996409535]]], [[0, 0, 0], [-0.143953279, -7.8937088e-09, -0.695515156], [0.233140767, -7.8937088e-09, -1.17852807], [0, 0, 1]], 13, 3300]
          - [[[ [-0.0414486825, -4.69766359e-09, -3.20429993], [-0.206846192, -4.72578088e-10, -2.46658707], [-0.208566636, -4.72578088e-10, -2.65968323], [-0.10878934, 0, 0.994064867]], [[-0.0710489899, -1.594474e-09, -1.89858592], [-0.0391722657, -4.72578088e-10, -3.4980545], [-0.210684031, -4.72578088e-10, -3.23477292], [-0.0741071403, 0, 0.997250378]], [[-0.00806957483, -5.05338393e-09, -0.738122582], [0.0332173184, -4.72578088e-10, -1.8963964], [-0.109076194, -4.72578088e-10, -2.05907393], [-0.0674457923, 0, 0.997722924]]], [[[0.0567942113, -2.79733614e-09, 0.235213131], [0.0299352594, -4.72578088e-10, 0.286395401], [-0.0635759011, -4.72578088e-10, 0.299485207], [-0.0770107135, 0, 0.997030318]], [[0.0548669398, -5.63541658e-09, 0.29737252], [0.0279614646, -4.72578088e-10, 0.270321935], [-0.0375922956, -4.72578088e-10, 0.272592247], [-0.14629662, 0, 0.989240825]], [[0.0251755305, -7.72765762e-09, 0.283458889], [0.024265876, -4.72578088e-10, 0.274780303], [-0.0430437028, -4.72578088e-10, 0.257139206], [-0.292585164, 0, 0.956239522]]], [[0, 0, 0], [-0.00568194548, -4.72578088e-10, -0.666621625], [-0.132683575, -4.72578088e-10, -0.565343201], [0, 0, 1]], 15, 2600]
          - [[[ [-0.291788906, 1.20286225e-09, -2.11761665], [-0.0406965986, 2.32475816e-09, 0.0542524979], [-0.109484427, 2.32475816e-09, 0.0105151683], [0.00291190296, 0, 0.999995887]], [[-0.13962844, -2.25604779e-09, -0.965449989], [-0.187663645, 2.32475816e-09, -2.12346363], [-0.342062473, 2.32475816e-09, -2.27469993], [0.0095898658, 0, 0.999954045]], [[-0.0747394785, 2.79733614e-09, -0.23014085], [-0.131741554, 2.32475816e-09, -0.894345164], [-0.250566512, 2.32475816e-09, -0.783587098], [0.0770107135, 0, 0.997030318]]], [[[0.00286539388, -2.83808044e-09, 0.0621232055], [-0.0260433648, 2.32475816e-09, 0.0372249745], [-0.0912276134, 2.32475816e-09, 0.0445368886], [-0.0696800277, 0, 0.997569442]], [[-0.0278093424, -4.93032104e-09, 0.0505374335], [-0.0293846373, 2.32475816e-09, 0.0419547111], [-0.0978528783, 2.32475816e-09, 0.0295495167], [-0.218075573, 0, 0.975931942]], [[-0.0436337329, -2.64484878e-10, 0.0431328304], [-0.0406965986, 2.32475816e-09, 0.0542524979], [-0.109484427, 2.32475816e-09, 0.0105151683], [-0.222172424, 0, 0.975007534]]], [[0, 0, 0], [-0.0228376053, 2.32475816e-09, 0.053098686], [-0.115063012, 2.32475816e-09, 0.0733509883], [0, 0, 1]], 15, 2950]
          - [[[ [-0.00636015413, 2.40286346e-10, -0.00655489555], [0.248855442, -3.77661902e-10, 1.96531439], [0.235187396, -3.77661902e-10, 1.77269459], [0.000207744539, 0, 1]], [[-0.00453744223, -3.62779973e-10, -0.0083713457], [-0.0253534839, -3.77661902e-10, -0.0304555502], [0.0526758209, -3.77661902e-10, -0.0250996966], [-0.000990793109, 0, 0.999999642]], [[-0.00122346717, 3.03211345e-10, -0.00526324334], [-0.0248242971, -3.77661902e-10, -0.0306102186], [0.0527964421, -3.77661902e-10, -0.0253067594], [-0.0163523704, 0, 0.999866366]]], [[[0.0137862712, 6.30577812e-10, 0.0168402735], [-0.0234573241, -3.77661902e-10, -0.0312214699], [0.0538089983, -3.77661902e-10, -0.0236177649], [0.00958985463, 0, 0.999954104]], [[0.060691379, -1.2833723e-09, 0.105554126], [-0.0207488742, -3.77661902e-10, -0.0265054256], [0.0555374585, -3.77661902e-10, -0.026190713], [-0.00324729085, 0, 0.999994695]], [[0.112713113, 1.00472608e-09, 0.421331942], [-0.0150942691, -3.77661902e-10, -0.0178530347], [0.0709890872, -3.77661902e-10, 0.0255853031], [0.111066371, 0, 0.993812978]]], [[0, 0, 0], [-0.0247309972, -3.77661902e-10, -0.0344901308], [0.0529029593, -3.77661902e-10, -0.0225182846], [0, 0, 1]], 16, 2600]
          - [[[ [-0.0180810951, -9.9335784e-10, -0.0253861807], [-0.00453224778, -1.00823971e-09, 0.0112061026], [0.191967666, -1.00823971e-09, 0.65704298], [-0.010580603, 0, 0.99994415]], [[-0.0147970794, -3.27366467e-10, -0.0222464427], [-0.038153749, -1.00823971e-09, -0.0478185788], [0.0394125618, -1.00823971e-09, -0.0417709947], [-0.025940191, 0, 0.999663591]], [[-0.0136241419, -6.30577812e-10, -0.0169717073], [-0.0380232446, -1.00823971e-09, -0.0516974144], [0.0394923314, -1.00823971e-09, -0.0389816239], [-0.00958985463, 0, 0.999954104]]], [[[0.0460521989, -1.91395011e-09, 0.0891595855], [-0.0341178775, -1.00823971e-09, -0.04367489], [0.0421619266, -1.00823971e-09, -0.0426286235], [-0.012836948, 0, 0.999917567]], [[0.0950432792, 3.74148268e-10, 0.405421764], [-0.0285465103, -1.00823971e-09, -0.0349686705], [0.0571163185, -1.00823971e-09, 0.00929319486], [0.101530731, 0, 0.994832397]], [[0.0346327275, -1.37779477e-09, 1.14415205], [-0.00453224778, -1.00823971e-09, 0.0112061026], [0.191967666, -1.00823971e-09, 0.65704298], [0.0186199322, 0, 0.999826729]]], [[0, 0, 0], [-0.0367809758, -1.00823971e-09, -0.0484166928], [0.0404088758, -1.00823971e-09, -0.0400723666], [0, 0, 1]], 16, 2950]
          - [[[ [-0.0622743778, 1.58658375e-09, -0.110615738], [-0.0452627912, 9.05710451e-10, 0.90396142], [0.15957424, 9.05710451e-10, 0.804459572], [-0.0131054223, 0, 0.999914229]], [[-0.0610338226, 1.2833723e-09, -0.105356492], [-0.0858766884, 9.05710451e-10, -0.139766127], [-0.0082042655, 9.05710451e-10, -0.128046453], [0.00324729085, 0, 0.999994814]], [[-0.0471929386, 1.91395011e-09, -0.0885610729], [-0.0845924169, 9.05710451e-10, -0.136501625], [-0.00730180088, 9.05710451e-10, -0.129148856], [0.012836948, 0, 0.999917686]]], [[[0.0530468933, 2.28809838e-09, 0.31560725], [-0.0761859939, 9.05710451e-10, -0.123160414], [0.0100379717, 9.05710451e-10, -0.080001846], [0.114292979, 0, 0.993447125]], [[0.00212434679, 5.36155342e-10, 1.05505216], [-0.0515809581, 9.05710451e-10, -0.0772977099], [0.15319334, 9.05710451e-10, 0.565963507], [0.031453114, 0, 0.999505341]], [[0.105959311, 2.19219154e-09, 2.17878461], [-0.0452627912, 9.05710451e-10, 0.90396142], [0.15957424, 9.05710451e-10, 0.804459572], [0.137701154, 0, 0.990473807]]], [[0, 0, 0], [-0.0818686634, 9.05710451e-10, -0.131794408], [-0.00558170443, 9.05710451e-10, -0.131727412], [0, 0, 1]], 16, 3300]
          - [[[ [0.0652199537, 1.00472597e-09, -0.431243807], [0.317773938, 1.38238787e-09, 1.70193362], [0.106018916, 1.38238787e-09, 1.65703821], [0.111066371, 0, 0.993813097]], [[0.0533893593, 3.7414824e-10, -0.412976533], [0.0850644857, 1.38238787e-09, -0.464877427], [0.00912073441, 1.38238787e-09, -0.448739082], [0.101530738, 0, 0.994832516]], [[0.0166275874, 2.28809816e-09, -0.319601983], [0.0828965902, 1.38238787e-09, -0.45988974], [0.00711719878, 1.38238787e-09, -0.451104134], [0.114292979, 0, 0.993447125]]], [[[0.135102198, 1.75194292e-09, 0.728779256], [0.0590359569, 1.38238787e-09, -0.402288496], [-0.0708762184, 1.38238787e-09, 0.260161757], [0.0829894245, 0, 0.9965505]], [[0.16038239, 9.59069421e-11, 1.85701549], [0.164910212, 1.38238787e-09, 0.573262632], [-0.0499569029, 1.38238787e-09, 0.497824192], [-0.0235945992, 0, 0.999721646]], [[0.26315707, -2.36689268e-09, 3.19563651], [0.317773938, 1.38238787e-09, 1.70193362], [0.106018916, 1.38238787e-09, 1.65703821], [0.0313443318, 0, 0.999508679]]], [[0, 0, 0], [0.0782379657, 1.38238787e-09, -0.450662851], [-0.00248825271, 1.38238787e-09, -0.397932291], [0, 0, 1]], 16, 3650]
          - [[[ [-0.00363313267, -2.71030451e-08, 0.00737228384], [2.29203224, 8.80916673e-09, 1.23280656], [2.09917903, 8.80916673e-09, 1.22297215], [0.00383403897, 0, 0.999992728]], [[-0.00353236403, 1.99160066e-09, 0.00539609604], [-0.0147003382, 8.80916673e-09, -0.0440285318], [0.081832476, 8.80916673e-09, -0.0506981201], [-0.00585532561, 0, 0.999982893]], [[0.000702676713, 9.07863118e-10, 0.00257769041], [-0.0159360413, 8.80916673e-09, -0.0468788147], [0.0820543468, 8.80916673e-09, -0.0480453968], [-0.00280622393, 0, 0.999996066]]], [[[-0.0013248208, -5.95212128e-08, 0.000166160578], [-0.0188498702, 8.80916673e-09, -0.043448858], [0.0793737695, 8.80916673e-09, -0.0486092865], [0.0104647689, 0, 0.999945223]], [[-0.00264986139, -1.47341144e-08, 0.000331951829], [-0.0175244547, 8.80916673e-09, -0.0444881395], [0.0803094506, 8.80916673e-09, -0.0505497046], [0.0127188377, 0, 0.999919176]], [[-0.0103779668, 1.01012505e-08, 0.0277527198], [-0.0190651733, 8.80916673e-09, -0.0446526445], [0.0799422115, 8.80916673e-09, -0.0513347499], [0.00720199198, 0, 0.999974132]]], [[0, 0, 0], [-0.0184265412, 8.80916673e-09, -0.047888387], [0.0827983841, 8.80916673e-09, -0.0487133749], [0, 0, 1]], 17, 2600]
          - [[[ [-0.0022621525, 6.15128144e-08, 0.00520654861], [-0.0122612873, 6.83303796e-08, -0.0415562131], [0.0888384581, 6.83303796e-08, -0.0374642536], [-0.016319599, 0, 0.999866903]], [[0.00200215075, 6.04290733e-08, 0.00243261526], [-0.014118108, 6.83303796e-08, -0.0471953079], [0.0838791281, 6.83303796e-08, -0.0473363772], [-0.0132707991, 0, 0.999912083]], [[0.00132648728, 5.95212128e-08, -0.000152287539], [-0.0165979043, 6.83303796e-08, -0.0482308865], [0.0846301168, 6.83303796e-08, -0.0479965322], [-0.0104647689, 0, 0.999945343]]], [[[-0.00132670323, 4.47871003e-08, 0.000151915941], [-0.0157314502, 6.83303796e-08, -0.0448213816], [0.0821605399, 6.83303796e-08, -0.0498588085], [0.00225421786, 0, 0.999997616]], [[-0.00934133772, 6.9622466e-08, 0.0274903122], [-0.0172703657, 6.83303796e-08, -0.0450020023], [0.0818015411, 6.83303796e-08, -0.0506476536], [-0.00326290354, 0, 0.999994755]], [[-0.069128938, 2.59806683e-08, 0.193769887], [-0.0122612873, 6.83303796e-08, -0.0415562131], [0.0888384581, 6.83303796e-08, -0.0374642536], [-0.0593859293, 0, 0.998235106]]], [[0, 0, 0], [-0.017067669, 6.83303796e-08, -0.0437960289], [0.0812046081, 6.83303796e-08, -0.0479282886], [0, 0, 1]], 17, 2950]
          - [[[ [0.00332370424, 1.56419766e-08, 0.00228819763], [-0.127399057, 2.35432811e-08, 0.198484302], [0.0825756416, 2.35432811e-08, -0.00908957236], [-0.015524786, 0, 0.999879539]], [[0.00265386933, 1.47341144e-08, -0.000298221858], [-0.0151620973, 2.35432811e-08, -0.0484171025], [0.0860651359, 2.35432811e-08, -0.0479545593], [-0.0127188377, 0, 0.999919176]], [[0.00132704224, -4.47871003e-08, -0.000148924883], [-0.0156418569, 2.35432811e-08, -0.0439833179], [0.0826394781, 2.35432811e-08, -0.0478940383], [-0.00225421786, 0, 0.999997497]]], [[[-0.00807624124, 2.4835364e-08, 0.0273202602], [-0.0158418342, 2.35432811e-08, -0.045189742], [0.083242543, 2.35432811e-08, -0.050612051], [-0.00551709905, 0, 0.99998486]], [[-0.0682385191, -1.88064302e-08, 0.193464637], [-0.010840537, 2.35432811e-08, -0.0417326689], [0.0902497247, 2.35432811e-08, -0.0374128222], [-0.0616360158, 0, 0.998098731]], [[-0.0575054735, 2.66924758e-08, 0.676517248], [-0.127399057, 2.35432811e-08, 0.198484302], [0.0825756416, 2.35432811e-08, -0.00908957236], [0.00358008593, 0, 0.999993682]]], [[0, 0, 0], [-0.0143033313, 2.35432811e-08, -0.0450056531], [0.0835997686, 2.35432811e-08, -0.0498223975], [0, 0, 1]], 17, 3300]
          - [[[ [0.0105775734, -1.01012505e-08, -0.0276772603], [-0.276461929, -1.29208355e-09, 0.597006619], [-0.0252067558, -1.29208355e-09, 0.341740221], [-0.00720199198, 0, 0.999974132]], [[0.00925158989, -6.9622466e-08, -0.0275206435], [-0.00795889087, -1.29208355e-09, -0.0712607503], [0.0902993754, -1.29208355e-09, -0.0757136419], [0.00326290354, 0, 0.999994636]], [[0.00792538933, -2.4835364e-08, -0.0273644011], [-0.00662602391, -1.29208355e-09, -0.0722904578], [0.0912490115, -1.29208355e-09, -0.0776472688], [0.00551709905, 0, 0.99998486]]], [[[-0.0592447296, -4.36417942e-08, 0.166473746], [-0.00314522535, -1.29208355e-09, -0.0690366253], [0.0979673266, -1.29208355e-09, -0.0652745664], [-0.0561284646, 0, 0.998423576]], [[-0.0458467938, 1.85711158e-09, 0.649459779], [-0.118376672, -1.29208355e-09, 0.171819746], [0.0904496238, -1.29208355e-09, -0.0369094126], [0.00909709558, 0, 0.999958634]], [[0.0690563247, -1.31613609e-10, 1.42271674], [-0.276461929, -1.29208355e-09, 0.597006619], [-0.0252067558, -1.29208355e-09, 0.341740221], [0.5695225, 0, 0.821975827]]], [[0, 0, 0], [-0.00816551875, -1.29208355e-09, -0.0724660531], [0.0908874273, -1.29208355e-09, -0.0784349367], [0, 0, 1]], 17, 3650]
          - [[[ [0.0574997328, -2.59806683e-08, -0.197533175], [-0.0612835549, 4.23497113e-08, 1.03220677], [0.161123082, 4.23497113e-08, 1.32108998], [0.0593859293, 0, 0.998235106]], [[0.0561843924, 1.88064302e-08, -0.197302744], [0.0391342863, 4.23497113e-08, -0.241341218], [0.13655436, 4.23497113e-08, -0.252183169], [0.0616360232, 0, 0.99809885]], [[0.0498074181, 4.36417942e-08, -0.169536635], [0.0375873633, 4.23497113e-08, -0.241430134], [0.136149153, 4.23497113e-08, -0.252949297], [0.0561284721, 0, 0.998423696]]], [[[0.0404860824, 4.54989078e-08, 0.481472671], [-0.0587386638, 4.23497113e-08, 0.00865655392], [0.138042778, 4.23497113e-08, -0.211464673], [0.0652089044, 0, 0.997871697]], [[0.198609784, 4.35101803e-08, 1.24706125], [-0.192709625, 4.23497113e-08, 0.442046225], [0.0438217521, 4.23497113e-08, 0.173079669], [0.614760995, 0, 0.788713634]], [[0.723243773, 8.68577175e-08, 1.86931586], [-0.0612835549, 4.23497113e-08, 1.03220677], [0.161123082, 4.23497113e-08, 1.32108998], [0.866384268, 0, 0.499378085]]], [[0, 0, 0], [0.0427922308, 4.23497113e-08, -0.238287896], [0.143956557, 4.23497113e-08, -0.240207061], [0, 0, 1]], 17, 4000]
          - [[[ [0.059927091, -2.66924758e-08, -0.676307023], [0.348574072, -3.14919513e-09, 1.78693175], [0.250750005, -3.14919513e-09, 1.3972888], [-0.00358008593, 0, 0.999993682]], [[0.0517530926, -1.85711158e-09, -0.649015844], [0.044247143, -3.14919513e-09, -0.721553206], [0.143350288, -3.14919513e-09, -0.726620734], [-0.00909709558, 0, 0.999958634]], [[-0.00900360942, -4.54989078e-08, -0.483087927], [0.0492360294, -3.14919513e-09, -0.718078256], [0.150310174, -3.14919513e-09, -0.71339649], [-0.065208897, 0, 0.997871578]]], [[[0.107863978, -1.98872518e-09, 0.774270177], [-0.230128407, -3.14919513e-09, -0.0545489788], [0.0234385412, -3.14919513e-09, -0.307519108], [0.562021375, 0, 0.827122748]], [[0.590804756, 4.13588097e-08, 1.42941093], [-0.137465775, -3.14919513e-09, 0.542925596], [0.0656297207, -3.14919513e-09, 0.845696807], [0.831976295, 0, 0.55481112]], [[1.3672905, 7.47223794e-08, 1.70049191], [0.348574072, -3.14919513e-09, 1.78693175], [0.250750005, -3.14919513e-09, 1.3972888], [0.988542795, 0, -0.150941372]]], [[0, 0, 0], [-0.0681817383, -3.14919513e-09, -0.478280097], [0.142534733, -3.14919513e-09, -0.685100913], [0, 0, 1]], 17, 4350]
          - [[[ [0.753506541, 1.31613609e-10, -1.20876777], [0.203453183, -1.16046994e-09, 1.53397846], [0.429585576, -1.16046994e-09, 1.54093027], [-0.5695225, 0, 0.821975827]], [[0.609998226, -4.35101803e-08, -1.10567164], [0.790239215, -1.16046994e-09, -1.26730561], [0.871208668, -1.16046994e-09, -1.20662725], [-0.614760935, 0, 0.788713515]], [[0.345939636, 1.98872518e-09, -0.701038361], [0.558348596, -1.16046994e-09, -1.13495433], [0.848874688, -1.16046994e-09, -1.18759334], [-0.562021375, 0, 0.827122748]]], [[[0.0312481523, 4.33475371e-08, 0.813304961], [-0.0728972256, -1.16046994e-09, -0.329230934], [-0.0750762075, -1.16046994e-09, 0.03534206], [0.376330853, 0, 0.926485419]], [[0.521144092, 7.67111032e-08, 1.47392368], [-0.370040655, -1.16046994e-09, 0.972879767], [-0.231965482, -1.16046994e-09, 0.59561795], [0.902478516, 0, 0.430735081]], [[1.39996004, 1.84547879e-08, 1.79614365], [0.203453183, -1.16046994e-09, 1.53397846], [0.429585576, -1.16046994e-09, 1.54093027], [0.999640226, 0, 0.0268214345]]], [[0, 0, 0], [0.186252862, -1.16046994e-09, -0.875494123], [0.538158417, -1.16046994e-09, -0.942221403], [0, 0, 1]], 17, 4700]
          - [[[ [1.2583735, -8.68577104e-08, -1.56010211], [0.652299523, -4.45080026e-08, 1.73121691], [0.530748248, -4.45080026e-08, 1.42129827], [-0.866384149, 0, 0.499378026]], [[0.86145103, -4.13588062e-08, -1.28458881], [1.22154081, -4.45080026e-08, -1.60666943], [1.51051855, -4.45080026e-08, -1.54610479], [-0.831976235, 0, 0.55481112]], [[0.277120769, -4.33475336e-08, -0.765274763], [0.779156804, -4.45080026e-08, -1.50631452], [1.13030362, -4.45080026e-08, -1.43570352], [-0.376330853, 0, 0.926485419]]], [[[0.205270246, 3.33635661e-08, 0.796416461], [-0.431841105, -4.45080026e-08, -0.00317363441], [-0.16194123, -4.45080026e-08, -0.300739229], [0.674034178, 0, 0.738700211]], [[0.89821893, -2.48927474e-08, 1.4256742], [-0.111666262, -4.45080026e-08, 0.73249954], [0.0952259004, -4.45080026e-08, 0.82404089], [0.916058183, 0, 0.401045084]], [[1.93798256, -4.00329476e-08, 1.76874399], [0.652299523, -4.45080026e-08, 1.73121691], [0.530748248, -4.45080026e-08, 1.42129827], [0.998475194, 0, 0.0552007854]]], [[0, 0, 0], [0.333482295, -4.45080026e-08, -1.09773588], [0.194263458, -4.45080026e-08, -0.760784328], [0, 0, 1]], 17, 5050]
          - [[[ [-1.88738942, 7.47223723e-08, -1.09495068], [-0.42302388, 7.78715687e-08, 1.76859558], [-0.694834709, 7.78715687e-08, 1.78208637], [0.988542736, 0, -0.150941372]], [[-1.1057092, 7.67110961e-08, -1.10519183], [-1.97604918, 7.78715687e-08, -1.31420875], [-2.18784738, 7.78715687e-08, -1.02536321], [0.902478456, 0, 0.430735081]], [[-0.385178745, 3.33635661e-08, -0.726672173], [-1.37143362, 7.78715687e-08, -1.31279135], [-1.04147577, 7.78715687e-08, -1.15772355], [0.674034178, 0, 0.738700211]]], [[[-0.0877402276, 5.82563153e-08, 0.931903899], [0.191038862, 7.78715687e-08, -0.260841489], [0.0999095812, 7.78715687e-08, -0.0537674725], [-0.406374276, 0, 0.91370666]], [[-0.624573231, 7.33965138e-08, 1.88616598], [0.299866796, 7.78715687e-08, 0.991850317], [0.18076098, 7.78715687e-08, 0.680983722], [-0.700366676, 0, 0.713783264]], [[-1.22096574, 9.07706479e-08, 2.72370386], [-0.42302388, 7.78715687e-08, 1.76859558], [-0.694834709, 7.78715687e-08, 1.78208637], [-0.475740254, 0, 0.879585862]]], [[0, 0, 0], [-0.0683167577, 7.78715687e-08, -1.02009225], [-0.468261212, 7.78715687e-08, -1.05798221], [0, 0, 1]], 17, 5400]
          - [[[ [-1.75794864, 1.84547879e-08, -1.4476316], [-0.399258852, 1.9615257e-08, 2.10652828], [-0.481185973, 1.9615257e-08, 1.997033], [0.999640346, 0, 0.0268214643]], [[-0.945774257, -2.48927492e-08, -1.39458072], [-2.0851059, 1.9615257e-08, -1.52933311], [-1.72060561, 1.9615257e-08, -1.52173293], [0.916058302, 0, 0.401045173]], [[-0.298532903, -5.82563189e-08, -0.887142241], [-0.775493741, 1.9615257e-08, -1.79144514], [-1.15632308, 1.9615257e-08, -1.66353822], [0.406374365, 0, 0.913706839]]], [[[-0.102720261, 1.5140202e-08, 1.09007072], [0.378519833, 1.9615257e-08, -0.102740116], [0.143363833, 1.9615257e-08, -0.338379443], [-0.349866569, 0, 0.936799645]], [[-0.307294428, 3.25143361e-08, 2.09769344], [0.0336591303, 1.9615257e-08, 0.900741577], [-0.209213912, 1.9615257e-08, 1.023525], [-0.0772459507, 0, 0.997012138]], [[-0.1076895, 3.53135476e-08, 2.96172905], [-0.399258852, 1.9615257e-08, 2.10652828], [-0.481185973, 1.9615257e-08, 1.997033], [0.386463135, 0, 0.922304869]]], [[0, 0, 0], [-0.22997877, 1.9615257e-08, -1.20310819], [-0.229094625, 1.9615257e-08, -0.976870537], [0, 0, 1]], 17, 5750]
          - [[[ [-1.65906882, -4.00329512e-08, -2.03266382], [0.465866685, 4.47505411e-09, 1.89698744], [0.322593033, 4.47505411e-09, 2.02967262], [0.998475313, 0, 0.0552007854]], [[-0.875197768, -7.33965209e-08, -1.78374386], [-1.63839984, 4.47505411e-09, -2.46402168], [-1.95041013, 4.47505411e-09, -2.2109592], [0.700366735, 0, 0.713783264]], [[-0.285150975, -1.5140202e-08, -1.05711603], [-0.9215222, 4.47505411e-09, -2.10372543], [-0.841540933, 4.47505411e-09, -1.89209557], [0.34986648, 0, 0.936799526]]], [[[0.160888553, 1.73741341e-08, 1.01551414], [0.0615202263, 4.47505411e-09, -0.225078046], [-0.123045295, 4.47505411e-09, -0.0250814371], [0.276457161, 0, 0.961026311]], [[0.650175452, 2.01733421e-08, 1.75510693], [0.0778273046, 4.47505411e-09, 1.05596602], [-0.0372307599, 4.47505411e-09, 0.982054412], [0.684722066, 0, 0.728804231]], [[1.28866112, 9.51914902e-09, 2.0846765], [0.465866685, 4.47505411e-09, 1.89698744], [0.322593033, 4.47505411e-09, 2.02967262], [0.99462682, 0, 0.103525966]]], [[0, 0, 0], [0.0335009694, 4.47505411e-09, -1.2857945], [-0.269235373, 4.47505411e-09, -1.42426801], [0, 0, 1]], 17, 6100]
          - [[[ [-0.221831322, -9.0770655e-08, -2.97659397], [0.48778367, -1.28990809e-08, 1.45102036], [0.904664338, -1.28990809e-08, 1.75477147], [0.475740314, 0, 0.879585862]], [[0.144337833, -3.25143361e-08, -2.11516285], [-0.177888989, -1.28990809e-08, -3.29691124], [-0.159531713, -1.28990809e-08, -3.07141781], [0.0772459507, 0, 0.997012019]], [[0.126127988, -1.73741341e-08, -1.02041435], [0.513790309, -1.28990809e-08, -2.24683523], [0.261134744, -1.28990809e-08, -2.4636054], [-0.276457161, 0, 0.961026311]]], [[[0.265751779, 2.79920798e-09, 0.846035063], [-0.0910072848, -1.28990809e-08, 0.0159124658], [-0.181147695, -1.28990809e-08, -0.0869271159], [0.456552744, 0, 0.88969636]], [[0.788241446, -7.85498599e-09, 1.33927393], [0.0494022965, -1.28990809e-08, 0.931432426], [-0.124969184, -1.28990809e-08, 1.01933718], [0.927241981, 0, 0.374462843]], [[1.49223113, 3.47007401e-09, 1.32481539], [0.48778367, -1.28990809e-08, 1.45102036], [0.904664338, -1.28990809e-08, 1.75477147], [0.953406334, 0, -0.301689059]]], [[0, 0, 0], [0.247474968, -1.28990809e-08, -1.21971273], [0.0148121715, -1.28990809e-08, -1.07853508], [0, 0, 1]], 17, 6450]
          - [[[ [1.24392152, -3.53135441e-08, -2.68999887], [0.973180771, -1.56982871e-08, 1.19832444], [0.505289495, -1.56982871e-08, 1.28763282], [-0.386463165, 0, 0.922304809]], [[0.727909803, -2.01733403e-08, -1.72431898], [1.63273764, -1.56982871e-08, -2.6384728], [1.50691795, -1.56982871e-08, -2.94668317], [-0.684722126, 0, 0.72880429]], [[0.149821296, -2.79920775e-09, -0.874044061], [0.926862001, -1.56982871e-08, -1.84623265], [0.655407786, -1.56982871e-08, -1.82685041], [-0.456552744, 0, 0.889696419]]], [[[0.23966758, -1.06541931e-08, 0.677376926], [-0.231473699, -1.56982871e-08, -0.0227972567], [-0.42674455, -1.56982871e-08, -0.0241984501], [0.654001772, 0, 0.756493211]], [[0.872605681, 6.70865974e-10, 0.985921621], [-0.078666687, -1.56982871e-08, 0.639622569], [0.153552115, -1.56982871e-08, 1.10019696], [0.985979199, 0, 0.166868657]], [[1.58646679, -1.7011077e-08, 0.894613206], [0.973180771, -1.56982871e-08, 1.19832444], [0.505289495, -1.56982871e-08, 1.28763282], [0.907793641, 0, -0.419417024]]], [[0, 0, 0], [0.0615875572, -1.56982871e-08, -0.901436448], [0.0283416659, -1.56982871e-08, -1.03408635], [0, 0, 1]], 17, 6800]
          - [[[ [-1.94006526, 9.51914902e-09, -1.49755502], [-0.467160285, 5.04409492e-09, 1.10580528], [-1.04856372, 5.04409492e-09, 1.45263112], [0.99462682, 0, 0.103525966]], [[-0.946663916, -7.85498599e-09, -1.23239899], [-2.17030287, 5.04409492e-09, -1.45966697], [-1.95227361, 5.04409492e-09, -1.62253571], [0.927241981, 0, 0.374462843]], [[-0.261698812, -1.0654194e-08, -0.669174016], [-0.897830367, 5.04409492e-09, -1.31082606], [-0.959433258, 5.04409492e-09, -1.43291759], [0.654001713, 0, 0.756493092]]], [[[-0.277024567, -1.132506e-08, 0.647354543], [0.216126233, 5.04409492e-09, -0.236752123], [0.341670722, 5.04409492e-09, 0.263540715], [-0.636754036, 0, 0.771067083]], [[-0.87677151, 6.35688524e-09, 1.04514682], [-0.21419704, 5.04409492e-09, 0.873812199], [0.198167235, 5.04409492e-09, 0.635371566], [-0.961039066, 0, 0.276412547]], [[-1.61527884, -5.99628791e-10, 0.94672817], [-0.467160285, 5.04409492e-09, 1.10580528], [-1.04856372, 5.04409492e-09, 1.45263112], [-0.862254858, 0, -0.506474733]]], [[0, 0, 0], [-0.101500005, 5.04409492e-09, -0.837804139], [0.0453046858, 5.04409492e-09, -0.966571569], [0, 0, 1]], 17, 7150]
          - [[[ [-1.71327722, 3.47007401e-09, -1.02302027], [-0.885188103, 1.63691549e-08, 1.33490956], [-0.476548254, 1.63691549e-08, 1.33260894], [0.953406334, 0, -0.301689059]], [[-0.826487601, 6.70866029e-10, -1.02489042], [-1.72556198, 1.63691549e-08, -1.11458778], [-1.85080433, 1.63691549e-08, -1.16950262], [0.98597914, 0, 0.166868657]], [[-0.198601082, 1.132506e-08, -0.675550163], [-0.810339451, 1.63691549e-08, -1.25692272], [-0.779136419, 1.63691549e-08, -1.44968951], [0.636754036, 0, 0.771067083]]], [[[-0.209149241, 1.76819448e-08, 0.68861562], [0.192641988, 1.63691549e-08, 0.134608328], [0.358774453, 1.63691549e-08, -0.311819971], [-0.565018713, 0, 0.825078011]], [[-0.841256261, 1.07254312e-08, 1.08297575], [0.145312995, 1.63691549e-08, 0.474565953], [-0.0821453333, 1.63691549e-08, 1.11220264], [-0.987356067, 0, 0.158518285]], [[-1.51710701, 2.50018388e-08, 1.02036011], [-0.885188103, 1.63691549e-08, 1.33490956], [-0.476548254, 1.63691549e-08, 1.33260894], [-0.929440022, 0, -0.368973345]]], [[0, 0, 0], [-0.182706147, 1.63691549e-08, -0.995721102], [0.232660532, 1.63691549e-08, -0.689902842], [0, 0, 1]], 17, 7500]
          - [[[ [-1.47751534, -1.70110788e-08, -1.06496847], [-0.53153801, -1.31279043e-09, 1.21732116], [-0.8932935, -1.31279043e-09, 1.45230019], [0.907793701, 0, -0.419417024]], [[-0.762076199, -6.35688524e-09, -1.13150322], [-1.59529448, -1.31279043e-09, -1.26553726], [-1.67846656, -1.31279043e-09, -1.4422152], [0.961039186, 0, 0.276412547]], [[-0.216516286, -1.76819448e-08, -0.686334848], [-0.929864228, -1.31279043e-09, -1.40465009], [-0.414361238, -1.31279043e-09, -1.38701618], [0.565018773, 0, 0.82507813]]], [[[-0.298716754, -6.95651403e-09, 0.682530344], [0.171516925, -1.31279043e-09, -0.376885504], [0.344122797, -1.31279043e-09, 0.277732939], [-0.725080013, 0, 0.688664675]], [[-0.891725421, 7.31989269e-09, 1.01273584], [-0.192616671, -1.31279043e-09, 0.915217578], [0.143243253, -1.31279043e-09, 0.682430267], [-0.975337446, 0, 0.220719218]], [[-1.59912229, 2.07731823e-08, 0.836496592], [-0.53153801, -1.31279043e-09, 1.21732116], [-0.8932935, -1.31279043e-09, 1.45230019], [-0.88360399, 0, -0.468235135]]], [[0, 0, 0], [0.0184846073, -1.31279043e-09, -0.684118867], [-0.0966834649, -1.31279043e-09, -1.14632487], [0, 0, 1]], 17, 7850]
          - [[[ [-1.63441873, 5.99628791e-10, -0.913287997], [-0.659615815, 5.64372371e-09, 1.13969505], [-0.500331223, 5.64372371e-09, 1.18235922], [0.862254858, 0, -0.506474733]], [[-0.935928226, -1.07254312e-08, -1.00229084], [-1.94802189, 5.64372371e-09, -0.979734957], [-1.5802269, 5.64372371e-09, -1.34137189], [0.987356067, 0, 0.158518285]], [[-0.289173424, 6.95651403e-09, -0.686627984], [-0.772484601, 5.64372371e-09, -1.17115927], [-1.18693328, 5.64372371e-09, -1.40595818], [0.725079954, 0, 0.688664556]]], [[[-0.168958649, 1.42764067e-08, 0.657379568], [0.24178426, 5.64372371e-09, 0.0833124518], [0.304289669, 5.64372371e-09, -0.320525229], [-0.511641264, 0, 0.859199226]], [[-0.783905506, 2.77296959e-08, 1.04892921], [0.227430388, 5.64372371e-09, 0.537105501], [0.148680747, 5.64372371e-09, 0.961228848], [-0.948014677, 0, 0.318226635]], [[-1.71543121, 6.47424692e-09, 1.08794284], [-0.659615815, 5.64372371e-09, 1.13969505], [-0.500331223, 5.64372371e-09, 1.18235922], [-0.994568467, 0, 0.104082942]]], [[0, 0, 0], [-0.444327891, 5.64372371e-09, -1.07053924], [0.149190336, 5.64372371e-09, -0.744879723], [0, 0, 1]], 17, 8200]
          - [[[ [-1.50813556, -2.50018388e-08, -1.03357422], [-0.869902313, -8.63268301e-09, 1.04013193], [-1.03105581, -8.63268301e-09, 1.25137651], [0.929440022, 0, -0.368973345]], [[-0.790938199, -7.31989269e-09, -1.09326339], [-1.45410502, -8.63268301e-09, -1.26229036], [-1.93033171, -8.63268301e-09, -1.2519803], [0.975337327, 0, 0.220719188]], [[-0.19117339, -1.42764067e-08, -0.651266217], [-1.12067163, -8.63268301e-09, -1.34373617], [-0.44410041, -8.63268301e-09, -1.36759818], [0.511641264, 0, 0.859199226]]], [[[-0.328028858, 1.34532891e-08, 0.651051283], [0.279039979, -8.63268301e-09, -0.30614838], [0.42837742, -8.63268301e-09, 0.0985496417], [-0.651715577, 0, 0.758463502]], [[-1.10843408, -7.80215981e-09, 1.16117871], [-0.174799666, -8.63268301e-09, 0.665445626], [-0.0161137804, -8.63268301e-09, 0.620606065], [-0.801279366, 0, 0.598290324]], [[-1.87129557, -4.61995491e-08, 1.78002965], [-0.869902313, -8.63268301e-09, 1.04013193], [-1.03105581, -8.63268301e-09, 1.25137651], [-0.661259651, 0, 0.750157237]]], [[0, 0, 0], [0.0591935441, -8.63268301e-09, -0.703391016], [-0.0937219039, -8.63268301e-09, -1.08234847], [0, 0, 1]], 17, 8550]
          - [[[ [1.4878968, 2.07731823e-08, -1.02131379], [0.738358796, 2.20859722e-08, 1.83358109], [0.517593205, 2.20859722e-08, 1.7029829], [-0.883603871, -0, -0.468235046]], [[0.744940698, 2.77296959e-08, -1.07695103], [1.90122461, 2.20859722e-08, -0.996395767], [1.4036212, 2.20859722e-08, -1.45542622], [-0.948014677, -0, 0.318226635]], [[0.17550233, 1.34532891e-08, -0.70758009], [0.589017034, 2.20859722e-08, -1.27965391], [0.95197022, 2.20859722e-08, -1.46742177], [-0.651715577, -0, 0.758463502]]], [[[0.259450853, 2.1255449e-08, 0.895515323], [-0.125599772, 2.20859722e-08, -0.0889442712], [-0.216734558, 2.20859722e-08, -0.226371527], [0.217826009, 0, 0.975987554]], [[0.434738636, 5.96528409e-08, 1.86205983], [0.157421321, 2.20859722e-08, 0.648250818], [0.141978979, 2.20859722e-08, 0.913498402], [0.0126521289, 0, 0.999920011]], [[0.342496753, 5.94786655e-08, 2.73782015], [0.738358796, 2.20859722e-08, 1.83358109], [0.517593205, 2.20859722e-08, 1.7029829], [-0.466168523, 0, 0.884696007]]], [[0, 0, 0], [0.163382351, 2.20859722e-08, -1.12163711], [-0.213632643, 2.20859722e-08, -0.912014008], [0, 0, 1]], 17, 8900]
          - [[[ [0.903486609, 6.47424692e-09, -1.81935048], [-0.164512217, 8.30523317e-10, 2.00241065], [-0.240589023, 8.30523317e-10, 1.75992155], [-0.994568646, -0, 0.104082942]], [[0.267263234, -7.80215981e-09, -1.58288741], [0.795460999, 8.30523317e-10, -2.05115008], [1.19059968, 8.30523317e-10, -2.15534878], [-0.801279485, -0, 0.598290384]], [[-0.0581542552, -2.1255449e-08, -0.930526972], [0.345626652, 8.30523317e-10, -1.98964202], [-0.0679966211, 8.30523317e-10, -1.86717606], [-0.217826068, 0, 0.975987673]]], [[[-0.039459914, 3.83973919e-08, 0.981517792], [-0.0457189381, 8.30523317e-10, -0.263551801], [-0.118568309, 8.30523317e-10, -0.00803718343], [-0.20546031, 0, 0.978665531]], [[-0.320250273, 3.82232201e-08, 1.81615615], [0.263073057, 8.30523317e-10, 1.01985931], [0.0760562122, 8.30523317e-10, 0.844308496], [-0.647684574, 0, 0.76190871]], [[-0.939320862, 2.13882263e-08, 2.35451722], [-0.164512217, 8.30523317e-10, 2.00241065], [-0.240589023, 8.30523317e-10, 1.75992155], [-0.919564724, -0, 0.392938554]]], [[0, 0, 0], [-0.161363661, 8.30523317e-10, -1.04469442], [-0.220374852, 8.30523317e-10, -1.19867325], [0, 0, 1]], 17, 9250]
          - [[[ [-0.226704121, -4.61995491e-08, -2.57271433], [-0.211209416, -3.7566867e-08, 1.69477987], [-0.556127429, -3.7566867e-08, 1.66652691], [-0.661259651, -0, 0.750157237]], [[-0.411144793, -5.96528409e-08, -1.86741114], [-0.233584523, -3.7566867e-08, -2.98689175], [-0.613221526, -3.7566867e-08, -2.78205538], [-0.0126521289, 0, 0.999920011]], [[-0.1630449, -3.83973919e-08, -0.968685031], [-0.535609126, -3.7566867e-08, -1.95793748], [-0.624998033, -3.7566867e-08, -2.09650683], [0.20546025, 0, 0.978665411]]], [[[-0.103314757, -1.74171788e-10, 0.874522924], [0.303956211, -3.7566867e-08, -0.0246350467], [0.0848605484, -3.7566867e-08, -0.158016056], [-0.477324545, 0, 0.878727198]], [[-0.598566055, -1.70091639e-08, 1.52859294], [0.0873685777, -3.7566867e-08, 1.02480578], [-0.0369072258, -3.7566867e-08, 0.803120852], [-0.819212973, -0, 0.573489428]], [[-1.38067412, -2.29384067e-08, 1.90402794], [-0.211209416, -3.7566867e-08, 1.69477987], [-0.556127429, -3.7566867e-08, 1.66652691], [-0.99955976, -0, 0.0296708941]]], [[0, 0, 0], [-0.261937857, -3.7566867e-08, -1.21722054], [-0.280734926, -3.7566867e-08, -0.952189684], [0, 0, 1]], 17, 9600]
          - [[[ [-1.57929111, -5.94786655e-08, -2.26247716], [-0.585549533, -3.73926952e-08, 1.83292425], [-0.426162452, -3.73926952e-08, 1.44687271], [0.466168523, 0, 0.884696007]], [[-0.932294786, -3.82232201e-08, -1.59116614], [-1.73187149, -3.73926952e-08, -2.28261518], [-1.8765626, -3.73926952e-08, -2.36171246], [0.647684455, 0, 0.76190865]], [[-0.326645762, 1.74171788e-10, -0.817781687], [-1.13782692, -3.73926952e-08, -1.76235712], [-1.02783847, -3.73926952e-08, -1.52049494], [0.477324545, 0, 0.878727198]]], [[[-0.122987077, -1.68349921e-08, 0.811144471], [0.239292294, -3.73926952e-08, 0.0410398357], [0.024272155, -3.73926952e-08, -0.0944409221], [-0.446124136, -0, 0.894971132]], [[-0.631042361, -2.27642349e-08, 1.51436889], [0.296718776, -3.73926952e-08, 0.77228272], [-0.0198558867, -3.73926952e-08, 0.912093818], [-0.864177644, -0, 0.503187001]], [[-1.33920455, -3.69831703e-08, 1.76110125], [-0.585549533, -3.73926952e-08, 1.83292425], [-0.426162452, -3.73926952e-08, 1.44687271], [-0.987496972, -0, -0.157638416]]], [[0, 0, 0], [-0.0713101029, -3.73926952e-08, -0.984514892], [-0.327501416, -3.73926952e-08, -0.997140765], [0, 0, 1]], 17, 9950]
          - [[[ [1.79603553, 2.13882263e-08, -1.78894687], [0.272788167, 2.05577031e-08, 1.57366931], [0.763959587, 2.05577031e-08, 1.58512723], [-0.919564664, 0, 0.392938524]], [[0.908971786, -1.70091639e-08, -1.36698484], [2.05635309, 2.05577031e-08, -1.85046506], [1.85001636, 2.05577031e-08, -1.68307376], [-0.819212973, 0, 0.573489428]], [[0.251801193, -1.68349921e-08, -0.780818224], [0.754837513, 2.05577031e-08, -1.63011742], [0.989753962, 2.05577031e-08, -1.52712417], [-0.446124136, 0, 0.894971132]]], [[[0.14096944, 5.92924287e-09, 0.856021166], [-0.358287424, 2.05577031e-08, -0.222020999], [-0.137335375, 2.05577031e-08, 0.0443374515], [0.548930109, 0, 0.835868239]], [[0.664680719, 2.01481782e-08, 1.39276791], [-0.0418605655, 2.05577031e-08, 1.1208235], [-0.0122805089, 2.05577031e-08, 0.704212189], [0.954107463, 0, 0.299464345]], [[1.39617729, 2.22875229e-08, 1.52476752], [0.272788167, 2.05577031e-08, 1.57366931], [0.763959587, 2.05577031e-08, 1.58512723], [0.961225331, 0, -0.275764048]]], [[0, 0, 0], [0.0193326771, 2.05577031e-08, -0.850842893], [0.272210717, 2.05577031e-08, -0.876168609], [0, 0, 1]], 17, 10300]
          - [[[ [1.86222363, -2.29384067e-08, -1.43656039], [0.717387617, 1.46284602e-08, 1.6648525], [0.292689025, 1.46284602e-08, 1.21029258], [-0.99955976, 0, 0.0296708941]], [[0.991151214, -2.27642349e-08, -1.30734336], [1.87782931, 1.46284602e-08, -1.74111378], [2.01765251, 1.46284602e-08, -1.52607226], [-0.864177644, 0, 0.503187001]], [[0.352063954, -5.92924287e-09, -0.792903364], [0.835276783, 1.46284602e-08, -1.49348366], [1.06055164, 1.46284602e-08, -1.37584019], [-0.548930109, 0, 0.835868239]]], [[[0.143117309, 1.42189354e-08, 0.736130476], [-0.298179746, 1.46284602e-08, 0.120978951], [-0.0447642505, 1.46284602e-08, -0.211015821], [0.633123159, 0, 0.77405107]], [[0.682093322, 1.63582801e-08, 1.24800527], [-0.2837556, 1.46284602e-08, 0.672218502], [0.120509326, 1.46284602e-08, 0.951414704], [0.954832971, 0, 0.297143131]], [[1.41283453, 2.46457343e-08, 1.24612308], [0.717387617, 1.46284602e-08, 1.6648525], [0.292689025, 1.46284602e-08, 1.21029258], [0.91571027, 0, -0.401839346]]], [[0, 0, 0], [0.174456894, 1.46284602e-08, -1.17515838], [0.212931484, 1.46284602e-08, -0.831230581], [0, 0, 1]], 17, 10650]
          - [[[ [1.95019233, -3.69831703e-08, -1.0448432], [0.143672973, 4.09524414e-10, 1.32139039], [0.769620478, 4.09524414e-10, 1.3941164], [-0.987497091, 0, -0.157638431]], [[1.12980223, -2.01481782e-08, -1.05126131], [1.94738722, 4.09524414e-10, -1.28761303], [2.04727864, 4.09524414e-10, -1.05392444], [-0.954107583, 0, 0.299464375]], [[0.355281144, -1.42189354e-08, -0.660413504], [1.23433971, 4.09524414e-10, -1.45959353], [1.04637241, 4.09524414e-10, -1.1690166], [-0.633123219, 0, 0.774051189]]], [[[0.0931152031, 2.13934426e-09, 0.737455547], [-0.289957315, 4.09524414e-10, -0.319734216], [-0.153801188, 4.09524414e-10, 0.152327433], [0.550961316, 0, 0.83453089]], [[0.659937859, 1.0426799e-08, 1.19864786], [-0.143480867, 4.09524414e-10, 1.08246231], [-0.184426889, 4.09524414e-10, 0.461723059], [0.963220417, 0, 0.268713236]], [[1.53525889, -1.19928547e-08, 1.29167736], [0.143672973, 4.09524414e-10, 1.32139039], [0.769620478, 4.09524414e-10, 1.3941164], [0.980657339, 0, -0.195733085]]], [[0, 0, 0], [0.0478801839, 4.09524414e-10, -0.75555414], [0.454230338, 4.09524414e-10, -0.852091849], [0, 0, 1]], 17, 11000]
          - [[[ [1.85066068, -2.22875229e-08, -0.921564937], [0.853072286, -1.72981984e-09, 1.68852544], [0.444211096, -1.72981984e-09, 1.27570581], [-0.961225331, 0, -0.275764048]], [[0.988957167, -1.63582801e-08, -1.02212131], [2.16287565, -1.72981984e-09, -1.20473444], [1.8459146, -1.72981984e-09, -1.06580186], [-0.954832971, 0, 0.297143131]], [[0.328601897, -2.13934426e-09, -0.666732192], [0.784840405, -1.72981984e-09, -1.27088523], [1.17714059, -1.72981984e-09, -1.1275655], [-0.550961256, 0, 0.834530771]]], [[[0.218931884, 8.28745428e-09, 0.697176397], [-0.387532026, -1.72981984e-09, 0.157563493], [-0.0796995014, -1.72981984e-09, -0.383022159], [0.655786455, 0, 0.75494653]], [[0.89815855, -1.41321985e-08, 1.25708032], [-0.279533416, -1.72981984e-09, 0.515166879], [0.202769756, -1.72981984e-09, 0.920731843], [0.926230013, 0, 0.376958907]], [[1.88867283, 2.72116285e-08, 1.31278813], [0.853072286, -1.72981984e-09, 1.68852544], [0.444211096, -1.72981984e-09, 1.27570581], [0.993914247, 0, -0.110155255]]], [[0, 0, 0], [0.262784749, -1.72981984e-09, -1.09331536], [0.11632356, -1.72981984e-09, -0.62434876], [0, 0, 1]], 17, 11350]
          - [[[ [1.7088201, -2.46457343e-08, -0.793005824], [0.426943928, -1.00172741e-08, 1.52824509], [0.965164065, -1.00172741e-08, 1.58882666], [-0.91571027, 0, -0.401839346]], [[0.977227867, -1.0426799e-08, -0.95775795], [1.71785879, -1.00172741e-08, -1.1146661], [1.92003751, -1.00172741e-08, -0.74920243], [-0.963220298, 0, 0.268713206]], [[0.291916966, -8.28745428e-09, -0.669903457], [1.20728707, -1.00172741e-08, -1.32296753], [0.789174438, -1.00172741e-08, -1.06497002], [-0.655786455, 0, 0.75494653]]], [[[0.145602435, -2.24196519e-08, 0.868125141], [-0.256955266, -1.00172741e-08, -0.464294255], [-0.15880619, -1.00172741e-08, 0.158173487], [0.452049613, 0, 0.891992927]], [[0.856855392, 1.89241742e-08, 1.55974746], [-0.171371162, -1.00172741e-08, 1.16427612], [-0.209317952, -1.00172741e-08, 0.584493876], [0.82259047, 0, 0.568634212]], [[1.88773322, -1.11146283e-08, 2.04803395], [0.426943928, -1.00172741e-08, 1.52824509], [0.965164065, -1.00172741e-08, 1.58882666], [0.8427369, 0, 0.538325787]]], [[0, 0, 0], [-0.10397698, -1.00172741e-08, -0.805089712], [0.482928872, -1.00172741e-08, -1.0113306], [0, 0, 1]], 17, 11700]
          - [[[ [-1.56719339, -1.19928547e-08, -1.2527386], [-1.05554509, -1.24023787e-08, 1.88172376], [-1.00659692, -1.24023787e-08, 1.6464653], [0.98065722, 0, -0.19573307]], [[-0.825776637, -1.41321985e-08, -1.30576897], [-1.93749726, -1.24023787e-08, -1.47450471], [-1.44791639, -1.24023787e-08, -1.43338037], [0.926230013, 0, 0.376958907]], [[-0.262559235, -2.24196519e-08, -0.840180814], [-0.533752978, -1.24023787e-08, -1.60531783], [-1.15049982, -1.24023787e-08, -1.52397263], [0.452049613, 0, 0.891992927]]], [[[-0.321784914, -4.13438279e-08, 0.93844372], [0.416613102, -1.24023787e-08, 0.120876871], [0.188371018, -1.24023787e-08, -0.413438618], [-0.476693928, 0, 0.879069209]], [[-1.02059078, -1.13050245e-08, 1.83999968], [0.0474523455, -1.24023787e-08, 0.716002584], [-0.405250251, -1.24023787e-08, 1.01334298], [-0.508365333, 0, 0.861141562]], [[-1.50269496, 1.96789074e-08, 2.76688576], [-1.05554509, -1.24023787e-08, 1.88172376], [-1.00659692, -1.24023787e-08, 1.6464653], [-0.140498117, 0, 0.990080953]]], [[0, 0, 0], [-0.243241012, -1.24023787e-08, -1.37048447], [-0.0494030416, -1.24023787e-08, -0.770879507], [0, 0, 1]], 17, 12050]
          - [[[ [-1.51284623, 2.72116285e-08, -1.73256874], [-0.398460209, 2.89414483e-08, 2.21457195], [-0.531536758, 2.89414483e-08, 2.29762411], [0.993914425, 0, -0.110155255]], [[-0.795796156, 1.89241742e-08, -1.59176683], [-1.39893031, 2.89414483e-08, -2.13509893], [-1.90231693, 2.89414483e-08, -1.76959133], [0.82259059, 0, 0.568634272]], [[-0.164479166, 4.13438279e-08, -0.978349984], [-1.03160667, 2.89414483e-08, -2.0671494], [-0.575381398, 2.89414483e-08, -1.63245642], [0.476693988, 0, 0.879069328]]], [[[-0.184532464, 3.00388017e-08, 1.12564671], [0.218548834, 2.89414483e-08, -0.371554345], [-0.037667796, 2.89414483e-08, 0.105629057], [-0.0363873839, 0, 0.999337792]], [[-0.166494608, 6.10227318e-08, 2.17025995], [-0.195370138, 2.89414483e-08, 1.17898762], [-0.264487654, 2.89414483e-08, 0.948845863], [0.348458022, 0, 0.937324405]], [[0.159032941, 3.75795501e-08, 2.90730166], [-0.398460209, 2.89414483e-08, 2.21457195], [-0.531536758, 2.89414483e-08, 2.29762411], [0.801037788, 0, 0.598613858]]], [[0, 0, 0], [0.259373844, 2.89414483e-08, -1.07068777], [-0.195971727, 2.89414483e-08, -1.43158662], [0, 0, 1]], 17, 12400]
          - [[[ [-0.709738314, -1.11146283e-08, -2.69337153], [0.106018364, -1.09735399e-09, 1.78255689], [0.352922618, -1.09735399e-09, 2.18839216], [0.8427369, 0, 0.538325787]], [[-0.0565189123, 1.13050245e-08, -2.103333], [-0.962690592, -1.09735399e-09, -3.1598587], [-0.490950346, -1.09735399e-09, -2.74205446], [0.508365333, 0, 0.861141562]], [[0.143450946, -3.00388017e-08, -1.13161588], [0.363693476, -1.09735399e-09, -2.21103263], [-0.104482651, -1.09735399e-09, -2.55512357], [0.0363873541, 0, 0.999337673]]], [[[0.0560366213, 3.09839301e-08, 1.0432651], [-0.00888957269, -1.09735399e-09, 0.0536999777], [-0.0863355249, -1.09735399e-09, -0.173774377], [0.382334083, 0, 0.924024224]], [[0.40816766, 7.54074758e-09, 1.76797354], [-0.174162924, -1.09735399e-09, 1.09598839], [-0.304129332, -1.09735399e-09, 1.183828], [0.822289288, 0, 0.569069743]], [[0.993730903, 2.6941974e-08, 2.06152391], [0.106018364, -1.09735399e-09, 1.78255689], [0.352922618, -1.09735399e-09, 2.18839216], [0.997097969, 0, -0.0761290193]]], [[0, 0, 0], [0.348335207, -1.09735399e-09, -1.51087654], [0.109651595, -1.09735399e-09, -1.0246861], [0, 0, 1]], 17, 12750]
          - [[[ [1.09904754, -1.96789074e-08, -2.95056677], [0.500609756, -3.20812852e-08, 1.56614053], [0.113476157, -3.20812852e-08, 1.56443703], [0.140498117, 0, 0.990080953]], [[0.912303925, -6.10227318e-08, -1.97622108], [1.52851129, -3.20812852e-08, -2.88942194], [1.22746277, -3.20812852e-08, -3.38637018], [-0.348457992, 0, 0.937324286]], [[0.347096562, -3.09839301e-08, -0.985426903], [1.24662614, -3.20812852e-08, -2.24833298], [0.840189695, -3.20812852e-08, -1.89033794], [-0.382334083, 0, 0.924024224]]], [[[0.0482968688, -2.34431834e-08, 0.804279804], [-0.232867852, -3.20812852e-08, -0.0392955318], [-0.386544019, -3.20812852e-08, -0.00782024115], [0.542240441, 0, 0.840223432]], [[0.477137119, -4.04195788e-09, 1.29940832], [-0.23647213, -3.20812852e-08, 0.702233195], [-0.163491279, -3.20812852e-08, 1.17163479], [0.950449407, 0, 0.310879469]], [[1.16403496, -3.2381628e-08, 1.38212073], [0.500609756, -3.20812852e-08, 1.56614053], [0.113476157, -3.20812852e-08, 1.56443703], [0.967669964, 0, -0.252219558]]], [[0, 0, 0], [0.31835103, -3.20812852e-08, -0.939205647], [0.333760321, -3.20812852e-08, -1.17900765], [0, 0, 1]], 17, 13100]
          - [[[ [-2.23365903, 3.75795501e-08, -1.8677423], [-0.200942904, 8.63810179e-09, 1.13489699], [-0.753089666, 8.63810179e-09, 1.53013527], [0.801037669, 0, 0.598613739]], [[-1.22150981, 7.54074758e-09, -1.34173203], [-2.66211438, 8.63810179e-09, -1.9150939], [-2.12649775, 8.63810179e-09, -1.83468461], [0.822289288, 0, 0.569069743]], [[-0.395532846, -2.34431834e-08, -0.701963186], [-1.17229414, 8.63810179e-09, -1.31848288], [-1.31527162, 8.63810179e-09, -1.51161456], [0.542240441, 0, 0.840223432]]], [[[-0.0918429047, -1.94012255e-08, 0.648553014], [0.183935791, 8.63810179e-09, -0.24015519], [0.377144098, 8.63810179e-09, 0.193820164], [-0.630018353, 0, 0.776580274]], [[-0.624140501, 8.93844376e-09, 1.09051383], [0.0330678374, 8.63810179e-09, 0.885395527], [0.357422829, 8.63810179e-09, 0.674044728], [-0.949822605, 0, 0.312789023]], [[-1.34746695, 3.02905505e-08, 1.08415401], [-0.200942904, 8.63810179e-09, 1.13489699], [-0.753089666, 8.63810179e-09, 1.53013527], [-0.917287409, 0, -0.398225784]]], [[0, 0, 0], [-0.22117947, 8.63810179e-09, -0.861250579], [-0.0749899745, 8.63810179e-09, -0.918133736], [0, 0, 1]], 17, 13450]
          - [[[ [-2.13119292, 2.69419722e-08, -0.83390522], [-0.733370364, 2.80393255e-08, 1.34931111], [-0.357789338, 2.80393255e-08, 1.34903002], [0.99709785, 0, -0.0761290193]], [[-1.08668947, -4.04195744e-09, -0.857454002], [-2.07832551, 2.80393255e-08, -0.846857071], [-2.31103563, 2.80393255e-08, -0.906760931], [0.950449347, 0, 0.310879469]], [[-0.337276876, 1.94012237e-08, -0.561516166], [-1.05164409, 2.80393255e-08, -1.09099925], [-0.973953724, 2.80393255e-08, -1.22727561], [0.630018294, 0, 0.776580274]]], [[[-0.13492842, 2.83396684e-08, 0.678575277], [0.246218324, 2.80393255e-08, 0.105231136], [0.364951074, 2.80393255e-08, -0.263249338], [-0.54055053, 0, 0.841311395]], [[-0.700656056, 4.96917743e-08, 1.1293453], [0.221680656, 2.80393255e-08, 0.446420044], [0.0419017673, 2.80393255e-08, 1.10121691], [-0.96323669, 0, 0.268653631]], [[-1.40287387, 4.40817551e-08, 1.08143795], [-0.733370364, 2.80393255e-08, 1.34931111], [-0.357789338, 2.80393255e-08, 1.34903002], [-0.931319952, 0, -0.364201844]]], [[0, 0, 0], [-0.345738202, 2.80393255e-08, -0.863898933], [0.0777159333, 2.80393255e-08, -0.648607016], [0, 0, 1]], 17, 13800]
          - [[[ [-1.63102925, -3.2381628e-08, -0.777803898], [-0.488260925, -3.00342307e-10, 1.23608351], [-0.859360278, -3.00342307e-10, 1.49495709], [0.967670083, 0, -0.252219588]], [[-0.84057045, -8.93844376e-09, -0.933923602], [-1.72778821, -3.00342307e-10, -0.993232131], [-1.73609066, -3.00342307e-10, -1.14987862], [0.949822664, 0, 0.312789083]], [[-0.253287464, -2.83396702e-08, -0.643828809], [-1.01114213, -3.00342307e-10, -1.18374789], [-0.53850913, -3.00342307e-10, -1.23151886], [0.540550709, 0, 0.841311514]]], [[[-0.232289225, 2.13521059e-08, 0.6850425], [0.17452769, -3.00342307e-10, -0.38808012], [0.377228498, -3.00342307e-10, 0.259987652], [-0.665161312, 0, 0.746699691]], [[-0.84896946, 1.57420885e-08, 1.02432179], [-0.140909404, -3.00342307e-10, 0.887786031], [0.174919307, -3.00342307e-10, 0.684528887], [-0.980399847, 0, 0.197018445]], [[-1.58063376, 2.2095378e-08, 0.841129959], [-0.488260925, -3.00342307e-10, 1.23608351], [-0.859360278, -3.00342307e-10, 1.49495709], [-0.877872109, 0, -0.478895336]]], [[0, 0, 0], [0.0107416194, -3.00342307e-10, -0.688390136], [-0.0885494798, -3.00342307e-10, -1.06257808], [0, 0, 1]], 17, 14150]
          - [[[ [-1.53107703, -3.02905505e-08, -0.804276407], [-0.766035378, -2.16524487e-08, 1.13864374], [-0.634820461, -2.16524487e-08, 1.2161653], [0.917287529, 0, -0.398225784]], [[-0.899593174, -4.96917778e-08, -0.978300631], [-1.82461631, -2.16524487e-08, -0.87736237], [-1.50347662, -2.16524487e-08, -1.22741008], [0.963236928, 0, 0.268653631]], [[-0.282213449, -2.13521059e-08, -0.666030884], [-0.732083201, -2.16524487e-08, -1.18719637], [-1.05511916, -2.16524487e-08, -1.40055788], [0.665161371, 0, 0.74669975]]], [[[-0.234799489, -5.61001734e-09, 0.663531661], [0.203090474, -2.16524487e-08, 0.0906062275], [0.303720862, -2.16524487e-08, -0.271242887], [-0.60101521, 0, 0.799237609]], [[-0.902985215, 7.43272111e-10, 1.01341712], [0.175397232, -2.16524487e-08, 0.581724703], [0.070490092, -2.16524487e-08, 1.02186632], [-0.974049509, 0, 0.226335555]], [[-1.87001038, -1.56266129e-08, 0.923027158], [-0.766035378, -2.16524487e-08, 1.13864374], [-0.634820461, -2.16524487e-08, 1.2161653], [-0.991707921, 0, -0.12851274]]], [[0, 0, 0], [-0.41002959, -2.16524487e-08, -1.07189929], [0.17239666, -2.16524487e-08, -0.72281599], [0, 0, 1]], 17, 14500]
          - [[[ [-1.51809418, -4.40817551e-08, -0.912662983], [-0.919698358, -1.60424296e-08, 1.13323581], [-0.988964498, -1.60424296e-08, 1.30725145], [0.931320071, 0, -0.364201903]], [[-0.83698225, -1.57420867e-08, -1.03413975], [-1.50976348, -1.60424296e-08, -1.18029642], [-1.89617932, -1.60424296e-08, -1.15667343], [0.980399787, 0, 0.197018445]], [[-0.21113199, 5.6100169e-09, -0.671437502], [-1.18307066, -1.60424296e-08, -1.28170562], [-0.507769465, -1.60424296e-08, -1.35275221], [0.601015091, 0, 0.799237609]]], [[[-0.323752612, 6.35328901e-09, 0.68123138], [0.278677404, -1.60424296e-08, -0.311917633], [0.45936355, -1.60424296e-08, 0.102910914], [-0.64246583, 0, 0.766314507]], [[-1.15096116, -1.00165947e-08, 1.19018507], [-0.139034152, -1.60424296e-08, 0.699008286], [0.0124293864, -1.60424296e-08, 0.682104349], [-0.869848311, 0, 0.493319273]], [[-2.03091908, -3.35972494e-08, 1.77548337], [-0.919698358, -1.60424296e-08, 1.13323581], [-0.988964498, -1.60424296e-08, 1.30725145], [-0.717626572, 0, 0.696428299]]], [[0, 0, 0], [0.0056412369, -1.60424296e-08, -0.721082091], [-0.131407961, -1.60424296e-08, -1.07076585], [0, 0, 1]], 17, 14850]
          - [[[ [1.49536252, 2.2095378e-08, -0.984781027], [0.838645518, 2.23957208e-08, 1.7397368], [0.701740801, 2.23957208e-08, 1.95937586], [-0.87787199, 0, -0.478895277]], [[0.782740593, 7.43272111e-10, -1.10892439], [1.91962767, 2.23957208e-08, -0.952144265], [1.44777966, 2.23957208e-08, -1.44044614], [-0.97404933, -0, 0.226335555]], [[0.189571574, 6.35328945e-09, -0.730037332], [0.648519158, 2.23957208e-08, -1.28623712], [0.978201807, 2.23957208e-08, -1.46615541], [-0.64246583, -0, 0.766314387]]], [[[0.306916386, 1.6369885e-08, 0.921471775], [-0.152973473, 2.23957208e-08, -0.105052561], [-0.258181959, 2.23957208e-08, -0.215316474], [0.349636495, 0, 0.936885476]], [[0.605206847, 3.99505424e-08, 1.93533707], [0.166284472, 2.23957208e-08, 0.729252219], [0.107564896, 2.23957208e-08, 0.907104075], [0.102496237, 0, 0.994733512]], [[0.652485013, -0.00125508197, 2.92535782], [0.838645518, 2.23957208e-08, 1.7397368], [0.701740801, 2.23957208e-08, 1.95937586], [-0.24235782, 0, 0.970186949]]], [[0, 0, 0], [0.176413476, 2.23957208e-08, -1.14810503], [-0.228562027, 2.23957208e-08, -0.946300626], [0, 0, 1]], 17, 15200]
          - [[[ [1.15569353, -1.56266129e-08, -1.73588312], [-0.307201385, 6.02583539e-09, 2.36017704], [-0.17262131, 6.02583539e-09, 1.87377357], [-0.991707861, -0, -0.12851274]], [[0.467489243, -1.00165956e-08, -1.58830285], [1.09193838, 6.02583539e-09, -1.9489336], [1.46371913, 6.02583539e-09, -2.00222707], [-0.869848311, -0, 0.493319273]], [[0.0346346498, -1.6369885e-08, -0.970622659], [0.60133338, 6.02583539e-09, -1.98458493], [0.151359499, 6.02583539e-09, -1.9371115], [-0.349636525, 0, 0.936885536]]], [[[-0.0750204027, 2.35806557e-08, 1.05416894], [-0.0645490214, 6.02583539e-09, -0.229257762], [-0.181746081, 6.02583539e-09, -0.0831614435], [-0.251767933, 0, 0.967787743]], [[-0.376873791, -0.00125509826, 1.99823523], [0.212073892, 6.02583539e-09, 0.95253247], [0.00701594353, 6.02583539e-09, 1.1104424], [-0.566274285, 0, 0.824216902]], [[-0.961125433, 3.27195835e-08, 2.59463596], [-0.307201385, 6.02583539e-09, 2.36017704], [-0.17262131, 6.02583539e-09, 1.87377357], [-0.793432474, -0, 0.608658612]]], [[0, 0, 0], [-0.0719537139, 6.02583539e-09, -1.12252998], [-0.13196969, 6.02583539e-09, -1.26261926], [0, 0, 1]], 17, 15550]
          - [[[ [-0.140255451, -3.3597253e-08, -2.69393778], [-0.110028327, -1.75548198e-08, 1.80151677], [-0.615271926, -1.75548198e-08, 1.94948471], [-0.717626452, -0, 0.69642818]], [[-0.403654695, -3.99505424e-08, -1.9871757], [-0.110494018, -1.75548198e-08, -3.11115217], [-0.534020782, -1.75548198e-08, -2.95191908], [-0.102496207, 0, 0.994733393]], [[-0.192802072, -2.35806557e-08, -1.03909922], [-0.545054972, -1.75548198e-08, -2.10735416], [-0.638407707, -1.75548198e-08, -2.22782087], [0.251767904, 0, 0.967787623]]], [[[-0.0544444025, -0.0012551219, 0.989652634], [0.252257466, -1.75548198e-08, -0.170643538], [0.0935616195, -1.75548198e-08, 0.0338067003], [-0.340521872, 0, 0.940236509]], [[-0.469721258, 9.13892784e-09, 1.71393752], [0.104108989, -1.75548198e-08, 1.32239413], [0.111893117, -1.75548198e-08, 0.817775965], [-0.614633322, -0, 0.788812995]], [[-0.993231297, -3.66693413e-08, 2.15650415], [-0.110028327, -1.75548198e-08, 1.80151677], [-0.615271926, -1.75548198e-08, 1.94948471], [-0.539046168, -0, 0.842276216]]], [[0, 0, 0], [-0.312991589, -1.75548198e-08, -1.2447207], [-0.389631063, -1.75548198e-08, -1.07382393], [0, 0, 1]], 17, 15900]
          - [[[ [-1.34201574, 0.00125508197, -2.68000937], [-0.556968033, 0.00125510432, 1.64955342], [-0.539764583, 0.00125510432, 1.48491359], [0.24235785, 0, 0.970187068]], [[-0.820923567, 0.00125509826, -1.86039317], [-1.51588869, 0.00125510432, -2.74485564], [-1.64468408, 0.00125510432, -2.82633424], [0.566274345, 0, 0.824216902]], [[-0.285807818, 0.0012551219, -0.949047267], [-1.00394869, 0.00125510432, -2.01279879], [-1.01781392, 0.00125510432, -1.8260181], [0.340521932, 0, 0.940236807]]], [[[-0.143823653, 0.00125513098, 0.822410166], [0.262383521, 0.00125510432, 0.25886482], [0.0978688449, 0.00125510432, -0.218246251], [-0.309292674, -0, 0.950967073]], [[-0.485343277, 0.00125508523, 1.4167943], [0.224195525, 0.00125510432, 0.782271981], [-0.200466722, 0.00125510432, 1.09344339], [-0.220017448, -0, 0.975496054]], [[-0.767273307, 0.00125512155, 1.63127875], [-0.556968033, 0.00125510432, 1.64955342], [-0.539764583, 0.00125510432, 1.48491359], [0.362880021, 0, 0.93183589]]], [[0, 0, 0], [-0.106733978, 0.00125510432, -1.19539177], [-0.186325848, 0.00125510432, -0.949120641], [0, 0, 1]], 17, 16250]
          - [[[ [1.47367084, 3.27195835e-08, -2.34183526], [0.310025215, 2.66937477e-08, 1.08031034], [0.394637793, 2.66937477e-08, 1.08687925], [-0.793432355, 0, 0.608658552]], [[0.682920933, 9.13892784e-09, -1.6406827], [1.69485962, 2.66937477e-08, -2.43015957], [1.65027511, 2.66937477e-08, -2.24824882], [-0.614633381, 0, 0.788813114]], [[0.117593847, 0.00125513098, -0.826568365], [0.588820159, 2.66937477e-08, -1.93033445], [0.588339567, 2.66937477e-08, -1.67152166], [-0.309292614, 0, 0.950966954]]], [[[0.140935272, 4.58082674e-08, 0.670869112], [-0.337559611, 2.66937477e-08, -0.151995659], [-0.0299629029, 2.66937477e-08, 0.275262982], [-0.092484422, 0, 0.995714247]], [[0.342702925, 9.41274791e-09, 0.962035656], [0.137057304, 2.66937477e-08, 0.914368451], [0.171619236, 2.66937477e-08, 0.752480507], [-0.633296847, 0, 0.773908973]], [[0.402220637, 7.32031857e-09, 1.01664329], [0.310025215, 2.66937477e-08, 1.08031034], [0.394637793, 2.66937477e-08, 1.08687925], [-0.978580594, 0, 0.205864757]]], [[0, 0, 0], [-0.211989164, 2.66937477e-08, -0.661549866], [0.0920257717, 2.66937477e-08, -1.06438351], [0, 0, 1]], 17, 16600]
          - [[[ [0.325880259, -3.66693413e-08, -2.35176969], [0.287613034, -1.91145197e-08, 0.360207409], [0.372457623, -1.91145197e-08, 0.416080594], [-0.539046228, 0, 0.842276335]], [[-0.16173099, 0.00125508523, -1.48886096], [0.205394536, -1.91145197e-08, -2.63147736], [0.228852153, -1.91145197e-08, -2.37372947], [-0.220017403, 0, 0.975495934]], [[-0.202376157, -4.58082674e-08, -0.6549595], [-0.474639773, -1.91145197e-08, -1.29406834], [-0.209183678, -1.91145197e-08, -1.72329211], [0.092484422, 0, 0.995714247]]], [[[0.227831304, -3.63955195e-08, 0.271258205], [0.0186585691, -1.91145197e-08, 0.242814377], [0.0381002687, -1.91145197e-08, 0.0784238502], [-0.559008062, 0, 0.829162121]], [[0.292144209, -3.84879471e-08, 0.320127308], [0.20623219, -1.91145197e-08, 0.39204824], [0.291089624, -1.91145197e-08, 0.39076364], [-0.95534718, 0, 0.295485884]], [[0.294620603, -4.03604723e-08, 0.364972144], [0.287613034, -1.91145197e-08, 0.360207409], [0.372457623, -1.91145197e-08, 0.416080594], [-0.990597129, 0, -0.136811182]]], [[0, 0, 0], [-0.552546263, -1.91145197e-08, -0.775084734], [-0.206753105, -1.91145197e-08, -0.378105193], [0, 0, 1]], 17, 16950]
          - [[[ [1.30693126, -0.00125512155, -1.24165583], [-0.123231962, -1.72809997e-08, 0.00725366175], [-0.133254826, -1.72809997e-08, 0.0762211904], [-0.362880021, 0, 0.93183589]], [[0.874475002, 9.41274791e-09, -0.527495325], [1.45749283, -1.72809997e-08, -0.905222654], [1.47732615, -1.72809997e-08, -1.40951085], [-0.633296967, -0, 0.773909092]], [[0.340544641, -3.63955195e-08, -0.0975575298], [1.23197377, -1.72809997e-08, -0.431350678], [0.723340392, -1.72809997e-08, -0.295491397], [-0.559008121, -0, 0.82916224]]], [[[-0.0806440711, 2.09242934e-09, 0.00456896797], [-0.0496134385, -1.72809997e-08, 0.11222861], [-0.119255915, -1.72809997e-08, 0.0637274534], [0.626958847, 0, 0.779052615]], [[-0.107766017, 3.96495281e-09, 0.0403682701], [-0.0992920697, -1.72809997e-08, 0.0403348282], [-0.200875565, -1.72809997e-08, 0.0392339677], [0.897844315, 0, 0.44031322]], [[-0.13928166, -3.38101724e-09, 0.0434148274], [-0.123231962, -1.72809997e-08, 0.00725366175], [-0.133254826, -1.72809997e-08, 0.0762211904], [0.884755015, 0, 0.466056466]]], [[0, 0, 0], [0.189338446, -1.72809997e-08, 0.0933446959], [0.265113771, -1.72809997e-08, -0.0538297892], [0, 0, 1]], 17, 17300]
          - [[[ [1.07767022, 7.32031857e-09, 0.184314251], [-0.0406884998, -1.93734291e-08, -0.0172841586], [-0.0899291486, -1.93734291e-08, 0.0214610733], [-0.978580594, -0, 0.205864757]], [[0.392157227, -3.84879471e-08, 0.184506029], [1.29590189, -1.93734291e-08, 0.483352929], [0.814471602, -1.93734291e-08, 0.270302296], [-0.95534718, -0, 0.295485884]], [[0.0656905174, -2.09242934e-09, 0.0470010415], [0.154671848, -1.93734291e-08, 0.238428861], [0.305977136, -1.93734291e-08, 0.171280205], [-0.626958728, 0, 0.779052496]]], [[[-0.0435741059, 1.87252347e-09, 0.0108851949], [-0.0369514897, -1.93734291e-08, 0.016171962], [-0.115400165, -1.93734291e-08, -0.0483743325], [0.423409641, 0, 0.905938447]], [[-0.0700365007, -5.47344658e-09, -0.00650037266], [-0.034861397, -1.93734291e-08, -0.024609331], [-0.0859095156, -1.93734291e-08, 0.0228360724], [0.397072434, 0, 0.917787313]], [[-0.0917653367, 7.16413417e-09, 0.0157984421], [-0.0406884998, -1.93734291e-08, -0.0172841586], [-0.0899291486, -1.93734291e-08, 0.0214610733], [0.372656107, 0, 0.927969575]]], [[0, 0, 0], [-0.0433236547, -1.93734291e-08, 0.103327438], [-0.0671705827, -1.93734291e-08, 0.0218795314], [0, 0, 1]], 17, 17650]
          - [[[ [-0.00844240747, 2.77486656e-09, -0.00809601136], [0.425409377, -3.66135677e-10, 2.4740591], [0.409772933, -3.66135677e-10, 2.28158951], [0.0362950526, 0, 0.99934119]], [[-0.00892651081, 2.98543901e-09, -0.00678339787], [-0.0281848535, -3.66135677e-10, -0.0295948815], [0.0568755046, -3.66135677e-10, -0.0121277031], [0.0308750346, 0, 0.999523282]], [[-0.00385861821, 1.20391797e-09, -0.00592208607], [-0.0231488254, -3.66135677e-10, -0.0262506735], [0.0571894869, -3.66135677e-10, -0.0107916631], [0.0229707025, 0, 0.999736309]]], [[[0.0241432302, 1.80228399e-09, 0.037811473], [-0.0249867607, -3.66135677e-10, -0.0320077837], [0.0557268672, -3.66135677e-10, -0.008220274], [-0.0195042789, 0, 0.999809861]], [[0.100090876, 1.12551979e-09, 0.19351019], [-0.0215397272, -3.66135677e-10, -0.0346291624], [0.0596594177, -3.66135677e-10, -0.00458404887], [-0.0391515717, 0, 0.999233365]], [[0.144243091, 5.03225905e-10, 0.709045649], [-0.016958151, -3.66135677e-10, -0.0219343808], [0.144999161, -3.66135677e-10, 0.214272231], [0.114981137, 0, 0.993367672]]], [[0, 0, 0], [-0.0242079459, -3.66135677e-10, -0.0319653265], [0.0579875074, -3.66135677e-10, -0.0113798752], [0, 0, 1]], 18, 2600]
          - [[[ [-0.0339332372, 1.18315513e-09, -0.0439413823], [0.0269126818, -2.16841967e-09, 0.153385535], [0.304609001, -2.16841967e-09, 0.796829939], [0.0503641441, 0, 0.998730958]], [[-0.0288495123, -5.98366023e-10, -0.0431790799], [-0.0485325456, -2.16841967e-09, -0.0631275624], [0.0320919976, -2.16841967e-09, -0.0492384285], [0.042465467, 0, 0.999098063]], [[-0.0248761233, -1.80228399e-09, -0.0373333804], [-0.0497029237, -2.16841967e-09, -0.0688204616], [0.0328783914, -2.16841967e-09, -0.0498420931], [0.0195042714, 0, 0.999809742]]], [[[0.0789699852, -6.767642e-10, 0.154187784], [-0.0470871702, -2.16841967e-09, -0.0715358332], [0.0346825272, -2.16841967e-09, -0.0430801734], [-0.0196547955, 0, 0.999806821]], [[0.133168951, -1.29905808e-09, 0.668763995], [-0.0422588587, -2.16841967e-09, -0.0589328296], [0.124274671, -2.16841967e-09, 0.174069971], [0.134334177, 0, 0.990935981]], [[0.181958109, 0.0280246902, 1.57632887], [0.0269126818, -2.16841967e-09, 0.153385535], [0.304609001, -2.16841967e-09, 0.796829939], [0.0560683869, 0, 0.998426974]]], [[0, 0, 0], [-0.0504824184, -2.16841967e-09, -0.0688477233], [0.0306798089, -2.16841967e-09, -0.0466390029], [0, 0, 1]], 18, 2950]
          - [[[ [-0.111677893, 7.83981768e-11, -0.195209593], [0.0817471296, -1.49165547e-09, 1.54852545], [0.20148626, -1.49165547e-09, 0.91111958], [0.062094342, 0, 0.998070419]], [[-0.10759037, -1.12551979e-09, -0.189443111], [-0.133031249, -1.49165547e-09, -0.220436156], [-0.0500928611, -1.49165547e-09, -0.203084573], [0.0391515717, 0, 0.999233365]], [[-0.081985265, 6.767642e-10, -0.152605861], [-0.133811131, -1.49165547e-09, -0.220448077], [-0.0522280671, -1.49165547e-09, -0.199838877], [0.019654803, 0, 0.999806941]]], [[[0.0643023923, -6.22293883e-10, 0.513411582], [-0.125394285, -1.49165547e-09, -0.210696742], [0.0456867106, -1.49165547e-09, 0.0189878941], [0.153784886, 0, 0.988104403]], [[0.130920127, 0.0280246902, 1.41984224], [-0.0520630255, -1.49165547e-09, 0.000221067574], [0.238226444, -1.49165547e-09, 0.63808322], [0.075681448, 0, 0.997132182]], [[0.259993911, 0.0168626588, 2.49331212], [0.0817471296, -1.49165547e-09, 1.54852545], [0.20148626, -1.49165547e-09, 0.91111958], [0.221642077, 0, 0.975128174]]], [[0, 0, 0], [-0.130469367, -1.49165547e-09, -0.223202407], [-0.048156172, -1.49165547e-09, -0.196359411], [0, 0, 1]], 18, 3300]
          - [[[ [0.0617595613, 5.03225905e-10, -0.720928252], [0.17325367, 8.69361583e-10, 1.52100658], [0.0465745404, 8.69361583e-10, 2.16509295], [0.114981137, 0, 0.993367672]], [[0.0421240591, -1.29905808e-09, -0.680591524], [0.0829003081, 8.69361583e-10, -0.755596697], [0.00545712188, 8.69361583e-10, -0.72268647], [0.134334192, 0, 0.9909361]], [[-0.0154174613, -6.22293883e-10, -0.5171929], [0.0791747272, 8.69361583e-10, -0.757804394], [0.00196875259, 8.69361583e-10, -0.718622148], [0.153784886, 0, 0.988104403]]], [[[0.0735700503, -0.0280246921, 0.905892789], [0.0360602364, 8.69361583e-10, -0.524980962], [-0.152682513, 8.69361583e-10, 0.149935514], [0.0785626844, 0, 0.996909261]], [[0.111115143, -0.0168626606, 1.98644269], [0.141947657, 8.69361583e-10, 1.02548337], [-0.0743904933, 8.69361583e-10, 0.414073855], [-0.0690455288, 0, 0.997613549]], [[0.235025048, -0.0219423473, 3.16437507], [0.17325367, 8.69361583e-10, 1.52100658], [0.0465745404, 8.69361583e-10, 2.16509295], [0.0378577746, 0, 0.999283195]]], [[0, 0, 0], [0.0760831982, 8.69361583e-10, -0.744666994], [-0.0576406457, 8.69361583e-10, -0.491404921], [0, 0, 1]], 18, 3650]
          - [[[ [-0.0932896584, -0.0280246902, -1.58405125], [-0.038589932, -0.0280246921, 2.39692616], [0.144225702, -0.0280246921, 1.94274724], [-0.0560683869, 0, 0.998426974]], [[-0.0230889581, -0.0280246902, -1.42567837], [-0.136291862, -0.0280246921, -1.65811467], [-0.0562462509, -0.0280246921, -1.62511909], [-0.0756814405, 0, 0.997132063]], [[0.00217329338, -0.0280246921, -0.908872724], [-0.132177785, -0.0280246921, -1.64526081], [0.0210296959, -0.0280246921, -1.40328717], [0.0785626769, 0, 0.996909142]]], [[[0.0474618413, -0.0111620314, 1.08015978], [-0.0587709099, -0.0280246921, 0.12459287], [0.108864598, -0.0280246921, -0.501922965], [0.14720732, 0, 0.989105701]], [[0.0164764374, -0.0060823448, 2.26418591], [-0.0510505363, -0.0280246921, 0.621043861], [0.125838205, -0.0280246921, 1.2531873], [0.0407656021, 0, 0.999168813]], [[0.0252526253, -0.0280246772, 3.36907983], [-0.038589932, -0.0280246921, 2.39692616], [0.144225702, -0.0280246921, 1.94274724], [0.154418245, 0, 0.988005579]]], [[0, 0, 0], [-0.0750193968, -0.0280246921, -1.42939818], [0.166163236, -0.0280246921, -0.771395743], [0, 0, 1]], 18, 4000]
          - [[[ [-0.299095452, 0.0168626588, -2.48892426], [0.442054421, 0.0168626606, 2.17082119], [0.329752654, 0.0168626606, 2.4247489], [0.221642047, 0, 0.975128055]], [[-0.248004943, 0.0168626606, -1.97403002], [-0.223519221, 0.0168626606, -2.72217298], [-0.339437336, 0.0168626606, -2.46028233], [0.0690455139, 0, 0.99761343]], [[-0.112062633, -0.0111620314, -1.07537889], [-0.248278379, 0.0168626606, -2.50024796], [-0.38997072, 0.0168626606, -1.81391025], [0.14720732, 0, 0.989105701]]], [[[0.204945132, -0.00507968664, 1.16656566], [0.02985394, 0.0168626606, -0.46861583], [-0.052051574, 0.0168626606, 0.182680115], [0.10676346, 0, 0.994284511]], [[0.358913004, 0.0168626457, 2.26071429], [0.278951943, 0.0168626606, 1.28975368], [0.0312694907, 0.0168626606, 0.867434502], [-0.00729432702, 0, 0.999973416]], [[0.495194435, 0.0168626476, 3.09972048], [0.442054421, 0.0168626606, 2.17082119], [0.329752654, 0.0168626606, 2.4247489], [-0.33961004, 0, 0.940566421]]], [[0, 0, 0], [-0.0355910063, 0.0168626606, -0.960794806], [-0.293627948, 0.0168626606, -1.55580795], [0, 0, 1]], 18, 4350]
          - [[[ [0.115060367, -0.0219423454, -3.17100406], [-0.0875930414, -0.0219423454, 2.30233908], [0.0544541106, -0.0219423454, 2.10318232], [0.0378577672, 0, 0.999283075]], [[0.0758381486, 0.00608234433, -2.26297545], [0.0591513775, -0.0219423454, -3.69424367], [0.273309648, -0.0219423454, -3.02695632], [-0.0407655984, 0, 0.999168813]], [[0.0792271718, -0.00507968618, -1.18177891], [0.0120369894, -0.0219423454, -2.14088202], [0.205073446, -0.0219423454, -2.76004314], [0.106763452, 0, 0.994284511]]], [[[-0.0362727717, -0.0219423305, 1.10433316], [-0.0604318418, -0.0219423454, 0.130385071], [0.140746698, -0.0219423454, -0.315963775], [0.114013232, 0, 0.993479311]], [[-0.0822000802, -0.0219423324, 1.95309365], [-0.128536299, -0.0219423454, 1.02383006], [0.0102337766, -0.0219423454, 1.2643168], [0.438087046, 0, 0.898932636]], [[-0.125897273, -0.0219423417, 2.36351442], [-0.0875930414, -0.0219423454, 2.30233908], [0.0544541106, -0.0219423454, 2.10318232], [0.760793447, 0, 0.648994148]]], [[0, 0, 0], [-0.000487174839, -0.0219423454, -1.64452887], [0.1504848, -0.0219423454, -1.00570011], [0, 0, 1]], 18, 4700]
          - [[[ [-0.495297641, -0.0280246772, -3.33256888], [0.191638649, 1.43545629e-08, 1.28771424], [0.115091309, 1.43545629e-08, 1.41156566], [0.154418245, 0, 0.988005579]], [[-0.375393808, -0.0168626457, -2.25803614], [-0.417992234, 1.43545629e-08, -3.21854591], [-0.680362523, 1.43545629e-08, -3.81166101], [0.00729432702, 0, 0.999973416]], [[-0.161944851, -0.0219423324, -1.09299648], [-0.34895891, 1.43545629e-08, -2.72685742], [-0.426111519, 1.43545629e-08, -2.07498145], [0.11401324, 0, 0.993479311]]], [[[0.142397761, 1.07975939e-09, 0.837989569], [0.0824834704, 1.43545629e-08, -0.090497531], [-0.0279630478, 1.43545629e-08, 0.1642427], [-0.332740188, 0, 0.943018556]], [[0.232603401, 1.09870903e-08, 1.24075198], [0.187574163, 1.43545629e-08, 1.18434286], [0.0237467587, 1.43545629e-08, 1.00267994], [-0.681838632, 0, 0.731502712]], [[0.176669404, 5.71649306e-09, 1.33027577], [0.191638649, 1.43545629e-08, 1.28771424], [0.115091309, 1.43545629e-08, 1.41156566], [-0.993515611, -0, -0.113695949]]], [[0, 0, 0], [-0.0870414451, 1.43545629e-08, -0.970351636], [-0.337797821, 1.43545629e-08, -1.39085293], [0, 0, 1]], 18, 5050]
          - [[[ [-1.51845932, -0.0168626457, -2.74731994], [0.121891364, 1.32748026e-08, 0.551855445], [0.165102839, 1.32748026e-08, 0.4562805], [0.33961001, 0, 0.940566421]], [[-0.929517269, -0.0219423324, -1.71968877], [-1.64952624, 1.32748026e-08, -3.19822311], [-1.50537717, 1.32748026e-08, -2.55782008], [0.438087046, 0, 0.898932636]], [[-0.413116485, -1.07975928e-09, -0.742858291], [-0.818073153, 1.32748026e-08, -1.62895584], [-1.19445872, 1.32748026e-08, -1.94205952], [0.332740188, 0, 0.943018556]]], [[[0.219080806, 9.90733007e-09, 0.349797368], [0.157847822, 1.32748026e-08, 0.311585546], [-0.0570909679, 1.32748026e-08, 0.194786087], [-0.399586082, 0, 0.916695774]], [[0.196122184, 4.63673322e-09, 0.452831507], [0.196076542, 1.32748026e-08, 0.407714367], [0.16510129, 1.32748026e-08, 0.549978852], [-0.974734902, -0, 0.223365188]], [[-0.000210024416, 1.31031284e-08, 0.292286634], [0.121891364, 1.32748026e-08, 0.551855445], [0.165102839, 1.32748026e-08, 0.4562805], [-0.886586308, -0, -0.462563217]]], [[0, 0, 0], [-0.365445226, 1.32748026e-08, -0.855644703], [-0.384836048, 1.32748026e-08, -0.578669906], [0, 0, 1]], 18, 5400]
          - [[[ [-1.87985289, -0.0219423436, -1.43812513], [-0.299735188, 3.3674723e-09, 0.187668502], [0.0228975788, 3.3674723e-09, 0.056786757], [0.760793507, 0, 0.648994148]], [[-1.01614249, -1.09870903e-08, -0.74901545], [-1.74143684, 3.3674723e-09, -1.39948201], [-2.21157956, 3.3674723e-09, -1.53610444], [0.681838632, 0, 0.731502712]], [[-0.340604603, -9.90733096e-09, -0.233116075], [-1.01751041, 3.3674723e-09, -0.871455014], [-0.924610555, 3.3674723e-09, -0.609805167], [0.399586111, 0, 0.916695774]]], [[[0.0201249234, -5.27059729e-09, 0.103624873], [0.00205489434, 3.3674723e-09, 0.0622844286], [0.0305069312, 3.3674723e-09, 0.205074936], [-0.804281652, -0, 0.594248414]], [[-0.224003464, 3.19579785e-09, 0.0349057168], [-0.00835356116, 3.3674723e-09, 0.22406131], [-0.00693221018, 3.3674723e-09, 0.119181469], [-0.99756366, -0, -0.0697620809]], [[-0.780946255, 2.6258038e-09, -0.318125486], [-0.299735188, 3.3674723e-09, 0.187668502], [0.0228975788, 3.3674723e-09, 0.056786757], [-0.753853917, 0, -0.657042086]]], [[0, 0, 0], [-0.0714009479, 3.3674723e-09, -0.0105607659], [-0.315105855, 3.3674723e-09, -0.0317437649], [0, 0, 1]], 18, 5750]
          - [[[ [-1.30156302, -5.71649261e-09, 0.326770812], [-0.31870535, 8.63806893e-09, 0.35666424], [-1.04456198, 8.63806893e-09, 0.442444921], [0.993515551, 0, -0.113695949]], [[-0.485197484, -4.63673322e-09, 0.0900203735], [-1.40085185, 8.63806893e-09, 0.255111396], [-1.1352061, 8.63806893e-09, 0.335878789], [0.974734902, 0, 0.223365188]], [[-0.0953027755, 5.27059685e-09, -0.0453928001], [-0.146226496, 8.63806893e-09, 0.00575794652], [-0.308084816, 8.63806893e-09, 0.189177364], [0.804281592, 0, 0.594248414]]], [[[-0.200342432, 8.4663947e-09, 0.155511737], [0.0799415112, 8.63806893e-09, 0.0944738761], [-0.00356677314, 8.63806893e-09, 0.0310060401], [-0.648908913, 0, 0.760866165]], [[-0.815241218, 7.89640087e-09, 0.393662333], [-0.122481585, 8.63806893e-09, 0.307200372], [-0.0360233858, 8.63806893e-09, -0.0300634652], [-0.976423204, -0, 0.215864629]], [[-1.80852795, -0.00200331141, 0.738312721], [-0.31870535, 8.63806893e-09, 0.35666424], [-1.04456198, 8.63806893e-09, 0.442444921], [-0.963158488, 0, 0.268934339]]], [[0, 0, 0], [-0.0439874418, 8.63806893e-09, -0.0100330934], [0.087763913, 8.63806893e-09, 0.0519364811], [0, 0, 1]], 18, 6100]
          - [[[ [-0.259234488, -1.31031292e-08, 0.135014817], [-0.81002003, 1.71674411e-10, 1.60132229], [-0.773678243, 1.71674411e-10, 1.17625952], [0.886586368, 0, -0.462563217]], [[-0.0504476279, -3.19579785e-09, -0.221022606], [-0.0560015887, 1.71674411e-10, -0.149058878], [-0.0601316132, 1.71674411e-10, 0.0955300331], [0.99756366, 0, -0.0697620809]], [[0.0515208244, -8.46639558e-09, -0.248327583], [0.0115417093, 1.71674411e-10, -0.227417588], [0.151999444, 1.71674411e-10, -0.265761673], [0.648908913, 0, 0.760866165]]], [[[-0.313317627, -5.69994052e-10, 0.580214083], [0.157673791, 1.71674411e-10, 0.0648901463], [0.00460339338, 1.71674411e-10, -0.247825965], [-0.602850854, -0, 0.797853827]], [[-0.845429063, -0.00200332003, 1.48699951], [0.0404713005, 1.71674411e-10, 0.229856879], [-0.456144542, 1.71674411e-10, 0.766139388], [-0.55832082, 0, 0.829625189]], [[-1.54599547, 2.58198324e-11, 2.37438345], [-0.81002003, 1.71674411e-10, 1.60132229], [-0.773678243, 1.71674411e-10, 1.17625952], [-0.717218518, -0, 0.696848214]]], [[0, 0, 0], [0.173650548, 1.71674411e-10, -0.22832039], [0.0689270869, 1.71674411e-10, -0.222421631], [0, 0, 1]], 18, 6450]
          - [[[ [0.273294419, 2.6258038e-09, -0.797741234], [-0.26516369, -7.41668449e-10, 1.94978905], [-0.0877645463, -7.41668449e-10, 2.22847939], [-0.753853977, 0, -0.657042146]], [[0.208399326, 7.89640175e-09, -0.880998373], [0.227691203, -7.41668449e-10, -0.840213835], [0.138742208, -7.41668449e-10, -0.955481887], [-0.976423383, 0, 0.215864658]], [[0.0998008922, -5.69994052e-10, -0.651809871], [0.0988962799, -7.41668449e-10, -0.938661575], [0.178894252, -7.41668449e-10, -0.870822549], [-0.602850914, 0, 0.797853947]]], [[[-0.122109137, 0.00200331956, 1.04426622], [-0.0710587204, -7.41668449e-10, -0.492815822], [0.00186978665, -7.41668449e-10, 0.234444618], [-0.0546818823, 0, 0.998503923]], [[-0.0981199294, -5.95813843e-10, 2.17460608], [-0.219280139, -7.41668449e-10, 1.11413276], [0.00797393359, -7.41668449e-10, 0.75308603], [0.152139992, 0, 0.988358915]], [[-0.104963638, -8.74309569e-10, 3.4066689], [-0.26516369, -7.41668449e-10, 1.94978905], [-0.0877645463, -7.41668449e-10, 2.22847939], [0.0634893104, 0, 0.997982502]]], [[0, 0, 0], [-0.0651188567, -7.41668449e-10, -0.69509083], [0.245530173, -7.41668449e-10, -0.852313936], [0, 0, 1]], 18, 6800]
          - [[[ [-0.224736869, 0.00200331165, -1.94045687], [-0.124265246, 0.00200332026, 2.26985455], [-0.341354012, 0.00200332026, 2.34152436], [0.963158548, 0, 0.268934339]], [[-0.128833398, 0.00200332003, -1.70567286], [-0.112244539, 0.00200332026, -1.99204588], [-0.195832372, 0.00200332026, -1.9286828], [0.55832082, 0, 0.829625189]], [[-0.0648240075, 0.00200331956, -1.0493809], [0.0382062867, 0.00200332026, -1.73987103], [-0.263380706, 0.00200332026, -1.91384566], [-0.0546818711, -0, 0.998503804]]], [[[-0.0857624188, 0.00200332003, 1.12733698], [0.0932051912, 0.00200332026, 0.0750754699], [-0.11396616, 0.00200332026, -0.297857642], [-0.205957696, -0, 0.978560925]], [[-0.146300435, 0.00200332049, 2.35793066], [0.0933248401, 0.00200332026, 0.911990464], [-0.0990481973, 0.00200332026, 1.18056333], [-0.117965862, -0, 0.993017673]], [[-0.225585043, 0.00200332026, 3.45422482], [-0.124265246, 0.00200332026, 2.26985455], [-0.341354012, 0.00200332026, 2.34152436], [0.00923230499, 0, 0.999957442]]], [[0, 0, 0], [0.0330764949, 0.00200332026, -1.53757381], [-0.0795108601, 0.00200332026, -0.815389335], [0, 0, 1]], 18, 7150]
          - [[[ [0.625627756, 2.58198324e-11, -2.76340199], [-0.464789003, -1.45854578e-10, 2.47757816], [-0.352146357, -1.45854578e-10, 2.57167125], [-0.717218578, 0, 0.696848333]], [[0.427822292, 5.95813843e-10, -2.13436365], [0.469212562, -1.45854578e-10, -2.83126974], [0.800165236, -1.45854578e-10, -2.93940043], [-0.152139992, 0, 0.988358915]], [[0.148259953, 0.00200332003, -1.12083125], [0.432567745, -1.45854578e-10, -2.63225341], [0.394001871, -1.45854578e-10, -1.90236354], [-0.205957711, 0, 0.978561044]]], [[[-0.194210097, -2.78495726e-10, 1.21667922], [-0.130895525, -1.45854578e-10, -0.247613952], [0.00203855988, -1.45854578e-10, 0.0548215583], [-0.0890828446, 0, 0.996024251]], [[-0.342415482, -1.40381803e-10, 2.30579901], [-0.197632968, -1.45854578e-10, 1.1259532], [4.06950712e-05, -1.45854578e-10, 1.2407974], [-0.214983299, 0, 0.976617813]], [[-0.453046381, -3.94770397e-11, 2.95905089], [-0.464789003, -1.45854578e-10, 2.47757816], [-0.352146357, -1.45854578e-10, 2.57167125], [-0.0474798307, 0, 0.99887228]]], [[0, 0, 0], [0.041590631, -1.45854578e-10, -1.06656158], [0.321128845, -1.45854578e-10, -1.3888309], [0, 0, 1]], 18, 7500]
          - [[[ [0.321038902, 8.74309569e-10, -3.39313197], [-0.0962071717, 1.32641134e-10, 1.96263409], [-0.0316245258, 1.32641134e-10, 1.980322], [-0.063489303, 0, 0.997982502]], [[0.132876396, 0.00200332049, -2.35872531], [0.281412065, 1.32641134e-10, -3.88946509], [0.308020204, 1.32641134e-10, -3.1590414], [-0.117965877, 0, 0.993017793]], [[0.0850527287, 2.78495726e-10, -1.22914279], [0.0314656645, 1.32641134e-10, -2.29516888], [0.281183839, 1.32641134e-10, -2.64105892], [0.0890828446, 0, 0.996024251]]], [[[-0.0505942777, 1.38113909e-10, 1.09799206], [-0.0114913769, 1.32641134e-10, -0.0900603458], [0.195627004, 1.32641134e-10, 0.00671792869], [-0.12712869, 0, 0.991886377]], [[-0.102591783, 2.39018666e-10, 1.75850213], [-0.157178655, 1.32641134e-10, 1.27998996], [-0.0366017818, 1.32641134e-10, 1.36367416], [0.0416913256, 0, 0.999130666]], [[-0.104802042, 6.04946038e-10, 1.97912395], [-0.0962071717, 1.32641134e-10, 1.96263409], [-0.0316245258, 1.32641134e-10, 1.980322], [-0.327140927, 0, 0.944975615]]], [[0, 0, 0], [-0.067380555, 1.32641134e-10, -1.46411157], [0.0919668376, 1.32641134e-10, -1.17472076], [0, 0, 1]], 18, 7850]
          - [[[ [0.257465899, -0.00200332026, -3.45199466], [-0.0685261339, 5.47277891e-12, 0.922384501], [-0.119792968, 5.47277891e-12, 0.91692102], [-0.00923230499, 0, 0.999957442]], [[0.161299184, -1.40381803e-10, -2.32549787], [0.349973977, 5.47277891e-12, -3.37606168], [0.14625448, 5.47277891e-12, -3.75089192], [-0.214983284, -0, 0.976617694]], [[0.0894025266, 1.38113909e-10, -1.09551525], [0.342366964, 5.47277891e-12, -2.53918147], [0.147522584, 5.47277891e-12, -2.27239633], [-0.127128676, -0, 0.991886258]]], [[[-0.0323941521, -1.00904757e-10, 0.661761045], [0.0825824365, 5.47277891e-12, 0.194071069], [-0.0476547629, 5.47277891e-12, 0.261747509], [-0.168371201, -0, 0.985723734]], [[-0.0582491755, -4.66832129e-10, 0.88087374], [-0.0646779835, 5.47277891e-12, 0.863424957], [-0.13098523, 5.47277891e-12, 0.872758985], [0.204353064, 0, 0.978897274]], [[-0.056275785, -6.68374245e-11, 0.945050061], [-0.0685261339, 5.47277891e-12, 0.922384501], [-0.119792968, 5.47277891e-12, 0.91692102], [0.350611299, 0, 0.936521173]]], [[0, 0, 0], [0.112249926, 5.47277891e-12, -1.18338406], [-0.105491243, 5.47277891e-12, -1.11372161], [0, 0, 1]], 18, 8200]
          - [[[ [0.31204018, 3.94770362e-11, -2.97722411], [0.00365699269, -1.06377532e-10, 0.237886161], [0.0358370245, -1.06377532e-10, 0.273238748], [0.0474798232, 0, 0.998872161]], [[0.175816834, -2.39018638e-10, -1.75269604], [0.169535607, -1.06377532e-10, -3.21834373], [0.316679358, -1.06377532e-10, -2.92256093], [-0.0416913107, 0, 0.999130547]], [[0.0794898123, -1.0090475e-10, -0.657767832], [0.16809018, -1.06377532e-10, -1.84315717], [0.370993674, -1.06377532e-10, -1.73782802], [-0.168371186, 0, 0.985723734]]], [[[-0.0114063472, 3.65927344e-10, 0.220337749], [-0.00213145465, -1.06377532e-10, 0.204220533], [0.0616575927, -1.06377532e-10, 0.224585533], [-0.366253734, 0, 0.930514991]], [[-0.0241570063, -3.40673288e-11, 0.283265591], [-0.00826532207, -1.06377532e-10, 0.262986243], [0.0431894995, -1.06377532e-10, 0.26623258], [-0.503288984, 0, 0.864118218]], [[-0.0161822047, 4.79393081e-10, 0.290873647], [0.00365699269, -1.06377532e-10, 0.237886161], [0.0358370245, -1.06377532e-10, 0.273238748], [-0.582143247, 0, 0.813086212]]], [[0, 0, 0], [-0.0345896147, -1.06377532e-10, -0.480371863], [0.0823934972, -1.06377532e-10, -0.391733408], [0, 0, 1]], 18, 8550]
          - [[[ [0.103056625, 2.36181759e-08, -1.78126824], [0.0576983839, -8.34345482e-09, -0.448202759], [-0.13525258, -8.34345482e-09, -0.455889434], [0.0071372427, 0, 0.999974549]], [[-0.0111160651, 0.00959687028, -1.17778075], [0.0729065016, -8.34345482e-09, -2.08145642], [0.0997107029, -8.34345482e-09, -1.36017168], [-0.0513853654, 0, 0.998678863]], [[-0.00255780108, -1.79842026e-08, -0.575845599], [-0.0299653858, -8.34345482e-09, -1.15294278], [0.108477503, -8.34345482e-09, -1.17096102], [-0.110194698, 0, 0.993910134]]], [[[-0.112175114, 0.0133333961, 0.633159399], [-0.0576129332, -8.34345482e-09, -0.218651965], [-0.0216219984, -8.34345482e-09, 0.392990291], [-0.0224039331, 0, 0.999749005]], [[-0.12296012, -3.0007957e-08, 1.22883725], [-0.132540286, -8.34345482e-09, 0.42125231], [-0.00961745158, -8.34345482e-09, 0.710014999], [-0.109951891, 0, 0.993936896]], [[-0.100023381, -5.01367765e-08, 1.84061813], [-0.170780435, -8.34345482e-09, 1.55817068], [-0.0552421063, -8.34345482e-09, 0.866118491], [-0.0183818359, 0, 0.999831021]]], [[0, 0, 0], [-0.0794528201, -8.34345482e-09, -0.322965413], [0.0698578954, -8.34345482e-09, -0.935688317], [0, 0, 1]], 27, 2600]
          - [[[ [0.0604614988, -0.00373652577, -1.81274974], [-0.0424049832, -0.0133334054, 1.08963311], [0.0684811845, -0.0133334054, 1.45567548], [-0.0289981328, 0, 0.99957943]], [[0.0825033337, -0.0133334147, -1.21115744], [0.0421733707, -0.0133334054, -1.78749585], [0.180177838, -0.0133334054, -1.80861115], [-0.0878995433, 0, 0.996129453]], [[0.0979617015, -0.013333397, -0.635513663], [0.0112931188, -0.0133334054, -0.956618011], [0.146838963, -0.0133334054, -1.57253218], [0.022403935, 0, 0.999749005]]], [[[0.00256322324, -0.0133334268, 0.595769942], [-0.0251076184, -0.0133334054, -0.211397648], [0.104253791, -0.0133334054, 0.0745386258], [-0.0876561999, 0, 0.996150792]], [[0.0392005071, -0.0133334473, 1.20688343], [-0.0378667265, -0.0133334054, 0.926092148], [0.0621379241, -0.0133334054, 0.23162508], [0.00402292423, 0, 0.999991894]], [[-0.0596099868, -0.0133332945, 1.83102], [-0.0424049832, -0.0133334054, 1.08963311], [0.0684811845, -0.0133334054, 1.45567548], [0.0238608867, 0, 0.999715388]]], [[0, 0, 0], [0.0354645625, -0.0133334054, -0.852820039], [0.0851496533, -0.0133334054, -0.242137596], [0, 0, 1]], 27, 2950]
          - [[[ [0.00327418791, -5.09188958e-09, 0.0227200668], [0.217665121, 2.30283148e-09, 2.36425948], [0.227571338, 2.30283148e-09, 2.16790652], [0.0829191282, 0, 0.996556282]], [[0.000658309553, 4.86696572e-10, 0.0198399741], [0.0223504752, 2.30283148e-09, -0.0504414327], [-0.0347481593, 2.30283148e-09, -0.00968682393], [0.102809526, 0, 0.994701028]], [[-0.000551627716, -4.15974188e-09, 0.0151422024], [0.0224325061, 2.30283148e-09, -0.0504789054], [-0.0346638821, 2.30283148e-09, -0.0141716041], [0.136901557, 0, 0.990584671]]], [[[-0.00340770697, -4.76382844e-09, -0.0139929783], [0.0123680299, 2.30283148e-09, -0.0574596748], [-0.0511944108, 2.30283148e-09, -0.00450605713], [-0.263261497, 0, 0.964724541]], [[-0.190476269, 3.67379482e-09, 0.237891793], [0.00436455477, 2.30283148e-09, -0.0871251598], [-0.0821674839, 2.30283148e-09, 0.0439406186], [-0.362700045, 0, 0.931906044]], [[-0.498223156, -8.12319323e-10, 0.924182415], [-0.0706083775, 2.30283148e-09, 0.046889618], [-0.135355085, 2.30283148e-09, 0.148215115], [-0.455601573, 0, 0.890183806]]], [[0, 0, 0], [0.023140274, 2.30283148e-09, -0.0538530648], [-0.0346618518, 2.30283148e-09, -0.0212317444], [0, 0, 1]], 38, 2600]
          - [[[ [0.0128294993, 5.2505249e-09, 0.0315690562], [-0.324270606, 7.0666597e-09, 1.12006676], [-0.205898315, 7.0666597e-09, 0.514259219], [0.361049324, 0, 0.932546735]], [[0.0104255006, 6.04086503e-10, 0.0273555294], [0.0153233474, 7.0666597e-09, -0.042001605], [-0.0302006248, 7.0666597e-09, 0.00805622339], [0.392855048, 0, 0.919600427]], [[0.00697131036, 4.763828e-09, 0.012602252], [0.0151178632, 7.0666597e-09, -0.0454430617], [-0.0320573263, 7.0666597e-09, 0.00124459714], [0.263261467, 0, 0.964724541]]], [[[-0.114158064, 8.43762304e-09, 0.292247385], [-0.0117547959, 7.0666597e-09, -0.0725985467], [-0.0607297942, 7.0666597e-09, 0.0766243786], [-0.104570657, 0, 0.994517565]], [[-0.230375171, 3.9515089e-09, 1.03534675], [-0.0488020927, 7.0666597e-09, 0.0764262825], [-0.0845897272, 7.0666597e-09, 0.191222802], [-0.205178946, 0, 0.978724539]], [[-0.270409226, 0.00271479087, 2.06798935], [-0.324270606, 7.0666597e-09, 1.12006676], [-0.205898315, 7.0666597e-09, 0.514259219], [-0.00365027785, 0, 0.999993384]]], [[0, 0, 0], [0.00377613306, 7.0666597e-09, -0.0460865349], [-0.043603465, 7.0666597e-09, 0.0217326656], [0, 0, 1]], 38, 2950]
          - [[[ [0.0962006301, -7.83353649e-09, -0.276467323], [-0.059476614, -1.37096334e-09, 1.24677968], [-0.0682953596, -1.37096334e-09, 2.08521843], [0.486864418, 0, 0.873477519]], [[0.091222614, -3.67379482e-09, -0.290778518], [0.0932546705, -1.37096334e-09, -0.349357486], [0.0512202829, -1.37096334e-09, -0.297992647], [0.362699986, 0, 0.931905925]], [[0.082971707, -8.43762393e-09, -0.302582681], [0.0819078386, -1.37096334e-09, -0.348811418], [0.0418798923, -1.37096334e-09, -0.276409537], [0.104570627, 0, 0.994517446]]], [[[-0.0378735662, -4.48611415e-09, 0.751178026], [0.0424291119, -1.37096334e-09, -0.221472144], [0.018842034, -1.37096334e-09, -0.10356269], [-0.101708174, 0, 0.994814217]], [[0.0302958488, 0.00271478272, 1.78234541], [-0.122394979, -1.37096334e-09, 0.845252275], [-0.0680213645, -1.37096334e-09, 0.230387956], [0.100939691, 0, 0.994892478]], [[0.216976404, 0.0371947326, 2.81311798], [-0.059476614, -1.37096334e-09, 1.24677968], [-0.0682953596, -1.37096334e-09, 2.08521843], [0.137901008, 0, 0.990445912]]], [[0, 0, 0], [0.0636896789, -1.37096334e-09, -0.373553991], [0.0305875167, -1.37096334e-09, -0.220027849], [0, 0, 1]], 38, 3300]
          - [[[ [0.0224511921, 8.12319323e-10, -1.04968357], [0.511739194, 3.1151508e-09, 2.43684864], [0.177986145, 3.1151508e-09, 1.65770924], [0.455601573, 0, 0.890183806]], [[0.0130425096, -3.95150934e-09, -1.06058729], [0.00728231668, 3.1151508e-09, -1.10646796], [-0.0251742601, 3.1151508e-09, -1.03037047], [0.205178946, 0, 0.978724539]], [[-0.0387238264, 4.48611415e-09, -0.751134753], [-0.0133579373, 3.1151508e-09, -1.12922943], [-0.0306735635, 3.1151508e-09, -0.97313261], [0.101708233, 0, 0.994814396]]], [[[0.172694087, 0.00271478714, 1.01888669], [-0.0745149925, 3.1151508e-09, 0.102182955], [-0.0829601288, 3.1151508e-09, -0.515023172], [0.201604933, 0, 0.979466915]], [[0.463244557, 0.0371947363, 2.02532721], [0.0289157182, 3.1151508e-09, 0.495228857], [0.105418682, 3.1151508e-09, 1.33021653], [0.23792237, 0, 0.971284091]], [[1.05274606, 3.61277692e-08, 2.81426311], [0.511739194, 3.1151508e-09, 2.43684864], [0.177986145, 3.1151508e-09, 1.65770924], [0.725755095, 0, 0.687953115]]], [[0, 0, 0], [-0.0190402567, 3.1151508e-09, -0.975773811], [-0.0305126905, 3.1151508e-09, -0.856076777], [0, 0, 1]], 38, 3650]
          - [[[ [0.262858748, -0.0027147911, -2.06896234], [0.177404165, -0.00271478412, 1.8000232], [0.50137645, -0.00271478412, 2.29603076], [0.00365027785, 0, 0.999993384]], [[0.149768233, -0.00271478272, -1.77630019], [0.250838935, -0.00271478412, -2.14151764], [0.202409089, -0.00271478412, -1.99211693], [-0.100939691, 0, 0.994892597]], [[0.0362644494, -0.00271478714, -1.03278172], [0.214335978, -0.00271478412, -1.99235857], [0.178967655, -0.00271478412, -1.87743211], [-0.201604933, 0, 0.979466915]]], [[[0.0816811919, 0.0344799496, 1.0443517], [-0.0352541208, -0.00271478412, -0.541891932], [-0.128659636, -0.00271478412, 0.291374207], [0.0372214019, 0, 0.999306977]], [[0.500025034, -0.00271475106, 1.93593478], [0.046215415, -0.00271478412, 1.45720005], [-0.123606399, -0.00271478412, 0.626772404], [0.572158396, 0, 0.820143104]], [[1.01025319, -0.00271474733, 2.69092536], [0.177404165, -0.00271478412, 1.8000232], [0.50137645, -0.00271478412, 2.29603076], [0.806199968, 0, 0.591643095]]], [[0, 0, 0], [-0.0573211014, -0.00271478412, -0.947719514], [0.0588390231, -0.00271478412, -1.55395508], [0, 0, 1]], 38, 4000]
          - [[[ [0.173028409, -0.0371947326, -2.81616306], [0.903713822, -0.0371947326, 1.95912695], [0.686194777, -0.0371947326, 1.68657076], [-0.137901038, 0, 0.99044621]], [[0.0319285393, -0.0371947363, -2.07738471], [0.245593429, -0.0371947326, -3.02966833], [0.205972016, -0.0371947326, -2.91613817], [-0.23792237, 0, 0.97128427]], [[-0.0427523851, -0.0344799496, -1.04666841], [-0.0647583008, -0.0371947326, -1.99586475], [0.0738862157, -0.0371947326, -2.59735656], [-0.0372213721, 0, 0.999307096]]], [[[0.384867996, -0.037194699, 0.906536579], [-0.0508080125, -0.0371947326, 0.411242157], [-0.189602464, -0.0371947326, -0.42493096], [0.541235089, 0, 0.840871334]], [[0.866640925, -0.0371946953, 1.67999554], [0.0675294697, -0.0371947326, 0.758710742], [0.372815132, -0.0371947326, 1.26643348], [0.783619523, 0, 0.621241033]], [[1.55560946, -0.0371947251, 1.99145281], [0.903713822, -0.0371947326, 1.95912695], [0.686194777, -0.0371947326, 1.68657076], [0.999855757, 0, 0.0169882178]]], [[0, 0, 0], [-0.0578120947, -0.0371947326, -1.58949709], [-0.182168216, -0.0371947326, -0.760284841], [0, 0, 1]], 38, 4350]
          - [[[ [-1.3182261, 3.61277692e-08, -2.70011711], [-0.142339766, 3.30126184e-08, 1.80955684], [-0.270987213, 3.30126184e-08, 1.82592905], [0.725755215, 0, 0.687953115]], [[-0.697569251, -0.00271475106, -1.87383723], [-1.1928035, 3.30126184e-08, -2.68389988], [-1.63493431, 3.30126184e-08, -3.11463785], [0.572158456, 0, 0.820143223]], [[-0.167024925, -0.037194699, -0.97058475], [-0.978703916, 3.30126184e-08, -2.33843708], [-0.425337732, 3.30126184e-08, -1.70848238], [0.541235089, 0, 0.840871334]]], [[[0.0135140568, -3.85357168e-09, 0.911131859], [0.186832339, 3.30126184e-08, -0.296057254], [0.204923749, 3.30126184e-08, 0.296103567], [-0.322685838, 0, 0.946506202]], [[-0.397248417, 2.38869582e-08, 1.54592109], [0.133416206, 3.30126184e-08, 1.16591048], [0.16880478, 3.30126184e-08, 0.818997025], [-0.831555426, 0, 0.555441856]], [[-0.915409863, 3.50755336e-08, 1.84926414], [-0.142339766, 3.30126184e-08, 1.80955684], [-0.270987213, 3.30126184e-08, 1.82592905], [-0.987852573, -0, -0.15539448]]], [[0, 0, 0], [0.0982767567, 3.30126184e-08, -0.652282059], [-0.237581179, 3.30126184e-08, -1.4305166], [0, 0, 1]], 38, 4700]
          - [[[ [-1.57171452, -0.00271474733, -2.40653372], [-0.64466691, 3.68661901e-08, 1.4074347], [-0.444228232, 3.68661901e-08, 1.35446858], [0.806199968, 0, 0.591643095]], [[-0.778084397, -0.0371946953, -1.72279882], [-1.98773003, 3.68661901e-08, -2.75556231], [-1.26068807, 3.68661901e-08, -2.33786941], [0.783619463, 0, 0.621241033]], [[-0.306800395, 3.85357168e-09, -0.858031034], [-0.424262971, 3.68661901e-08, -1.50713253], [-0.993279696, 3.68661901e-08, -2.13535953], [0.322685778, 0, 0.946506083]]], [[[-0.183951735, 2.77405299e-08, 0.733379126], [0.19570154, 3.68661901e-08, 0.202458799], [0.117253006, 3.68661901e-08, -0.137316287], [-0.607839108, 0, 0.79406023]], [[-0.576510191, 3.89291053e-08, 1.18769848], [0.142392367, 3.68661901e-08, 0.900656521], [0.0259099007, 3.68661901e-08, 0.957665682], [-0.985152006, -0, 0.171684116]], [[-1.20164573, 5.5795276e-08, 1.21043038], [-0.64466691, 3.68661901e-08, 1.4074347], [-0.444228232, 3.68661901e-08, 1.35446858], [-0.960617661, -0, -0.277873546]]], [[0, 0, 0], [-0.225495905, 3.68661901e-08, -1.19853914], [-0.0172904432, 3.68661901e-08, -0.643893182], [0, 0, 1]], 38, 5050]
          - [[[ [-1.96473825, -0.0371947214, -1.58921635], [-0.324661791, 9.12566023e-09, 1.29171908], [-0.212733552, 9.12566023e-09, 1.11458004], [0.999855638, 0, 0.0169882476]], [[-1.06487048, -2.38869564e-08, -1.18900347], [-1.55269217, 9.12566023e-09, -1.63303077], [-2.38638687, 9.12566023e-09, -1.78601027], [0.831555367, 0, 0.555441916]], [[-0.299707711, -2.77405281e-08, -0.694160283], [-1.20728397, 9.12566023e-09, -1.50880742], [-0.704820752, 9.12566023e-09, -1.19494057], [0.607839108, 0, 0.794060349]]], [[[-0.0355619937, 1.11885736e-08, 0.599369347], [0.360814631, 9.12566023e-09, -0.0655363724], [0.302972943, 9.12566023e-09, 0.0505349562], [-0.677913785, -0, 0.735141516]], [[-0.518139958, 2.80547443e-08, 0.997401774], [0.0438818336, 9.12566023e-09, 0.81528151], [0.170847237, 9.12566023e-09, 0.651388645], [-0.931690693, -0, 0.363252699]], [[-1.37547755, 2.36854252e-08, 1.06735742], [-0.324661791, 9.12566023e-09, 1.29171908], [-0.212733552, 9.12566023e-09, 1.11458004], [-0.995588064, -0, -0.093832165]]], [[0, 0, 0], [-0.0212465078, 9.12566023e-09, -0.652350843], [-0.290067971, 9.12566023e-09, -0.874468684], [0, 0, 1]], 38, 5400]
          - [[[ [-1.96904981, -3.50755336e-08, -0.616924524], [-0.27887851, -2.06291362e-09, 1.08537447], [-0.744114697, -2.06291362e-09, 1.39643025], [0.987852573, 0, -0.15539445]], [[-1.07108605, -3.89291053e-08, -0.771859348], [-2.29054356, -2.06291362e-09, -0.75548166], [-1.70838726, -2.06291362e-09, -0.865371764], [0.985152125, 0, 0.171684176]], [[-0.380177617, -1.11885745e-08, -0.46472922], [-0.838034391, -2.06291362e-09, -0.929896116], [-1.18623304, -2.06291362e-09, -0.910946369], [0.677913785, 0, 0.735141516]]], [[[-0.084931463, 1.68661725e-08, 0.619756281], [0.204772234, -2.06291362e-09, 0.104869887], [0.187004566, -2.06291362e-09, -0.101686127], [-0.438670516, 0, 0.898648143]], [[-0.667772055, 1.24968524e-08, 1.25238454], [0.256824076, -2.06291362e-09, 0.704959691], [0.219022214, -2.06291362e-09, 0.498859763], [-0.795508206, 0, 0.605942905]], [[-1.52370048, -0.0215178635, 1.80262756], [-0.27887851, -2.06291362e-09, 1.08537447], [-0.744114697, -2.06291362e-09, 1.39643025], [-0.859847486, 0, 0.510551095]]], [[0, 0, 0], [-0.159355789, -2.06291362e-09, -0.757508993], [-0.123191305, -2.06291362e-09, -0.632968485], [0, 0, 1]], 38, 5750]
          - [[[ [-1.49666643, -5.5795276e-08, -0.817975521], [-0.816150188, -1.89290859e-08, 1.97557521], [-0.40553546, -1.89290859e-08, 1.34238672], [0.960617661, 0, -0.277873546]], [[-0.741054118, -2.80547461e-08, -0.845054924], [-1.35656118, -1.89290859e-08, -1.06222796], [-1.6611563, -1.89290859e-08, -0.892454267], [0.931690693, 0, 0.36325267]], [[-0.195545346, -1.68661725e-08, -0.594199657], [-0.671046972, -1.89290859e-08, -1.20502889], [-0.583915472, -1.89290859e-08, -1.10897493], [0.438670516, 0, 0.898647964]]], [[[-0.246253192, -4.36932002e-09, 0.824185014], [0.344494104, -1.89290859e-08, -0.073350206], [0.220113561, -1.89290859e-08, -0.241978943], [-0.44907257, 0, 0.893495321]], [[-0.774056077, -0.0215178803, 1.69413018], [0.0299627781, -1.89290859e-08, 0.503505588], [-0.251669735, -1.89290859e-08, 0.987120688], [-0.548736453, 0, 0.835995317]], [[-1.50291646, -0.00392226549, 2.41188526], [-0.816150188, -1.89290859e-08, 1.97557521], [-0.40553546, -1.89290859e-08, 1.34238672], [-0.795105517, -0, 0.606471241]]], [[0, 0, 0], [0.034476161, -1.89290859e-08, -0.589786053], [-0.0721007586, -1.89290859e-08, -0.767613053], [0, 0, 1]], 38, 6100]
          - [[[ [-1.19171214, -2.36854252e-08, -1.26925659], [-0.102390617, -1.45597649e-08, 1.60465813], [-0.400148988, -1.45597649e-08, 2.34562635], [0.995588064, 0, -0.0938321948]], [[-0.591650367, -1.24968516e-08, -1.29009163], [-1.29081535, -1.45597649e-08, -1.62232995], [-1.16982889, -1.45597649e-08, -1.57563472], [0.795508146, 0, 0.605942965]], [[-0.15009281, 4.36931957e-09, -0.846991062], [-0.38414529, -1.45597649e-08, -1.38944447], [-0.55922848, -1.45597649e-08, -1.50047123], [0.44907257, 0, 0.893495381]]], [[[-0.0809209347, -0.0215178747, 1.0143137], [0.102789328, -1.45597649e-08, -0.410566598], [0.0683302581, -1.45597649e-08, 0.148014665], [-0.114870906, 0, 0.993380487]], [[-0.409830034, -0.00392226037, 1.98293591], [0.0078574121, -1.45597649e-08, 1.2846868], [0.0903921574, -1.45597649e-08, 0.534540057], [-0.438073456, -0, 0.898939312]], [[-0.887263715, -0.0123797059, 2.856251], [-0.102390617, -1.45597649e-08, 1.60465813], [-0.400148988, -1.45597649e-08, 2.34562635], [-0.602454722, -0, 0.798153222]]], [[0, 0, 0], [0.124771461, -1.45597649e-08, -1.06723189], [-0.0620884895, -1.45597649e-08, -1.162045], [0, 0, 1]], 38, 6450]
          - [[[ [-0.772057712, 0.0215178635, -2.23048329], [-0.702058792, 0.0215178616, 2.28938532], [-0.29601869, 0.0215178616, 1.68901646], [0.859847486, 0, 0.510551095]], [[-0.282523751, 0.0215178803, -1.84103787], [-0.577339053, 0.0215178616, -2.35301471], [-0.764016867, 0.0215178616, -2.44319439], [0.548736572, 0, 0.835995436]], [[-0.0361298472, 0.0215178765, -1.01689494], [-0.0347781777, 0.0215178616, -2.0913949], [-0.231292546, 0.0215178616, -2.16411519], [0.114870921, 0, 0.993380487]]], [[[-0.215465426, 0.0175956152, 0.99999243], [0.119248696, 0.0215178616, 0.25838536], [0.115067057, 0.0215178616, -0.496276677], [-0.331911623, -0, 0.943310559]], [[-0.589420199, 0.0091381697, 1.9223696], [0.0464858338, 0.0215178616, 0.58890295], [-0.164185867, 0.0215178616, 1.35916984], [-0.506782174, -0, 0.862074316]], [[-1.15201437, 0.0215179008, 2.51172709], [-0.702058792, 0.0215178616, 2.28938532], [-0.29601869, 0.0215178616, 1.68901646], [-0.968605876, -0, 0.248601973]]], [[0, 0, 0], [0.0188169181, 0.0215178616, -1.43655121], [0.0487506688, 0.0215178616, -0.87770915], [0, 0, 1]], 38, 6800]
          - [[[ [1.00622773, -0.00392226549, -2.65771604], [0.279453039, -0.0039222464, 1.90131009], [0.383263946, -0.0039222464, 2.03968549], [-0.795105517, 0, 0.606471241]], [[0.500259161, -0.00392226083, -1.96207428], [0.855623126, -0.0039222464, -2.97610998], [1.06513393, -0.0039222464, -2.97948289], [-0.438073456, 0, 0.898939192]], [[0.128658295, 0.0175956152, -1.01481891], [0.587716043, -0.0039222464, -2.37617803], [0.373993129, -0.0039222464, -1.85895193], [-0.331911564, 0, 0.943310499]]], [[[0.0466078371, 0.00845744554, 0.994207919], [-0.110655986, -0.0039222464, -0.474729657], [-0.167587668, -0.0039222464, 0.321795464], [0.191920489, 0, 0.981410563]], [[0.381694168, -0.00392228458, 1.7368865], [0.0310442746, -0.0039222464, 1.37780344], [-0.152708277, -0.0039222464, 0.676700115], [0.831182122, 0, 0.556000352]], [[0.621330619, -0.00392225292, 2.17078876], [0.279453039, -0.0039222464, 1.90131009], [0.383263946, -0.0039222464, 2.03968549], [0.937409878, 0, -0.348227739]]], [[0, 0, 0], [-0.0695913285, -0.0039222464, -0.810661197], [0.184834316, -0.0039222464, -1.52115381], [0, 0, 1]], 38, 7150]
          - [[[ [1.01258922, -0.0123797068, -2.81426167], [0.310340673, -0.0123796919, 1.37095737], [0.335897952, -0.0123796919, 1.37222886], [-0.602454662, 0, 0.798153102]], [[0.466098577, 0.0091381697, -1.95593286], [1.17789543, -0.0123796919, -3.20388246], [0.868879199, -0.0123796919, -2.73728919], [-0.506782115, 0, 0.862074196]], [[0.145067438, -0.00845744554, -0.984671116], [0.232352257, -0.0123796919, -1.79361856], [0.618406355, -0.0123796919, -2.44207406], [-0.191920489, 0, 0.981410563]]], [[[0.186321989, -0.0123797301, 0.793182611], [-0.0888941139, -0.0123796919, 0.373477817], [-0.134674668, -0.0123796919, -0.349858314], [0.709023118, 0, 0.705185413]], [[0.33822906, -0.0123796985, 1.26500976], [0.0544252396, -0.0123796919, 0.934927464], [0.129749238, -0.0123796919, 1.09065402], [0.986815989, 0, -0.16184622]], [[0.461131364, -0.0123796957, 1.35144114], [0.310340673, -0.0123796919, 1.37095737], [0.335897952, -0.0123796919, 1.37222886], [0.743349671, 0, -0.668903172]]], [[0, 0, 0], [0.127578825, -0.0123796919, -1.47181296], [-0.0811640024, -0.0123796919, -0.701021135], [0, 0, 1]], 38, 7500]
          - [[[ [2.14648008, 0.0215179008, -1.74026775], [-0.245129243, 3.83038739e-08, 0.695106626], [-0.27459836, 3.83038739e-08, 0.668678045], [-0.968605757, 0, 0.248601928]], [[1.23144698, 0.00392228458, -1.28296685], [1.86656141, 3.83038739e-08, -1.79153776], [2.59857082, 3.83038739e-08, -1.97509766], [-0.831182122, 0, 0.556000352]], [[0.43099314, 0.0123797301, -0.691447377], [1.56450903, 3.83038739e-08, -1.63889194], [0.870797694, 3.83038739e-08, -1.24334431], [-0.709023118, 0, 0.705185413]]], [[[-0.227413654, 3.15649693e-08, 0.440431207], [-0.193511978, 3.83038739e-08, 0.00643856823], [-0.250808299, 3.83038739e-08, 0.16966106], [0.810640812, 0, 0.585543633]], [[-0.202026576, 3.4305355e-08, 0.588521898], [-0.322199345, 3.83038739e-08, 0.495370358], [-0.305078268, 3.83038739e-08, 0.514387727], [0.998467088, 0, 0.0553513169]], [[-0.175539285, 3.89384738e-08, 0.739302278], [-0.245129243, 3.83038739e-08, 0.695106626], [-0.27459836, 3.83038739e-08, 0.668678045], [0.780124307, 0, -0.625624657]]], [[0, 0, 0], [0.103501976, 3.83038739e-08, -0.491104186], [0.5840801, 3.83038739e-08, -1.03364968], [0, 0, 1]], 38, 7850]
          - [[[ [2.25128365, 0.00392225292, 0.173487306], [-0.12005125, 6.73890366e-09, 0.202861786], [-0.418358266, 6.73890366e-09, 0.227973938], [-0.937410057, 0, -0.348227769]], [[1.30307293, 0.0123796985, -0.129032791], [2.73483348, 6.73890366e-09, 0.235071421], [2.00798798, 6.73890366e-09, -0.0956690907], [-0.986816108, 0, -0.16184622]], [[0.490192145, -3.15649693e-08, -0.0735408813], [0.948906183, 6.73890366e-09, -0.277200878], [1.67011523, 6.73890366e-09, -0.205308735], [-0.810640931, 0, 0.585543692]]], [[[-0.105183139, 2.74038614e-09, 0.107293367], [-0.100037083, 6.73890366e-09, -0.0446678624], [-0.105428219, 6.73890366e-09, -0.0196533464], [0.539775968, 0, 0.841808796]], [[-0.211902425, 7.3735027e-09, 0.217053562], [-0.216823563, 6.73890366e-09, 0.134762585], [-0.212654948, 6.73890366e-09, 0.0953986645], [0.963953793, 0, 0.266070098]], [[0.0608584061, 5.22468557e-09, 0.253644407], [-0.12005125, 6.73890366e-09, 0.202861786], [-0.418358266, 6.73890366e-09, 0.227973938], [0.999994814, 0, -0.00323417783]]], [[0, 0, 0], [0.371663094, 6.73890366e-09, -0.226639569], [0.205798745, 6.73890366e-09, -0.177512392], [0, 0, 1]], 38, 8200]
          - [[[ [1.3130455, 0.0123796957, 0.561201334], [0.200915903, 3.99851752e-09, 0.24471958], [-0.355034947, 3.99851752e-09, -0.0756494552], [-0.743349671, 0, -0.668903172]], [[0.59880209, -3.4305355e-08, 0.169141412], [1.09488237, 3.99851752e-09, 0.245301485], [1.6631968, 3.99851752e-09, 0.695112228], [-0.998467088, 0, 0.0553513169]], [[0.146458477, -2.74038614e-09, -0.0335451551], [0.581662297, 3.99851752e-09, -0.0237175226], [0.415518552, 3.99851752e-09, -0.0718914121], [-0.539775968, 0, 0.841808677]]], [[[-0.149083152, 4.63311656e-09, 0.0347925983], [-0.108807102, 3.99851752e-09, -0.0371369906], [-0.0840502307, 3.99851752e-09, -0.0680237636], [0.667846501, 0, 0.744299233]], [[0.0607784539, 2.48429965e-09, 0.212824821], [-0.064101629, 3.99851752e-09, 0.0724248812], [-0.328774005, 3.99851752e-09, -0.0674544573], [0.843550086, 0, 0.537050664]], [[0.756797791, 0.0137914633, 0.428057313], [0.200915903, 3.99851752e-09, 0.24471958], [-0.355034947, 3.99851752e-09, -0.0756494552], [0.934630454, 0, 0.355620712]]], [[0, 0, 0], [0.0863570198, 3.99851752e-09, -0.125144571], [0.0683164895, 3.99851752e-09, -0.106997132], [0, 0, 1]], 38, 8550]
          - [[[ [-0.466925979, 3.89384738e-08, 0.599468172], [-0.259055108, 6.34599095e-10, 0.538972497], [-0.584386587, 6.34599095e-10, 1.04983664], [0.780124307, 0, -0.625624657]], [[-0.265610486, 7.3735027e-09, 0.146512657], [-0.58296895, 6.34599095e-10, 0.444476664], [-0.491481125, 6.34599095e-10, 0.297662407], [0.963953674, 0, 0.266070068]], [[-0.134198576, 4.63311656e-09, 0.0736685321], [-0.282051355, 6.34599095e-10, 0.0381967649], [-0.256504118, 6.34599095e-10, 0.0396555774], [0.667846501, 0, 0.744299233]]], [[[-0.0373016298, 2.1488169e-09, 0.272664517], [-0.0381190926, 6.34599095e-10, 0.084764272], [0.0654584169, 6.34599095e-10, -0.196108282], [-0.269186258, 0, 0.963088214]], [[-0.411606014, -0.0137914587, 0.897695899], [-0.120305017, 6.34599095e-10, 0.389994025], [0.0795313939, 6.34599095e-10, -0.219746083], [-0.458144605, 0, 0.888877749]], [[-0.578307688, -0.00732092001, 1.83552003], [-0.259055108, 6.34599095e-10, 0.538972497], [-0.584386587, 6.34599095e-10, 1.04983664], [-0.0457107425, 0, 0.998954713]]], [[0, 0, 0], [-0.0780153498, 6.34599095e-10, -0.0266389158], [-0.117069483, 6.34599095e-10, -0.0330941342], [0, 0, 1]], 38, 8900]
          - [[[ [-0.25383991, 5.22468557e-09, -0.060037747], [-0.195022821, -1.51421786e-09, 1.88682806], [-0.366666228, -1.51421786e-09, 1.2868222], [0.999994636, 0, -0.00323417783]], [[-0.146887273, 2.48429965e-09, -0.165567353], [-0.298831075, -1.51421786e-09, -0.159929842], [-0.273834109, -1.51421786e-09, -0.165401846], [0.843550086, 0, 0.537050664]], [[-0.037472792, -2.1488169e-09, -0.272641063], [-0.119779274, -1.51421786e-09, -0.277296007], [-0.1591295, -1.51421786e-09, -0.273000121], [0.269186258, 0, 0.963088214]]], [[[-0.192238271, -0.0137914615, 0.702717841], [-0.0483560823, -1.51421786e-09, 0.135342032], [-0.020029664, -1.51421786e-09, -0.505684614], [-0.201959938, 0, 0.97939384]], [[-0.100337327, -0.00732092187, 1.6507988], [-0.141881689, -1.51421786e-09, 0.31617102], [-0.317686975, -1.51421786e-09, 0.895752907], [0.224881381, 0, 0.974386096]], [[0.172288775, -7.21567922e-05, 2.6085043], [-0.195022821, -1.51421786e-09, 1.88682806], [-0.366666228, -1.51421786e-09, 1.2868222], [0.310177803, 0, 0.950678527]]], [[0, 0, 0], [-0.0513674542, -1.51421786e-09, -0.180744454], [-0.0272202194, -1.51421786e-09, -0.479131103], [0, 0, 1]], 38, 9250]
          - [[[ [-0.130942374, 0.0137914633, -0.859552264], [0.567953229, 0.0137914596, 1.6040349], [0.732442379, 0.0137914596, 1.99897528], [0.934630454, 0, 0.355620712]], [[-0.0454070866, 0.0137914587, -0.986516833], [-0.126957685, 0.0137914596, -0.97445333], [-0.164629459, 0.0137914596, -0.962298751], [0.458144605, 0, 0.888877749]], [[0.046356082, 0.0137914615, -0.727061987], [-0.0404560268, 0.0137914596, -0.893707752], [-0.0770685077, 0.0137914596, -1.1908226], [0.201959938, 0, 0.97939384]]], [[[0.281481624, 0.00647053914, 0.90998435], [-0.0287480801, 0.0137914596, -0.388751566], [-0.0838783011, 0.0137914596, 0.214392975], [0.417034388, 0, 0.908890665]], [[0.741907835, 0.0137193045, 1.79289544], [0.236415714, 0.0137914596, 1.1602726], [-0.0528679788, 0.0137914596, 0.607295632], [0.495785236, 0, 0.868445098]], [[1.45946193, 0.0137914736, 2.51523781], [0.567953229, 0.0137914596, 1.6040349], [0.732442379, 0.0137914596, 1.99897528], [0.867819488, 0, 0.496879697]]], [[0, 0, 0], [0.0263301134, 0.0137914596, -0.584742785], [-0.0753889084, 0.0137914596, -1.21828115], [0, 0, 1]], 38, 9600]
          - [[[ [0.493800223, 0.00732092001, -1.86003613], [0.237452865, 0.00732092047, 1.99260688], [0.193208843, 0.00732092047, 2.09867764], [0.0457107574, 0, 0.998954833]], [[0.469001323, 0.00732092187, -1.58595169], [0.459595591, 0.00732092047, -1.7736181], [0.550225973, 0.00732092047, -2.05893159], [-0.224881411, 0, 0.974386215]], [[0.123658776, -0.00647053914, -0.944463849], [0.391447842, 0.00732092047, -1.46495068], [0.563203692, 0.00732092047, -2.08318806], [-0.417034447, 0, 0.908890724]]], [[[0.050272882, 0.00724876532, 0.994483232], [-0.145338804, 0.00732092047, 0.208690584], [-0.177655593, 0.00732092047, -0.414546281], [0.0884430557, 0, 0.996081293]], [[0.401209354, 0.00732093398, 1.95025837], [-0.0290715545, 0.00732092047, 0.750284553], [-0.0442726016, 0.00732092047, 1.17783999], [0.581537127, 0, 0.813519955]], [[0.922442079, 0.00732093956, 2.70466852], [0.237452865, 0.00732092047, 1.99260688], [0.193208843, 0.00732092047, 2.09867764], [0.896540642, 0, 0.442961544]]], [[0, 0, 0], [0.259652734, 0.00732092047, -1.30978549], [-0.0419866741, 0.00732092047, -0.784584284], [0, 0, 1]], 38, 9950]
          - [[[ [0.645308971, 7.21567922e-05, -2.53328919], [0.557578564, 7.21552788e-05, 1.99403381], [0.537647367, 7.21552788e-05, 1.8765142], [-0.310177863, 0, 0.950678647]], [[0.244584739, -0.0137193045, -1.92485833], [0.557357907, 7.21552788e-05, -2.41962123], [0.783119559, 7.21552788e-05, -3.02024531], [-0.495785296, 0, 0.868445218]], [[0.0378792733, -0.00724876532, -0.99503243], [0.41235593, 7.21552788e-05, -2.27672052], [0.0654481649, 7.21552788e-05, -1.78025556], [-0.0884430707, 0, 0.996081233]]], [[[0.26502955, 7.2168812e-05, 0.983067572], [-0.0574358329, 7.21552788e-05, -0.25025928], [-0.110391654, 7.21552788e-05, 0.174276263], [0.507308066, 0, 0.861764848]], [[0.717497349, 7.21743854e-05, 1.78062105], [0.0981693864, 7.21552788e-05, 1.01076698], [0.0447174907, 7.21552788e-05, 1.11250865], [0.853850424, 0, 0.520518482]], [[1.3949132, 7.21635515e-05, 2.09864998], [0.557578564, 7.21552788e-05, 1.99403381], [0.537647367, 7.21552788e-05, 1.8765142], [0.997754693, 0, 0.0669743717]]], [[0, 0, 0], [-0.125347227, 7.21552788e-05, -0.80001384], [-0.102416381, 7.21552788e-05, -1.4236666], [0, 0, 1]], 38, 10300]
          - [[[ [-1.45759535, 0.0137914736, -2.51631975], [-0.178746462, 1.35328788e-08, 1.71777189], [-0.320337415, 1.35328788e-08, 1.83005857], [0.867819488, 0, 0.496879697]], [[-0.807755768, 0.00732093398, -1.81989193], [-1.78067732, 1.35328788e-08, -2.73443079], [-1.22986364, 1.35328788e-08, -2.48258376], [0.581537127, 0, 0.813519835]], [[-0.270324856, 7.2168812e-05, -0.981624603], [-0.568158448, 1.35328788e-08, -1.73463798], [-0.904303491, 1.35328788e-08, -2.26044703], [0.507308006, 0, 0.861764789]]], [[[0.0146844685, -5.57403101e-09, 0.91684407], [0.157846361, 1.35328788e-08, -0.0607791096], [0.255523741, 1.35328788e-08, -0.000218205154], [-0.471755028, 0, 0.881729603]], [[-0.40775004, 5.25993116e-09, 1.53456855], [0.260762841, 1.35328788e-08, 1.01962745], [0.218320251, 1.35328788e-08, 0.908242047], [-0.825853229, 0, 0.563885093]], [[-1.01690698, 1.08039746e-08, 1.80884099], [-0.178746462, 1.35328788e-08, 1.71777189], [-0.320337415, 1.35328788e-08, 1.83005857], [-0.999807537, 0, -0.0196190178]]], [[0, 0, 0], [-0.347787201, 1.35328788e-08, -1.22642684], [-0.086781472, 1.35328788e-08, -0.887441993], [0, 0, 1]], 38, 10650]
          - [[[ [-2.01623869, 0.00732093956, -2.02507091], [-0.322280824, 1.91069098e-08, 1.36861598], [-0.495517522, 1.91069098e-08, 1.48295546], [0.896540523, 0, 0.442961544]], [[-1.14691329, 7.21743854e-05, -1.53948152], [-1.7647599, 1.91069098e-08, -2.0629313], [-2.30920172, 1.91069098e-08, -2.36797452], [0.853850365, 0, 0.520518422]], [[-0.445473492, 5.57403101e-09, -0.801481128], [-1.33070087, 1.91069098e-08, -1.71878767], [-0.940646529, 1.91069098e-08, -1.54302549], [0.471755087, 0, 0.881729722]]], [[[-0.0810583532, 1.08339622e-08, 0.743951559], [0.265463173, 1.91069098e-08, -0.0254615322], [0.175493643, 1.91069098e-08, -0.103650853], [-0.462163657, 0, 0.886794627]], [[-0.488780707, 1.63780047e-08, 1.27315867], [0.207287997, 1.91069098e-08, 0.797453821], [0.135414809, 1.91069098e-08, 0.963256478], [-0.890815258, 0, 0.454365551]], [[-1.08014441, 1.76744841e-08, 1.39873135], [-0.322280824, 1.91069098e-08, 1.36861598], [-0.495517522, 1.91069098e-08, 1.48295546], [-0.995820343, 0, -0.0913339555]]], [[0, 0, 0], [-0.334968567, 1.91069098e-08, -0.9295367], [-0.220273584, 1.91069098e-08, -0.922218204], [0, 0, 1]], 38, 11000]
          - [[[ [-2.00051427, 7.21635515e-05, -1.53233695], [-0.418488324, 8.27294766e-09, 1.15533984], [-0.3700158, 8.27294766e-09, 1.32308054], [0.997754693, 0, 0.0669743717]], [[-1.0374043, -5.25993116e-09, -1.20206201], [-2.24636483, 8.27294766e-09, -1.60640466], [-1.81923604, 8.27294766e-09, -1.63080859], [0.825853288, 0, 0.563885152]], [[-0.271945298, -1.08339622e-08, -0.697194517], [-0.998591781, 8.27294766e-09, -1.36669242], [-0.89349854, 8.27294766e-09, -1.41321015], [0.462163657, 0, 0.886794627]]], [[[-0.116985694, 5.54404345e-09, 0.657732546], [0.280430794, 8.27294766e-09, -0.0858176574], [0.293321997, 8.27294766e-09, 0.0944324508], [-0.579979002, 0, 0.814631462]], [[-0.583368778, 6.84052193e-09, 1.04239666], [0.0747824162, 8.27294766e-09, 0.665433347], [-0.0259994417, 8.27294766e-09, 0.846892715], [-0.925299406, 0, 0.379237533]], [[-1.2774229, 7.86393173e-08, 1.20193791], [-0.418488324, 8.27294766e-09, 1.15533984], [-0.3700158, 8.27294766e-09, 1.32308054], [-0.995003164, 0, 0.0998445898]]], [[0, 0, 0], [-0.0483013242, 8.27294766e-09, -0.842461109], [-0.164222091, 8.27294766e-09, -0.870218337], [0, 0, 1]], 38, 11350]
          - [[[ [-1.82844377, -1.08039746e-08, -0.981223643], [-0.542227626, 2.72890444e-09, 1.1593945], [-0.454973996, 2.72890444e-09, 1.16486549], [0.999807656, 0, -0.0196190178]], [[-0.912064195, -1.63780047e-08, -1.01389289], [-1.892308, 2.72890444e-09, -1.13784707], [-1.83367503, 2.72890444e-09, -1.23669386], [0.890815377, 0, 0.454365551]], [[-0.28617084, -5.54404345e-09, -0.603658855], [-0.814128339, 2.72890444e-09, -1.26194036], [-0.92465961, 2.72890444e-09, -1.21732068], [0.579979002, 0, 0.814631462]]], [[[-0.156833157, 1.29647848e-09, 0.583851874], [0.160686672, 2.72890444e-09, -0.104948089], [0.183829188, 2.72890444e-09, 0.101325706], [-0.533828139, 0, 0.845593035]], [[-0.629700899, 7.30952721e-08, 1.11635602], [0.0429882556, 2.72890444e-09, 0.580231786], [0.179761633, 2.72890444e-09, 0.688765645], [-0.752653122, 0, 0.658417523]], [[-1.35153794, 9.52672126e-05, 1.47507381], [-0.542227626, 2.72890444e-09, 1.1593945], [-0.454973996, 2.72890444e-09, 1.16486549], [-0.973351777, 0, 0.229317233]]], [[0, 0, 0], [-0.107495487, 2.72890444e-09, -0.836212575], [0.00754734874, 2.72890444e-09, -0.69685179], [0, 0, 1]], 38, 11700]
          - [[[ [-1.491539, -1.76744841e-08, -0.947878003], [-0.26435864, 1.43242596e-09, 1.29816234], [-0.370838165, 1.43242596e-09, 1.63450563], [0.995820284, 0, -0.0913339257]], [[-0.743293524, -6.84052193e-09, -0.935106635], [-1.54113996, 1.43242596e-09, -1.20990622], [-1.61078513, 1.43242596e-09, -1.11317146], [0.925299227, 0, 0.379237473]], [[-0.179059505, -1.29647848e-09, -0.577422976], [-0.716350675, 1.43242596e-09, -1.22713435], [-0.544676542, 1.43242596e-09, -1.17070484], [0.533828139, 0, 0.845592976]]], [[[-0.11558798, 7.17987945e-08, 0.702711821], [0.167035058, 1.43242596e-09, -0.109731436], [0.340628088, 1.43242596e-09, -0.0909694284], [-0.284956455, 0, 0.958540559]], [[-0.534474611, 9.52659175e-05, 1.39137793], [-0.0186460614, 1.43242596e-09, 0.692409158], [0.0580555797, 1.43242596e-09, 0.650456905], [-0.70064342, 0, 0.713511527]], [[-1.21112585, 0.00528784143, 1.94464552], [-0.26435864, 1.43242596e-09, 1.29816234], [-0.370838165, 1.43242596e-09, 1.63450563], [-0.88478303, 0, 0.46600306]]], [[0, 0, 0], [-0.0992082357, 1.43242596e-09, -0.751945376], [0.0304756463, 1.43242596e-09, -0.589875817], [0, 0, 1]], 38, 12050]
          - [[[ [-1.0683881, -7.86393173e-08, -1.39104664], [-0.746123493, -7.03663687e-08, 1.68541241], [-0.344769061, -7.03663687e-08, 1.28277302], [0.995003045, 0, 0.09984456]], [[-0.425622642, -7.30952721e-08, -1.2089746], [-1.12577748, -7.03663687e-08, -1.67864466], [-0.945140958, -7.03663687e-08, -1.67347431], [0.752653003, 0, 0.658417463]], [[-0.0894464701, -7.17987945e-08, -0.706515312], [-0.398813277, -7.03663687e-08, -1.39901543], [-0.228323251, -7.03663687e-08, -1.28061962], [0.284956455, 0, 0.958540559]]], [[[-0.205279946, 9.51941183e-05, 0.779478848], [0.0899869576, -7.03663687e-08, -0.0374997482], [0.151554033, -7.03663687e-08, -0.0995692834], [-0.468275428, 0, 0.883582592]], [[-0.696220458, 0.00528776972, 1.50262439], [0.0270747542, -7.03663687e-08, 0.613156617], [0.0208529532, -7.03663687e-08, 0.965897441], [-0.715309858, 0, 0.698807478]], [[-1.32047367, 0.0341849923, 2.06892562], [-0.746123493, -7.03663687e-08, 1.68541241], [-0.344769061, -7.03663687e-08, 1.28277302], [-0.784311056, 0, 0.620367944]]], [[0, 0, 0], [0.0393947363, -7.03663687e-08, -0.85929507], [0.211137056, -7.03663687e-08, -0.890777409], [0, 0, 1]], 38, 12400]
          - [[[ [1.12583482, 9.52672126e-05, -1.65378165], [0.164464489, 9.52644841e-05, 1.35334849], [0.481459498, 9.52644841e-05, 1.95907748], [-0.973351777, -0, 0.229317263]], [[0.593506098, 9.52659175e-05, -1.36724055], [1.19113803, 9.52644841e-05, -1.83425272], [0.985054076, 9.52644841e-05, -1.80947638], [-0.70064348, -0, 0.713511646]], [[0.183628991, 9.51941183e-05, -0.784861445], [0.551207185, 9.52644841e-05, -1.56256723], [0.414201111, 9.52644841e-05, -1.67080712], [-0.468275487, -0, 0.883582711]]], [[[0.0951552317, -0.00519257551, 0.868854165], [-0.127419963, 9.52644841e-05, -0.255765408], [-0.287102312, 9.52644841e-05, 0.058823701], [0.304801017, 0, 0.952416122]], [[0.381549537, -0.0340898, 1.6615504], [0.0536535084, 9.52644841e-05, 1.05373085], [-0.112430155, 9.52644841e-05, 0.510021269], [0.40250051, 0, 0.915419817]], [[0.699182272, -0.0192462076, 2.3676095], [0.164464489, 9.52644841e-05, 1.35334849], [0.481459498, 9.52644841e-05, 1.95907748], [0.564361691, 0, 0.825527787]]], [[0, 0, 0], [0.121678293, 9.52644841e-05, -0.860134244], [0.0963443369, 9.52644841e-05, -0.943808198], [0, 0, 1]], 38, 12750]
          - [[[ [1.15620112, 0.00528784096, -1.97779465], [0.0879610777, 0.00528783957, 1.91041064], [0.0729662776, 0.00528783957, 1.39311075], [-0.884783149, -0, 0.46600309]], [[0.58831799, 0.00528776925, -1.54805851], [1.1754508, 0.00528783957, -2.17671967], [1.07795572, 0.00528783957, -2.32156873], [-0.715309978, -0, 0.698807597]], [[0.174200222, 0.00519257504, -0.856514096], [0.552258372, 0.00528783957, -1.63863218], [0.553633809, 0.00528783957, -1.72604632], [-0.304801017, 0, 0.952416122]]], [[[0.031151861, -0.0288972203, 0.842270017], [-0.0958775133, 0.00528783957, 0.163429737], [-0.0883350521, 0.00528783957, -0.405030429], [0.104327083, 0, 0.994543135]], [[0.118463039, -0.0140536316, 1.61154652], [-0.0816631317, 0.00528783957, 0.482565761], [0.0356212556, 0.00528783957, 1.15609205], [0.285885394, 0, 0.958263934]], [[0.158758342, 0.0028040926, 2.18233442], [0.0879610777, 0.00528783957, 1.91041064], [0.0729662776, 0.00528783957, 1.39311075], [0.426307708, 0, 0.904578328]]], [[0, 0, 0], [0.130800962, 0.00528783957, -1.13894689], [-0.117170125, 0.00528783957, -0.887998521], [0, 0, 1]], 38, 13100]
          - [[[ [0.803501606, 0.0341849923, -2.31915689], [-0.0507465005, 0.0341850631, 1.29586625], [-0.035202384, 0.0341850631, 1.57142258], [-0.784311056, -0, 0.620367944]], [[0.31949693, 0.0340898, -1.67458987], [0.777087986, 0.0341850631, -2.4129982], [0.787575543, 0.0341850631, -2.49979186], [-0.40250048, 0, 0.915419698]], [[0.0568897128, 0.0288972221, -0.840923667], [0.305799842, 0.0341850631, -1.9600091], [0.0330011845, 0.0341850631, -1.73630023], [-0.104327083, 0, 0.994543016]]], [[[0.00657832623, 0.0148435906, 0.774187565], [-0.0746724755, 0.0341850631, -0.369510949], [-0.0282951221, 0.0341850631, 0.312575787], [0.184352428, 0, 0.982860208]], [[-0.0128948689, 0.0317013152, 1.34606457], [-0.0549367964, 0.0341850631, 1.0682385], [-0.0158813596, 0.0341850631, 0.552197218], [0.329609305, 0, 0.944117427]], [[0.128843963, 0.0341850594, 1.71275973], [-0.0507465005, 0.0341850631, 1.29586625], [-0.035202384, 0.0341850631, 1.57142258], [0.735498846, 0, 0.677525938]]], [[0, 0, 0], [-0.0555147529, 0.0341850631, -0.688388348], [0.0112923384, 0.0341850631, -1.25295961], [0, 0, 1]], 38, 13450]
          - [[[ [0.758993447, 0.0192462076, -2.34911871], [-0.147930175, 0.0193414725, 0.977422595], [-0.172945052, 0.0193414725, 1.11579478], [-0.564361572, 0, 0.825527728]], [[0.347198725, 0.0140536325, -1.57815337], [0.798148751, 0.0193414725, -2.63217092], [0.488784611, 0.0193414725, -2.46258759], [-0.285885364, 0, 0.958263814]], [[0.136257797, -0.0148435906, -0.762130857], [0.208600581, 0.0193414725, -1.44895458], [0.378342748, 0.0193414725, -1.99153328], [-0.184352428, 0, 0.982860208]]], [[[-0.124566332, 0.0168577246, 0.55848527], [-0.114669792, 0.0193414725, 0.277670532], [0.0188497305, 0.0193414725, -0.222325951], [0.149909556, 0, 0.988699675]], [[-0.0528580844, 0.0193414707, 0.945025206], [-0.152515054, 0.0193414725, 0.502169371], [-0.188036799, 0.0193414725, 0.775868177], [0.597988963, 0, 0.801504254]], [[-0.0052486062, 0.0193414912, 1.22388458], [-0.147930175, 0.0193414725, 0.977422595], [-0.172945052, 0.0193414725, 1.11579478], [0.957243681, 0, 0.289282829]]], [[0, 0, 0], [0.130985409, 0.0193414725, -1.13907456], [0.0508235246, 0.0193414725, -0.460128844], [0, 0, 1]], 38, 13800]
          - [[[ [0.786736548, -0.00280409283, -2.04177189], [-0.0246940553, 0.0024837472, 0.810776472], [-0.0553330481, 0.0024837472, 0.589306533], [-0.426307678, 0, 0.904578209]], [[0.455849707, -0.0317013152, -1.26659274], [0.630336523, 0.0024837472, -1.93481028], [0.879498184, 0.0024837472, -2.44581151], [-0.329609305, 0, 0.944117427]], [[0.206880972, -0.0168577246, -0.533500552], [0.507144392, 0.0024837472, -1.64006734], [0.32610786, 0.0024837472, -0.980810881], [-0.149909556, 0, 0.988699675]]], [[[0.0129519105, 0.00248374534, 0.392921686], [-0.0191905797, 0.0024837472, -0.059869349], [-0.0953409821, 0.0024837472, 0.205411553], [0.471078396, 0, 0.882091284]], [[0.0182196796, 0.0024837649, 0.675766945], [-0.0859025121, 0.0024837472, 0.410700738], [-0.131378025, 0.0024837472, 0.543759346], [0.903060317, 0, 0.429513812]], [[-0.0199090242, 0.0024837323, 0.821820736], [-0.0246940553, 0.0024837472, 0.810776472], [-0.0553330481, 0.0024837472, 0.589306533], [0.992643833, 0, 0.121070921]]], [[0, 0, 0], [0.0518815145, 0.0024837472, -0.276157856], [0.258846462, 0.0024837472, -0.7504884], [0, 0, 1]], 38, 14150]
          - [[[ [1.17243791, -0.0341850594, -1.25520384], [-0.238825917, 1.91048266e-09, 0.338134617], [-0.205200493, 1.91048266e-09, 0.276573688], [-0.735498905, 0, 0.677525997]], [[0.607480705, -0.0193414707, -0.725833297], [1.39362013, 1.91048266e-09, -1.56047869], [0.923367918, 1.91048266e-09, -1.06423664], [-0.597989023, 0, 0.801504374]], [[0.173672169, -0.00248374534, -0.352694184], [0.349528432, 1.91048266e-09, -0.571850419], [0.755537271, 1.91048266e-09, -0.892756581], [-0.471078426, 0, 0.882091403]]], [[[-0.128595635, 1.96602148e-08, 0.251976967], [-0.0955739543, 1.91048266e-09, -0.0308854282], [-0.198368534, 1.91048266e-09, 0.065061897], [0.594247043, 0, 0.804282665]], [[-0.231031403, -1.2957031e-08, 0.362848103], [-0.230049551, 1.91048266e-09, 0.350851983], [-0.15274623, 1.91048266e-09, 0.141061887], [0.818568647, 0, 0.57440871]], [[-0.243877769, 1.99735517e-08, 0.318488002], [-0.238825917, 1.91048266e-09, 0.338134617], [-0.205200493, 1.91048266e-09, 0.276573688], [0.971823692, 0, 0.235709354]]], [[0, 0, 0], [0.184947491, 1.91048266e-09, -0.414544702], [-0.00719225407, 1.91048266e-09, -0.216415495], [0, 0, 1]], 38, 14500]
          - [[[ [1.17307425, -0.0193414893, -0.349024624], [-0.102690414, -1.77497306e-08, -0.0289841611], [-0.00451251864, -1.77497306e-08, -0.130604759], [-0.957243741, -0, 0.289282858]], [[0.602432728, -0.00248376466, -0.30670476], [0.874103785, -1.77497306e-08, -0.378466249], [1.39134729, -1.77497306e-08, -0.395295918], [-0.903060317, -0, 0.429513842]], [[0.253163785, -1.9660213e-08, -0.126243129], [0.648255706, -1.77497306e-08, -0.349749714], [0.375983447, -1.77497306e-08, -0.304576337], [-0.594246984, -0, 0.804282665]]], [[[-0.148272127, -3.26172405e-08, 0.0282995701], [-0.140353799, -1.77497306e-08, 0.0192347616], [0.0464870594, -1.77497306e-08, -0.103558496], [0.31701985, 0, 0.948418975]], [[-0.132243395, 3.13336884e-10, -0.0150124244], [-0.139855206, -1.77497306e-08, 0.00379106775], [-0.076228492, -1.77497306e-08, -0.0257395059], [0.641551256, 0, 0.767080307]], [[-0.00810685009, -3.30663474e-09, -0.142485917], [-0.102690414, -1.77497306e-08, -0.0289841611], [-0.00451251864, -1.77497306e-08, -0.130604759], [0.691931307, 0, 0.721963525]]], [[0, 0, 0], [0.194648892, -1.77497306e-08, -0.207878292], [0.0549565963, -1.77497306e-08, -0.191794902], [0, 0, 1]], 38, 14850]
          - [[[ [0.818185687, -0.0024837323, -0.0797360539], [0.0958993733, 1.48675134e-08, -0.0668201894], [0.229137644, 1.48675134e-08, -0.205906004], [-0.992643893, -0, 0.121070921]], [[0.429722488, 1.2957031e-08, -0.0193080306], [0.875291228, 1.48675134e-08, -0.106033862], [0.602742136, 1.48675134e-08, -0.14950633], [-0.818568647, -0, 0.57440871]], [[0.149595618, 3.2617244e-08, 0.0201653689], [0.400105834, 1.48675134e-08, -0.115282714], [0.262520254, 1.48675134e-08, -0.14431417], [-0.31701991, 0, 0.948418856]]], [[[0.0289327279, 3.29305827e-08, -0.0359964781], [0.0157524515, 1.48675134e-08, -0.0205759928], [0.0854590088, 1.48675134e-08, -0.0284124129], [0.365279615, 0, 0.930897832]], [[0.18707779, 2.93106108e-08, -0.117540985], [0.0613906421, 1.48675134e-08, -0.0398786627], [0.186720163, 1.48675134e-08, -0.105133198], [0.427363932, 0, 0.904079795]], [[0.266302824, 8.42640624e-09, -0.177048042], [0.0958993733, 1.48675134e-08, -0.0668201894], [0.229137644, 1.48675134e-08, -0.205906004], [0.344567806, 0, 0.938761473]]], [[0, 0, 0], [0.0103836153, 1.48675134e-08, -0.00608696695], [0.226514921, 1.48675134e-08, -0.0633141324], [0, 0, 1]], 38, 15200]
          - [[[ [0.366998374, -1.99735499e-08, 0.161935568], [0.107031651, -1.80630675e-08, -0.0202132482], [0.270495564, -1.80630675e-08, -0.0852794722], [-0.971823454, -0, 0.235709354]], [[0.0918100327, -3.13336884e-10, 0.0963566378], [0.37448585, -1.80630675e-08, 0.0617745817], [0.257012367, -1.80630675e-08, -0.0155079439], [-0.641551197, 0, 0.767080188]], [[-0.0400821865, -3.29305792e-08, 0.0229405072], [-0.028192658, -1.80630675e-08, 0.0210670866], [0.19390741, -1.80630675e-08, 0.0467428043], [-0.365279615, 0, 0.930897772]]], [[[0.177003428, -3.61997166e-09, -0.0181424394], [0.0316330828, -1.80630675e-08, 0.00824230071], [0.172138199, -1.80630675e-08, -0.00672268867], [0.0675902069, 0, 0.997713208]], [[0.272490531, -2.45041747e-08, -0.0445981324], [0.07359837, -1.80630675e-08, -0.00423217006], [0.248434797, -1.80630675e-08, -0.0850376338], [-0.0221530795, 0, 0.999754608]], [[0.224490702, -1.63800919e-08, -0.0416071266], [0.107031651, -1.80630675e-08, -0.0202132482], [0.270495564, -1.80630675e-08, -0.0852794722], [-0.0304453969, 0, 0.999536395]]], [[0, 0, 0], [-0.0179022774, -1.80630675e-08, 0.00954041071], [0.0498498827, -1.80630675e-08, 0.0277078897], [0, 0, 1]], 38, 15550]
          - [[[ [-0.0927376002, 3.30663497e-09, 0.108479001], [-0.0788021237, -1.44430974e-08, -0.0132031459], [0.084511824, -1.44430974e-08, -0.0675445795], [-0.691931248, 0, 0.721963406]], [[-0.219366014, -2.93106108e-08, 0.0263161361], [-0.207377046, -1.44430974e-08, 0.02525061], [0.0124797067, -1.44430974e-08, 0.065879412], [-0.427363873, 0, 0.904079676]], [[-0.177824929, 3.61997188e-09, 0.00613724813], [-0.196331099, -1.44430974e-08, 0.0144458264], [-0.129961818, -1.44430974e-08, 0.037151143], [-0.0675902069, 0, 0.997713208]]], [[[0.0970569104, -2.08842046e-08, -0.0199411977], [-0.104108803, -1.44430974e-08, 0.00688928925], [0.0757894814, -1.44430974e-08, -0.0619141571], [-0.0896760523, 0, 0.995971084]], [[0.0489646532, -1.27601227e-08, -0.0202013515], [-0.0696718097, -1.44430974e-08, -0.00679548085], [0.0978161544, -1.44430974e-08, -0.0606643483], [-0.0979346931, 0, 0.995192885]], [[-0.00687616225, -1.1129492e-08, -0.0326000638], [-0.0788021237, -1.44430974e-08, -0.0132031459], [0.084511824, -1.44430974e-08, -0.0675445795], [-0.0769353211, 0, 0.997036159]]], [[0, 0, 0], [-0.14682129, -1.44430974e-08, 0.0164987892], [-0.00562597066, -1.44430974e-08, 0.0110647958], [0, 0, 1]], 38, 15900]
          - [[[ [0.0210996903, 2.51196131e-09, -0.00735078193], [0.0965320766, 1.4490209e-08, 2.4931066], [0.0280308425, 1.4490209e-08, 2.30882359], [0.120278083, 0, 0.992740273]], [[0.058307711, 1.03682423e-08, -0.0194526948], [-0.053730119, 1.4490209e-08, -0.042514842], [0.082696788, 1.4490209e-08, -0.0450609736], [-0.0444645733, 0, 0.999010861]], [[0.00643144175, 1.24330777e-08, -0.00531277712], [-0.0398630165, 1.4490209e-08, -0.0212133378], [0.0704608485, 1.4490209e-08, -0.0699146762], [-0.0808617026, 0, 0.996725321]]], [[[0.0461812876, 3.83063803e-09, 0.0430182219], [-0.0451508053, 1.4490209e-08, -0.020973878], [0.0649467111, 1.4490209e-08, -0.0480463505], [-0.0477287471, 0, 0.9988603]], [[-0.0699869692, 1.3667476e-08, 0.275656372], [-0.0533270985, 1.4490209e-08, -0.000421148725], [0.0777919441, 1.4490209e-08, -0.0410177484], [-0.190958619, 0, 0.98159802]], [[-0.478446275, 2.07052153e-08, 0.862800598], [-0.28568688, 1.4490209e-08, 0.351015687], [0.0459696166, 1.4490209e-08, -0.0790188536], [-0.46200791, 0, 0.886875808]]], [[0, 0, 0], [-0.0477403663, 1.4490209e-08, -0.019837331], [0.0581194535, 1.4490209e-08, -0.0718930811], [0, 0, 1]], 39, 2600]
          - [[[ [0.00913094915, 6.53760379e-09, -0.0629784986], [-0.386723161, 1.06595701e-08, 0.439463615], [-0.544566929, 1.06595701e-08, 0.8246876], [0.00326764584, 0, 0.999994576]], [[-0.0420113169, 8.60243876e-09, -0.0463787057], [-0.0890119225, 1.06595701e-08, -0.0600515679], [0.0188617483, 1.06595701e-08, -0.113963023], [-0.03319709, 0, 0.999448836]], [[-0.0481818579, -3.83063758e-09, -0.040765021], [-0.096814625, 1.06595701e-08, -0.0583011508], [0.00643998757, 1.06595701e-08, -0.115350135], [0.0477287471, 0, 0.9988603]]], [[[-0.104932316, 9.83683712e-09, 0.237917587], [-0.10146828, 1.06595701e-08, -0.0386404544], [0.0275636986, 1.06595701e-08, -0.0854489356], [-0.14389053, 0, 0.989593565]], [[-0.484902382, 1.68745764e-08, 0.843887925], [-0.316789567, 1.06595701e-08, 0.32348609], [-0.00603610463, 1.06595701e-08, -0.121887885], [-0.419151843, 0, 0.907916069]], [[-0.737883329, 1.33803812e-08, 1.84000134], [-0.386723161, 1.06595701e-08, 0.439463615], [-0.544566929, 1.06595701e-08, 0.8246876], [-0.0801319629, 0, 0.996784151]]], [[0, 0, 0], [-0.0942822546, 1.06595701e-08, -0.0595600009], [0.0143976342, 1.06595701e-08, -0.0918564424], [0, 0, 1]], 39, 2950]
          - [[[ [0.0213586763, -1.23439814e-09, -0.290391564], [-0.561065078, 8.22732993e-10, 1.65277278], [-0.624930322, 8.22732993e-10, 1.54031825], [0.110959604, 0, 0.993824959]], [[0.0160601065, -1.3667476e-08, -0.283948421], [-0.034589868, 8.22732993e-10, -0.294304252], [0.0593814477, 8.22732993e-10, -0.365616947], [0.190958634, 0, 0.981598139]], [[0.0696062669, -9.83683801e-09, -0.250540525], [-0.0322649851, 8.22732993e-10, -0.295914412], [0.0706368014, 8.22732993e-10, -0.343512774], [0.14389056, 0, 0.989593685]]], [[[-0.288822621, 7.03773972e-09, 0.654338539], [-0.197340116, 8.22732993e-10, 0.115162313], [0.0460944548, 8.22732993e-10, -0.370291471], [-0.284149528, 0, 0.95878005]], [[-0.395839691, 3.54354412e-09, 1.67648757], [-0.249857873, 8.22732993e-10, 0.239995718], [-0.350628942, 8.22732993e-10, 0.643923163], [0.0641297102, 0, 0.997941554]], [[-0.353930831, -9.588174e-05, 2.71819067], [-0.561065078, 8.22732993e-10, 1.65277278], [-0.624930322, 8.22732993e-10, 1.54031825], [0.135927871, 0, 0.990718842]]], [[0, 0, 0], [-0.0363661014, 8.22732993e-10, -0.274178535], [0.0845878348, 8.22732993e-10, -0.339066386], [0, 0, 1]], 39, 3300]
          - [[[ [0.0257017016, -2.07052153e-08, -0.98624301], [0.416675448, -6.21500673e-09, 1.96463501], [0.377460241, -6.21500673e-09, 1.98648643], [0.46200794, 0, 0.886875927]], [[0.0865335464, -1.68745782e-08, -0.969427347], [-0.0240315199, -6.21500673e-09, -0.983984292], [0.0611035824, -6.21500673e-09, -1.05886006], [0.419151932, 0, 0.907916248]], [[0.0909873843, -7.03773972e-09, -0.709435523], [-0.0217873752, -6.21500673e-09, -0.961979032], [0.07574296, -6.21500673e-09, -1.05856121], [0.284149498, 0, 0.95878005]]], [[[0.187837362, -3.4941956e-09, 1.01042497], [-0.0803766847, -6.21500673e-09, -0.408335447], [-0.062218219, -6.21500673e-09, 0.0075761769], [0.345050871, 0, 0.93858403]], [[0.524018288, -9.58887758e-05, 1.99728072], [0.0226840675, -6.21500673e-09, 1.03463626], [-0.070502609, -6.21500673e-09, 0.944964409], [0.411837161, 0, 0.911257625]], [[1.1307838, -2.64447451e-08, 2.80607677], [0.416675448, -6.21500673e-09, 1.96463501], [0.377460241, -6.21500673e-09, 1.98648643], [0.75871563, 0, 0.651422262]]], [[0, 0, 0], [-0.0654950589, -6.21500673e-09, -0.5429461], [0.0299636722, -6.21500673e-09, -1.07756126], [0, 0, 1]], 39, 3650]
          - [[[ [0.588067651, -1.33803821e-08, -1.89321244], [0.0193533897, -2.72081113e-09, 1.97635269], [0.00729453564, -2.72081113e-09, 2.2097013], [0.0801319778, 0, 0.99678427]], [[0.502537608, -3.54354412e-09, -1.64765143], [0.483829319, -2.72081113e-09, -1.92359781], [0.608695507, -2.72081113e-09, -1.98059535], [-0.0641297698, 0, 0.997941554]], [[0.17234689, 3.4941956e-09, -1.01318204], [0.29821834, -2.72081113e-09, -1.54538155], [0.572283745, -2.72081113e-09, -2.01422477], [-0.345050931, 0, 0.93858397]]], [[[-0.0249814987, -9.58852834e-05, 1.04224646], [-0.16336441, -2.72081113e-09, -0.0342618674], [-0.219886526, -2.72081113e-09, -0.15058066], [0.0721135139, 0, 0.997396529]], [[0.265443146, -2.29505481e-08, 2.01073456], [-0.114467382, -2.72081113e-09, 0.974566996], [-0.158813924, -2.72081113e-09, 0.981545329], [0.487344444, 0, 0.873209953]], [[0.825675845, 3.17136077e-08, 2.74634695], [0.0193533897, -2.72081113e-09, 1.97635269], [0.00729453564, -2.72081113e-09, 2.2097013], [0.770304382, 0, 0.637676418]]], [[0, 0, 0], [0.237803131, -2.72081113e-09, -1.42417324], [0.111335695, -2.72081113e-09, -1.02753961], [0, 0, 1]], 39, 4000]
          - [[[ [0.720123768, 9.588174e-05, -2.64485335], [0.628696263, 9.58825622e-05, 1.93338382], [0.539450765, 9.58825622e-05, 1.72059643], [-0.135927871, 0, 0.990718722]], [[0.345038801, 9.58887758e-05, -2.03584719], [0.50896132, 9.58825622e-05, -2.55758381], [0.816123188, 9.58825622e-05, -3.00544262], [-0.411837161, 0, 0.911257446]], [[0.100076541, 9.58852834e-05, -1.03773141], [0.439962685, 9.58825622e-05, -2.44104791], [0.285221875, 9.58825622e-05, -2.0545671], [-0.072113499, 0, 0.99739641]]], [[[0.219827414, 9.5862335e-05, 0.986909926], [-0.0843722671, 9.58825622e-05, -0.0739564225], [-0.129106596, 9.58825622e-05, -0.0701942295], [0.423105389, 0, 0.906080604]], [[0.725553989, 9.59169993e-05, 1.76100743], [-0.0231421888, 9.58825622e-05, 0.934871316], [-0.0519972295, 9.58825622e-05, 1.1667428], [0.722313762, 0, 0.691565514]], [[1.49600136, 9.58834426e-05, 2.15032673], [0.628696263, 9.58825622e-05, 1.93338382], [0.539450765, 9.58825622e-05, 1.72059643], [0.984689474, 0, 0.174317926]]], [[0, 0, 0], [-0.0603917986, 9.58825622e-05, -1.08368492], [-0.108378604, 9.58825622e-05, -1.20377684], [0, 0, 1]], 39, 4350]
          - [[[ [-1.39239609, -2.64447451e-08, -2.68588328], [-0.345432222, -2.02297379e-08, 1.6404984], [-0.60646534, -2.02297379e-08, 2.00112247], [0.758715391, 0, 0.651422143]], [[-0.748132586, -2.29505481e-08, -1.8851552], [-1.64984739, -2.02297379e-08, -3.01286507], [-1.34611773, -2.02297379e-08, -2.72815394], [0.487344325, 0, 0.873209774]], [[-0.218385488, 9.5862335e-05, -0.987229824], [-0.622178495, -2.02297379e-08, -1.99468768], [-0.629510164, -2.02297379e-08, -2.12380409], [0.423105359, 0, 0.906080544]]], [[[-0.130704165, -5.46641559e-08, 0.915370166], [0.198132217, -2.02297379e-08, -0.149952829], [0.322383285, -2.02297379e-08, 0.0479326472], [-0.361869335, 0, 0.932228804]], [[-0.66406846, -2.1112843e-08, 1.59410512], [0.0299900472, -2.02297379e-08, 1.03057599], [0.0208222717, -2.02297379e-08, 0.800013423], [-0.818453014, 0, 0.574573398]], [[-1.26735091, -1.19032393e-08, 1.78481698], [-0.345432222, -2.02297379e-08, 1.6404984], [-0.60646534, -2.02297379e-08, 2.00112247], [-0.995887816, 0, -0.0905947089]]], [[0, 0, 0], [-0.1732288, -2.02297379e-08, -1.08993864], [-0.131104112, -2.02297379e-08, -1.10545719], [0, 0, 1]], 39, 4700]
          - [[[ [-1.58900893, 3.17136077e-08, -2.38730192], [-0.703085065, 3.4434418e-08, 1.47439945], [-0.542694449, 3.4434418e-08, 1.37355101], [0.770304322, 0, 0.637676299]], [[-0.770231724, 9.59169993e-05, -1.74192941], [-1.51122725, 3.4434418e-08, -2.53499031], [-1.56478524, 3.4434418e-08, -2.65270329], [0.722313762, 0, 0.691565514]], [[-0.20939821, 5.46641559e-08, -0.900632322], [-0.765302539, 3.4434418e-08, -1.85401845], [-0.731648326, 3.4434418e-08, -1.88372898], [0.361869365, 0, 0.932228923]]], [[[-0.251604259, 3.35513128e-08, 0.82574445], [0.191493243, 3.4434418e-08, 0.0492478982], [0.0995132327, 3.4434418e-08, -0.162371695], [-0.555065036, 0, 0.831807017]], [[-0.744988859, 4.27609166e-08, 1.22184098], [0.0622259676, 3.4434418e-08, 0.753688872], [-0.0506176353, 3.4434418e-08, 1.18433297], [-0.96117878, 0, 0.275926262]], [[-1.35717094, 4.53023503e-08, 1.14756966], [-0.703085065, 3.4434418e-08, 1.47439945], [-0.542694449, 3.4434418e-08, 1.37355101], [-0.961564839, 0, -0.274577737]]], [[0, 0, 0], [-0.0789569914, 3.4434418e-08, -1.11212063], [0.108482122, 3.4434418e-08, -0.972608745], [0, 0, 1]], 39, 5050]
          - [[[ [-1.85662401, 9.58834426e-05, -1.84793723], [-0.321606129, 8.83105589e-10, 1.0067867], [-0.802785456, 8.83105589e-10, 1.26428509], [0.984689474, 0, 0.174317926]], [[-0.923144102, 2.1112843e-08, -1.4594394], [-1.91474056, 8.83105589e-10, -1.94390965], [-1.90323794, 8.83105589e-10, -1.98730326], [0.818453133, 0, 0.574573517]], [[-0.249055684, -3.35513128e-08, -0.826516747], [-0.932031929, 8.83105589e-10, -1.70776033], [-0.698680639, 8.83105589e-10, -1.69575417], [0.555065036, 0, 0.831807017]]], [[[-0.190541416, 9.20960375e-09, 0.603336394], [0.22105065, 8.83105589e-10, -0.234132528], [0.366222024, 8.83105589e-10, 0.186715841], [-0.646358252, 0, 0.763034105]], [[-0.740984321, 1.17510375e-08, 0.881357968], [-0.015499264, 8.83105589e-10, 0.79015696], [0.0619373918, 8.83105589e-10, 0.61724329], [-0.952244878, 0, 0.305335283]], [[-1.52495992, 4.33941167e-08, 0.723376751], [-0.321606129, 8.83105589e-10, 1.0067867], [-0.802785456, 8.83105589e-10, 1.26428509], [-0.896957994, 0, -0.442115933]]], [[0, 0, 0], [-0.0624344945, 8.83105589e-10, -0.89184314], [-0.256406754, 8.83105589e-10, -1.01681495], [0, 0, 1]], 39, 5400]
          - [[[ [-1.89229274, 1.19032393e-08, -1.10044456], [-1.02692318, -8.3264986e-09, 1.26578295], [-0.408666372, -8.3264986e-09, 1.00816131], [0.995887935, 0, -0.0905947089]], [[-0.968845606, -4.27609166e-08, -1.05320549], [-2.0595789, -8.3264986e-09, -1.28417706], [-1.87376356, -8.3264986e-09, -1.42584455], [0.96117878, 0, 0.275926262]], [[-0.244581804, -9.20960375e-09, -0.583524287], [-0.868671596, -8.3264986e-09, -1.22367597], [-1.0974555, -8.3264986e-09, -1.19365811], [0.646358252, 0, 0.763034105]]], [[[-0.240305185, 2.54143284e-09, 0.567923188], [0.254316151, -8.3264986e-09, 0.0294105336], [0.201638788, -8.3264986e-09, -0.152580261], [-0.529239297, 0, 0.848472536]], [[-0.94061774, 3.4184513e-08, 0.954107046], [0.160766557, -8.3264986e-09, 0.392561078], [-0.0399534702, -8.3264986e-09, 0.900055349], [-0.970174789, 0, 0.242406607]], [[-1.77418792, 3.14558584e-08, 0.929421246], [-1.02692318, -8.3264986e-09, 1.26578295], [-0.408666372, -8.3264986e-09, 1.00816131], [-0.997473061, 0, -0.0710462928]]], [[0, 0, 0], [-0.227246046, -8.3264986e-09, -0.905053139], [0.155543387, -8.3264986e-09, -0.677764237], [0, 0, 1]], 39, 5750]
          - [[[ [-1.47611189, -4.53023503e-08, -0.989910901], [-0.555851996, -1.08679314e-08, 1.1240865], [-1.39541984, -1.08679314e-08, 1.35074449], [0.961564958, 0, -0.274577826]], [[-0.613019943, -1.17510375e-08, -0.974708259], [-1.48133659, -1.08679314e-08, -1.18756652], [-1.65956688, -1.08679314e-08, -1.04101574], [0.952244997, 0, 0.305335313]], [[-0.0966749489, -2.54143284e-09, -0.609046221], [-0.768476844, -1.08679314e-08, -1.25669146], [-0.32340017, -1.08679314e-08, -1.26643038], [0.529239416, 0, 0.848472595]]], [[[-0.389812261, 3.16430793e-08, 0.698299527], [0.247489884, -1.08679314e-08, -0.361052901], [0.345770389, -1.08679314e-08, 0.175771058], [-0.694875598, 0, 0.719130099]], [[-1.11013842, 2.89144246e-08, 1.11851239], [-0.298088849, -1.08679314e-08, 1.00842416], [0.090141505, -1.08679314e-08, 0.462633371], [-0.883929074, 0, 0.467621207]], [[-2.11497521, 0.00261682505, 1.20953298], [-0.555851996, -1.08679314e-08, 1.1240865], [-1.39541984, -1.08679314e-08, 1.35074449], [-0.999997973, 0, 0.00205498934]]], [[0, 0, 0], [0.134670556, -1.08679314e-08, -0.718686342], [-0.00634148717, -1.08679314e-08, -0.845221639], [0, 0, 1]], 39, 6100]
          - [[[ [1.32304752, 4.33941167e-08, -1.04800844], [1.05399024, 4.25110116e-08, 1.83048391], [0.540097117, 4.25110116e-08, 1.39239359], [-0.896957994, 0, -0.442115933]], [[0.69763869, 3.4184513e-08, -1.14384544], [1.63078451, 4.25110116e-08, -1.14276791], [1.31748378, 4.25110116e-08, -1.45904434], [-0.970174789, -0, 0.242406607]], [[0.204905555, 3.16430793e-08, -0.773039103], [0.607457459, 4.25110116e-08, -1.38344729], [0.796789706, 4.25110116e-08, -1.37645686], [-0.694875538, -0, 0.71912998]]], [[[0.226012528, 2.72865464e-09, 0.802724719], [-0.281459033, 4.25110116e-08, 0.159283578], [-0.181390494, 4.25110116e-08, -0.502982736], [0.310721368, 0, 0.950501084]], [[0.885372758, -0.00261679338, 1.56641662], [-0.176464766, 4.25110116e-08, 0.421573102], [0.269794613, 4.25110116e-08, 1.16796482], [0.717700601, 0, 0.696351886]], [[1.438097, 4.44501502e-08, 2.37646174], [1.05399024, 4.25110116e-08, 1.83048391], [0.540097117, 4.25110116e-08, 1.39239359], [0.510287762, 0, 0.86000371]]], [[0, 0, 0], [0.277814984, 4.25110116e-08, -1.20465767], [-0.165887296, 4.25110116e-08, -0.886904299], [0, 0, 1]], 39, 6450]
          - [[[ [1.05312204, 3.14558584e-08, -1.70367265], [0.801558316, 3.9782357e-08, 1.7638669], [0.887370586, 3.9782357e-08, 2.08573651], [-0.997473061, -0, -0.0710462928]], [[0.469561279, 2.89144246e-08, -1.5043236], [1.04185414, 3.9782357e-08, -1.95943594], [1.21964252, 3.9782357e-08, -1.89396191], [-0.883928955, -0, 0.467621177]], [[0.0345985293, -2.72865464e-09, -0.833217621], [0.672974765, 3.9782357e-08, -1.89192283], [0.152502596, 3.9782357e-08, -1.7277658], [-0.310721368, 0, 0.950501084]]], [[[0.389427215, -0.00261679618, 0.930767357], [-0.264123142, 3.9782357e-08, -0.487343282], [-0.0718729421, 3.9782357e-08, 0.36076504], [0.465803742, 0, 0.884888113]], [[0.663093925, 4.17214956e-08, 1.87245917], [0.467646986, 3.9782357e-08, 1.23415661], [0.115315065, 3.9782357e-08, 0.658073664], [0.217807591, 0, 0.975991726]], [[0.724992633, 3.61122865e-08, 2.61230516], [0.801558316, 3.9782357e-08, 1.7638669], [0.887370586, 3.9782357e-08, 2.08573651], [-0.354890168, 0, 0.934907973]]], [[0, 0, 0], [-0.28242135, 3.9782357e-08, -0.769273758], [0.0184741318, 3.9782357e-08, -1.36766505], [0, 0, 1]], 39, 6800]
          - [[[ [1.20518422, 0.00261682505, -2.1174562], [-0.64693886, 0.00261683599, 1.97358274], [-0.299732685, 0.00261683599, 1.66687095], [-0.999997854, -0, 0.00205495954]], [[0.507687151, 0.00261679338, -1.72620964], [1.56572771, 0.00261683599, -2.36568761], [1.02870297, 0.00261683599, -2.46286464], [-0.717700601, 0, 0.696351886]], [[0.0889554322, 0.00261679618, -1.00502157], [0.197374642, 0.00261683599, -1.81729555], [0.742366493, 0.00261683599, -2.20664668], [-0.465803742, 0, 0.884888113]]], [[[-0.196479112, 0.00261683785, 0.960766733], [-0.0721041262, 0.00261683599, 0.304900616], [-0.115536839, 0.00261683599, -0.368985862], [-0.261885285, 0, 0.965099037]], [[-0.486328661, 0.00261683227, 1.6442802], [-0.0233710408, 0.00261683599, 0.929172039], [-0.0973647237, 0.00261683599, 1.25396228], [-0.749521732, 0, 0.661979735]], [[-0.961328566, 0.00261687161, 1.91587877], [-0.64693886, 0.00261683599, 1.97358274], [-0.299732685, 0.00261683599, 1.66687095], [-0.998311043, -0, -0.0580961108]]], [[0, 0, 0], [0.0822422504, 0.00261683599, -1.5592953], [-0.142689824, 0.00261683599, -0.719263554], [0, 0, 1]], 39, 7150]
          - [[[ [-0.0240893364, -4.44501502e-08, -2.77760911], [-0.477639496, -1.93913952e-09, 1.33496451], [-0.444017321, -1.93913952e-09, 1.28123498], [-0.510287762, 0, 0.86000371]], [[-0.239338398, -4.17214956e-08, -1.97193146], [-0.347425699, -1.93913952e-09, -2.78424954], [0.0765800476, -1.93913952e-09, -3.30273724], [-0.217807591, 0, 0.975991726]], [[-0.0619888604, -0.00261683785, -0.978690028], [-0.39097333, -1.93913952e-09, -2.5051024], [-0.388063192, -1.93913952e-09, -1.63548207], [0.261885285, 0, 0.965099037]]], [[[-0.100731403, -5.60921087e-09, 0.735565484], [0.158792257, -1.93913952e-09, -0.0758264512], [0.172438771, -1.93913952e-09, 0.257006109], [-0.549999893, 0, 0.835164666]], [[-0.488025606, 3.37477069e-08, 1.12208045], [-0.169496655, -1.93913952e-09, 1.09543633], [0.0852683485, -1.93913952e-09, 0.708500981], [-0.978683472, -0, 0.205374449]], [[-0.754680634, 2.0236306e-09, 1.29375696], [-0.477639496, -1.93913952e-09, 1.33496451], [-0.444017321, -1.93913952e-09, 1.28123498], [-0.787267685, 0, -0.616611362]]], [[0, 0, 0], [-0.0517274737, -1.93913952e-09, -0.665547788], [-0.27012527, -1.93913952e-09, -1.3045404], [0, 0, 1]], 39, 7500]
          - [[[ [-1.60488272, -3.61122829e-08, -2.18497229], [-0.214186713, 3.67007114e-09, 0.901850045], [-0.111029565, 3.67007114e-09, 0.884740055], [0.354890198, 0, 0.934908092]], [[-0.910484016, -0.00261683203, -1.45299423], [-2.02476692, 3.67007114e-09, -2.54685855], [-1.54404533, 3.67007114e-09, -1.82218301], [0.749521792, 0, 0.661979795]], [[-0.320433646, 5.60921043e-09, -0.66972059], [-0.729685843, 3.67007114e-09, -1.19711256], [-1.2635299, 3.67007114e-09, -1.61065793], [0.549999893, 0, 0.835164785]]], [[[-0.110871255, 3.93569124e-08, 0.535815537], [0.140498623, 3.67007114e-09, 0.33837238], [0.140454948, 3.67007114e-09, -0.124903157], [-0.704405963, -0, 0.709797382]], [[-0.239150017, 7.63284103e-09, 0.825853944], [0.014889136, 3.67007114e-09, 0.707896471], [0.0134179164, 3.67007114e-09, 0.64453131], [-0.996634424, 0, -0.0819748342]], [[-0.505554318, 7.24771265e-09, 0.800161362], [-0.214186713, 3.67007114e-09, 0.901850045], [-0.111029565, 3.67007114e-09, 0.884740055], [-0.977078974, 0, -0.212877125]]], [[0, 0, 0], [-0.229520485, 3.67007114e-09, -0.820383906], [-0.0350655243, 3.67007114e-09, -0.549919486], [0, 0, 1]], 39, 7850]
          - [[[ [1.96849239, 0.00261687161, -0.848399758], [0.308251262, 3.56868455e-08, 0.691303968], [-0.261749655, 3.56868455e-08, 0.258736193], [-0.998311043, 0, -0.0580961108]], [[0.997933626, 3.37477069e-08, -0.708069324], [1.65991771, 3.56868455e-08, -0.794131041], [2.33014274, 3.56868455e-08, -0.711621463], [-0.978683472, 0, 0.205374449]], [[0.298735529, 3.93569159e-08, -0.458418787], [1.03953183, 3.56868455e-08, -0.87904948], [0.710991442, 3.56868455e-08, -0.824049771], [-0.704405904, 0, 0.709797323]]], [[[-0.113252863, 3.1724074e-08, 0.296228826], [-0.210479215, 3.56868455e-08, 0.033556208], [-0.164800137, 3.56868455e-08, -0.0103838816], [0.765152037, 0, 0.64384973]], [[0.0939382166, 3.21092024e-08, 0.465649068], [-0.184503853, 3.56868455e-08, 0.332586348], [-0.245672122, 3.56868455e-08, 0.247777194], [0.843479991, 0, 0.537160635]], [[0.675655186, 3.45954945e-08, 0.547431707], [0.308251262, 3.56868455e-08, 0.691303968], [-0.261749655, 3.56868455e-08, 0.258736193], [0.981417656, 0, 0.191884398]]], [[0, 0, 0], [-0.0393415391, 3.56868455e-08, -0.317211032], [0.287023485, 3.56868455e-08, -0.646012008], [0, 0, 1]], 39, 8200]
          - [[[ [1.48387766, 2.02363037e-09, 0.203609511], [0.014282614, 3.96276967e-09, 0.729332626], [0.173013896, 3.96276967e-09, 0.740239143], [-0.787267685, 0, -0.616611362]], [[0.842678607, 7.63284103e-09, -0.170645922], [1.64148641, 3.96276967e-09, 0.125352949], [1.3878727, 3.96276967e-09, -0.0906188488], [-0.996634305, 0, -0.0819748268]], [[0.299577862, -3.17240705e-08, -0.104071192], [0.516962469, 3.96276967e-09, -0.338409692], [0.978675187, 3.96276967e-09, -0.30038926], [-0.765151978, 0, 0.64384973]]], [[[0.00376765244, 3.85128346e-10, 0.267613828], [-0.073693946, 3.96276967e-09, -0.0311090592], [-0.0481852368, 3.96276967e-09, -0.132516444], [0.132064775, 0, 0.991241097]], [[0.315729767, 2.87141844e-09, 0.765371501], [-0.0309072174, 3.96276967e-09, 0.576883733], [-0.0669220164, 3.96276967e-09, -0.137762249], [0.485064656, 0, 0.87447834]], [[0.876900375, 2.56198387e-08, 1.44435275], [0.014282614, 3.96276967e-09, 0.729332626], [0.173013896, 3.96276967e-09, 0.740239143], [0.738856196, 0, 0.673863113]]], [[0, 0, 0], [0.138385311, 3.96276967e-09, -0.243514627], [0.201416612, 3.96276967e-09, -0.236854002], [0, 0, 1]], 39, 8550]
          - [[[ [0.889441729, 7.24771265e-09, -0.323630452], [0.424654752, 3.57764152e-09, 1.21639955], [0.619232595, 3.57764152e-09, 1.44481111], [-0.977078974, 0, -0.21287711]], [[0.342305779, -3.21091989e-08, -0.329363376], [0.58873421, 3.57764152e-09, -0.532940507], [1.0413816, 3.57764152e-09, -0.434277028], [-0.843479991, 0, 0.537160695]], [[0.0316077061, -3.85128346e-10, -0.265767395], [0.200940624, 3.57764152e-09, -0.488873333], [0.262540191, 3.57764152e-09, -0.47394678], [-0.132064775, 0, 0.991241217]]], [[[0.243493438, 2.48629006e-09, 0.534597099], [-0.0752148181, 3.57764152e-09, 0.301981717], [-0.0165346116, 3.57764152e-09, -0.411161065], [0.365328282, 0, 0.930878937]], [[0.710079312, 2.52347103e-08, 1.2817421], [-0.0505539291, 3.57764152e-09, 0.459063321], [0.105346687, 3.57764152e-09, 0.490837187], [0.643391073, 0, 0.765537739]], [[1.55255151, 1.40389345e-08, 1.76348972], [0.424654752, 3.57764152e-09, 1.21639955], [0.619232595, 3.57764152e-09, 1.44481111], [0.834869862, 0, 0.550447345]]], [[0, 0, 0], [-0.037332356, 3.57764152e-09, -0.306336373], [0.00134526938, 3.57764152e-09, -0.403486729], [0, 0, 1]], 39, 8900]
          - [[[ [0.40761143, -3.45954945e-08, -0.768143475], [0.675958633, 1.09135156e-09, 1.80391645], [0.430159867, 1.09135156e-09, 1.45662045], [-0.981417656, 0, 0.191884398]], [[0.0951558053, -2.87141866e-09, -0.822450161], [0.33429113, 1.09135156e-09, -0.968272626], [0.386179805, 1.09135156e-09, -0.931873798], [-0.485064656, 0, 0.87447834]], [[-0.0313594937, -2.48629028e-09, -0.586600125], [0.0458019674, 1.09135156e-09, -0.885400653], [0.117297888, 1.09135156e-09, -0.961705863], [-0.365328223, 0, 0.930878758]]], [[[0.161381751, 2.27484218e-08, 0.865958452], [-0.246127844, 1.09135156e-09, -0.177736565], [-0.112611145, 1.09135156e-09, -0.0912040845], [0.31924662, 0, 0.947671652]], [[0.769625366, 1.1552646e-08, 1.62218571], [-0.080442518, 1.09135156e-09, 0.700858891], [0.0172408223, 1.09135156e-09, 0.984566927], [0.576068699, 0, 0.81740129]], [[1.60674, 3.83759655e-08, 2.3213892], [0.675958633, 1.09135156e-09, 1.80391645], [0.430159867, 1.09135156e-09, 1.45662045], [0.760638118, 0, 0.64917618]]], [[0, 0, 0], [-0.211697787, 1.09135156e-09, -0.332969844], [0.10345757, 1.09135156e-09, -0.975381792], [0, 0, 1]], 39, 9250]
          - [[[ [0.476258337, -2.56198405e-08, -1.62119961], [0.56347847, -2.16570708e-08, 1.50442612], [0.989375651, -2.16570708e-08, 2.07627916], [-0.738856375, 0, 0.673863173]], [[0.281068981, -2.52347121e-08, -1.43808067], [0.449583769, -2.16570708e-08, -1.696612], [0.541698575, -2.16570708e-08, -1.74609935], [-0.643391132, 0, 0.765537679]], [[0.123517424, -2.27484218e-08, -0.872164905], [0.029196918, -2.16570708e-08, -1.2552948], [0.532948494, -2.16570708e-08, -1.76347816], [-0.31924662, 0, 0.947671831]]], [[[0.33499223, -1.11957768e-08, 0.910835028], [-0.176462516, -2.16570708e-08, -0.233661801], [-0.17446363, -2.16570708e-08, 0.0663853809], [0.284971446, 0, 0.958536088]], [[0.905083597, 1.56275437e-08, 1.84069645], [0.1882101, -2.16570708e-08, 1.05315316], [0.0661465526, -2.16570708e-08, 0.645560145], [0.513587952, 0, 0.858037055]], [[1.58833742, 4.83020735e-09, 2.62530804], [0.56347847, -2.16570708e-08, 1.50442612], [0.989375651, -2.16570708e-08, 2.07627916], [0.752304971, 0, 0.658815265]]], [[0, 0, 0], [-0.0529891849, -2.16570708e-08, -1.11917639], [0.0459156334, -2.16570708e-08, -0.994547188], [0, 0, 1]], 39, 9600]
          - [[[ [0.61768651, -1.40389353e-08, -2.26688671], [0.663889527, -1.04612941e-08, 2.40976906], [0.398359627, -1.04612941e-08, 1.73562551], [-0.834869921, 0, 0.550447345]], [[0.305397749, -1.1552646e-08, -1.76933372], [0.324169219, -1.04612941e-08, -2.16345644], [0.95185107, -1.04612941e-08, -2.50701332], [-0.576068759, 0, 0.817401409]], [[-0.0615401864, 1.11957768e-08, -0.968531311], [0.206601083, -1.04612941e-08, -2.05640244], [0.265889108, -1.04612941e-08, -1.9087559], [-0.284971446, 0, 0.958536029]]], [[[0.281469226, 2.68233205e-08, 1.05376542], [-0.181252584, -1.04612941e-08, 0.094588384], [-0.182102516, -1.04612941e-08, -0.330888838], [0.247776523, 0, 0.968817294]], [[0.712800682, 1.60259841e-08, 2.0005517], [0.0498557836, -1.04612941e-08, 0.634090543], [0.295131803, -1.04612941e-08, 1.30360079], [0.533367872, 0, 0.845883548]], [[1.37437475, -2.67218603e-08, 2.61966801], [0.663889527, -1.04612941e-08, 2.40976906], [0.398359627, -1.04612941e-08, 1.73562551], [0.944858193, 0, 0.327479929]]], [[0, 0, 0], [-0.164098978, -1.04612941e-08, -1.24279141], [-0.247687802, -1.04612941e-08, -0.954615712], [0, 0, 1]], 39, 9950]
          - [[[ [0.722679973, -3.83759655e-08, -2.72913814], [0.224751621, -3.72846145e-08, 1.66561234], [0.694728374, -3.72846145e-08, 2.13631201], [-0.760638118, 0, 0.64917618]], [[0.168764204, -1.56275437e-08, -2.04422545], [0.698092937, -3.72846145e-08, -3.03173447], [0.718948901, -3.72846145e-08, -2.87400198], [-0.513587892, 0, 0.858036935]], [[-0.011593923, -2.68233205e-08, -1.09064758], [0.137358725, -3.72846145e-08, -2.33534479], [-0.0150267482, -3.72846145e-08, -2.07686663], [-0.247776479, 0, 0.968817115]]], [[[0.183289945, -1.07973364e-08, 1.02413654], [-0.12040551, -3.72846145e-08, -0.463976562], [-0.0486667641, -3.72846145e-08, 0.245430037], [0.307145864, 0, 0.951662481]], [[0.670831621, -5.3545179e-08, 1.78786957], [0.0345094949, -3.72846145e-08, 1.40847433], [-0.0557034537, -3.72846145e-08, 0.689560473], [0.834253013, 0, 0.551381826]], [[1.34896588, -2.55368455e-08, 2.25793529], [0.224751621, -3.72846145e-08, 1.66561234], [0.694728374, -3.72846145e-08, 2.13631201], [0.96431905, 0, 0.264742553]]], [[0, 0, 0], [-0.210631311, -3.72846145e-08, -1.04391873], [-0.106031463, -3.72846145e-08, -1.45633888], [0, 0, 1]], 39, 10300]
          - [[[ [-0.9286111, 4.83020735e-09, -2.92450643], [-0.875721633, 2.64872781e-08, 1.95932138], [-0.276405364, 2.64872781e-08, 1.45183182], [0.752304912, 0, 0.658815145]], [[-0.464083552, 1.60259841e-08, -2.07241845], [-0.988139808, 2.64872781e-08, -3.2112], [-0.763729811, 2.64872781e-08, -3.01202083], [0.533367753, 0, 0.845883429]], [[-0.140129149, -1.07973364e-08, -1.03092921], [-0.260314554, 2.64872781e-08, -2.089082], [-0.486531436, 2.64872781e-08, -2.44943953], [0.307145864, 0, 0.951662481]]], [[[-0.229397684, 4.27478426e-08, 0.876562476], [0.259636521, 2.64872781e-08, 0.320062518], [0.124677397, 2.64872781e-08, -0.391809404], [-0.624572694, 0, 0.780966818]], [[-0.730373859, 1.47395101e-08, 1.53219259], [0.157569125, 2.64872781e-08, 0.623203278], [-0.145116627, 2.64872781e-08, 1.21550214], [-0.836391747, 0, 0.548132181]], [[-1.38505197, 4.13913313e-08, 1.63162708], [-0.875721633, 2.64872781e-08, 1.95932138], [-0.276405364, 2.64872781e-08, 1.45183182], [-0.958052337, -0, -0.286593258]]], [[0, 0, 0], [-0.168052226, 2.64872781e-08, -1.50946033], [-0.0184319913, 2.64872781e-08, -0.812310398], [0, 0, 1]], 39, 10650]
          - [[[ [-2.02513456, -2.67218603e-08, -2.15647769], [-0.0283676982, -1.62605662e-08, 1.38087368], [-0.463480949, -1.62605662e-08, 1.67020845], [0.944858134, 0, 0.327479929]], [[-1.12165117, -5.3545179e-08, -1.5454421], [-1.87640548, -1.62605662e-08, -2.29675984], [-2.27814245, -1.62605662e-08, -2.43689823], [0.834253013, 0, 0.551381826]], [[-0.368324935, -4.27478426e-08, -0.82784164], [-1.44233572, -1.62605662e-08, -1.90171909], [-0.890066504, -1.62605662e-08, -1.45071697], [0.624572694, 0, 0.780966818]]], [[[0.0182428658, -2.80083334e-08, 0.82492131], [0.143966958, -1.62605662e-08, -0.439554006], [0.277513087, -1.62605662e-08, 0.212060869], [-0.310845733, 0, 0.950460434]], [[-0.430934906, -1.35651312e-09, 1.31147027], [0.171504021, -1.62605662e-08, 1.24927485], [0.32258603, -1.62605662e-08, 0.478625923], [-0.927205324, -0, 0.374553472]], [[-1.06371129, 4.75240647e-09, 1.51202416], [-0.0283676982, -1.62605662e-08, 1.38087368], [-0.463480949, -1.62605662e-08, 1.67020845], [-0.999994159, -0, -0.00342160463]]], [[0, 0, 0], [0.0343447924, -1.62605662e-08, -0.740045369], [-0.515669465, -1.62605662e-08, -1.21170187], [0, 0, 1]], 39, 11000]
          - [[[ [-1.82024145, -2.55368455e-08, -1.89860523], [-1.02527034, 1.17477681e-08, 1.2850163], [-0.326406926, 1.17477681e-08, 1.06721997], [0.96431905, 0, 0.264742553]], [[-0.881171644, -1.47395101e-08, -1.45072269], [-2.23578644, 1.17477681e-08, -2.13754892], [-1.57068443, 1.17477681e-08, -1.88055968], [0.836391747, 0, 0.548132181]], [[-0.273762345, 2.80083334e-08, -0.778384268], [-0.471158922, 1.17477681e-08, -1.49244392], [-1.1405381, 1.17477681e-08, -1.76976514], [0.310845733, 0, 0.950460434]]], [[[-0.275683939, 2.66518221e-08, 0.60207057], [0.277577192, 1.17477681e-08, 0.355690598], [0.181621686, 1.17477681e-08, -0.423743814], [-0.764843464, -0, 0.644216061]], [[-0.814771593, 3.27607417e-08, 0.989385009], [0.128514007, 1.17477681e-08, 0.54289937], [-0.195105389, 1.17477681e-08, 0.953153729], [-0.951518416, -0, 0.307591826]], [[-1.67359459, 2.00993071e-08, 0.840630293], [-1.02527034, 1.17477681e-08, 1.2850163], [-0.326406926, 1.17477681e-08, 1.06721997], [-0.95720619, -0, -0.289406717]]], [[0, 0, 0], [-0.273560971, 1.17477681e-08, -1.24091446], [0.0559210181, 1.17477681e-08, -0.663092554], [0, 0, 1]], 39, 11350]
          - [[[ [-1.96013069, -4.13913313e-08, -0.859338999], [-0.157305181, -1.49040531e-08, 1.12539971], [-0.770146251, -1.49040531e-08, 1.41687465], [0.958052516, 0, -0.286593288]], [[-1.05459416, 1.35651312e-09, -0.890781045], [-1.72790432, -1.49040531e-08, -1.19981229], [-2.37123656, -1.49040531e-08, -0.866496623], [0.927205443, 0, 0.374553502]], [[-0.282889783, -2.66518221e-08, -0.598718643], [-1.40822768, -1.49040531e-08, -1.18890429], [-0.754026651, -1.49040531e-08, -1.06866431], [0.764843583, 0, 0.64421612]]], [[[-0.0510539711, 6.10891959e-09, 0.661831975], [0.215134144, -1.49040531e-08, -0.34726727], [0.320433766, -1.49040531e-08, 0.16454348], [-0.377723873, 0, 0.92591846]], [[-0.718095779, -6.55251409e-09, 1.22286725], [0.0394511521, -1.49040531e-08, 1.01328111], [0.323090017, -1.49040531e-08, 0.338451922], [-0.837998569, 0, 0.545672596]], [[-1.75056732, 1.874254e-08, 1.74036717], [-0.157305181, -1.49040531e-08, 1.12539971], [-0.770146251, -1.49040531e-08, 1.41687465], [-0.904798031, -0, 0.425841302]]], [[0, 0, 0], [0.167977631, -1.49040531e-08, -0.581880212], [-0.489983886, -1.49040531e-08, -1.01061344], [0, 0, 1]], 39, 11700]
          - [[[ [-1.51565492, -4.75240647e-09, -1.05853164], [-1.20048952, -2.10129727e-08, 1.82102466], [-0.872213006, -2.10129727e-08, 1.47234201], [0.999994159, 0, -0.00342160463]], [[-0.690801024, -3.27607417e-08, -1.079597], [-1.95569909, -2.10129727e-08, -1.2009939], [-1.30454493, -2.10129727e-08, -1.33676875], [0.951518416, 0, 0.307591826]], [[-0.20271787, -6.10891959e-09, -0.632086575], [-0.2669743, -2.10129727e-08, -1.2343092], [-1.03813565, -2.10129727e-08, -1.38275349], [0.377723813, 0, 0.925918341]]], [[[-0.405709773, -1.26614337e-08, 0.771430254], [0.216551036, -2.10129727e-08, 0.291227251], [0.22427839, -2.10129727e-08, -0.440746516], [-0.569804668, 0, 0.821780264]], [[-1.1662221, 1.26336204e-08, 1.6405822], [0.0767206252, -2.10129727e-08, 0.469359517], [-0.380623013, -2.10129727e-08, 0.970726073], [-0.676918626, -0, 0.736057997]], [[-2.12688851, 1.17112151e-08, 2.28795433], [-1.20048952, -2.10129727e-08, 1.82102466], [-0.872213006, -2.10129727e-08, 1.47234201], [-0.895010829, -0, 0.446044445]]], [[0, 0, 0], [-0.134692341, -2.10129727e-08, -1.03488898], [0.156129599, -2.10129727e-08, -0.600768209], [0, 0, 1]], 39, 12050]
          - [[[ [-1.28900599, -2.00993053e-08, -1.35869122], [-0.334350854, -8.35153813e-09, 2.22298265], [-0.405950814, -8.35153813e-09, 2.19788814], [0.95720613, 0, -0.289406717]], [[-0.632915616, 6.55251364e-09, -1.26904809], [-1.02886939, -8.35153813e-09, -1.72732902], [-1.74717867, -8.35153813e-09, -1.40990627], [0.83799839, 0, 0.545672536]], [[-0.106160305, 1.26614328e-08, -0.865121424], [-0.806532264, -8.35153813e-09, -1.63882434], [-0.320176601, -8.35153813e-09, -1.44778419], [0.569804668, 0, 0.821780264]]], [[[-0.129727125, 2.52950532e-08, 1.14759505], [0.22433041, -8.35153813e-09, -0.523126841], [0.134175479, -8.35153813e-09, 0.149482772], [-0.136869058, -0, 0.990589201]], [[-0.550308228, 2.43726479e-08, 2.22698498], [-0.0550705418, -8.35153813e-09, 1.31540501], [0.01601962, -8.35153813e-09, 0.841811001], [-0.481343985, -0, 0.87653172]], [[-1.03323066, 5.64584957e-09, 3.19680595], [-0.334350854, -8.35153813e-09, 2.22298265], [-0.405950814, -8.35153813e-09, 2.19788814], [-0.717509568, -0, 0.696548641]]], [[0, 0, 0], [0.237739667, -8.35153813e-09, -0.749188423], [-0.17299217, -8.35153813e-09, -1.35511303], [0, 0, 1]], 39, 12400]
          - [[[ [0.829216778, 1.874254e-08, -2.32502985], [0.475290596, 3.36465931e-08, 2.06651044], [0.626568854, 3.36465931e-08, 2.21230221], [-0.904797912, 0, 0.425841242]], [[0.252133578, 1.26336204e-08, -1.99700081], [1.0518105, 3.36465931e-08, -2.66756344], [0.543884337, 3.36465931e-08, -2.54488802], [-0.676918626, 0, 0.736057997]], [[0.0285639726, 2.52950549e-08, -1.15455091], [-0.104397655, 3.36465931e-08, -1.92922807], [0.385401219, 3.36465931e-08, -2.47323418], [-0.136869073, 0, 0.990589201]]], [[[0.268888056, 9.22405263e-10, 1.12679636], [-0.0969219953, 3.36465931e-08, 0.156012386], [-0.102522776, 3.36465931e-08, -0.322854698], [0.356844068, 0, 0.934164047]], [[0.614527345, 1.96492032e-08, 2.15358758], [0.0555107445, 3.36465931e-08, 1.09327412], [0.129871607, 3.36465931e-08, 1.07821548], [0.615421295, 0, 0.788198411]], [[1.04818535, 2.93577074e-08, 2.86086512], [0.475290596, 3.36465931e-08, 2.06651044], [0.626568854, 3.36465931e-08, 2.21230221], [0.939718783, 0, 0.34194833]]], [[0, 0, 0], [-0.122055434, 3.36465931e-08, -1.70345867], [-0.124808364, 3.36465931e-08, -1.0248394], [0, 0, 1]], 39, 12750]
          - [[[ [1.09905708, 1.17112151e-08, -2.9241178], [-0.0105437636, 3.27241878e-08, 2.18342471], [0.0262577534, 3.27241878e-08, 2.10349011], [-0.895010948, 0, 0.446044475]], [[0.589583158, 2.43726497e-08, -2.21691084], [0.741814137, 3.27241878e-08, -2.98803306], [1.39349186, 3.27241878e-08, -3.32144213], [-0.481344014, 0, 0.876531839]], [[0.150905043, -9.22405263e-10, -1.14856374], [0.64475441, 3.27241878e-08, -2.78342819], [0.400021493, 3.27241878e-08, -2.15046906], [-0.356844097, 0, 0.934164166]]], [[[-0.0435205698, 1.87267979e-08, 1.08253086], [-0.187367111, 3.27241878e-08, -0.107457876], [-0.112528324, 3.27241878e-08, -0.0949898064], [0.293640524, 0, 0.955916047]], [[0.109199405, 2.84353021e-08, 1.89799225], [-0.142517522, 3.27241878e-08, 0.951500595], [-0.0532238185, 3.27241878e-08, 1.1416769], [0.755829215, 0, 0.654768884]], [[0.250274003, 3.24708047e-08, 2.32248092], [-0.0105437636, 3.27241878e-08, 2.18342471], [0.0262577534, 3.27241878e-08, 2.10349011], [0.921768904, 0, -0.387740076]]], [[0, 0, 0], [0.00469192863, 3.27241878e-08, -1.03740859], [0.170340717, 3.27241878e-08, -1.48674762], [0, 0, 1]], 39, 13100]
          - [[[ [1.57404351, 5.64585001e-09, -2.96808386], [-0.153519571, 1.3997389e-08, 1.34972358], [-0.126963794, 1.3997389e-08, 1.40431678], [-0.717509627, 0, 0.696548641]], [[0.84099412, -1.96492032e-08, -2.07564735], [1.79313493, 1.3997389e-08, -3.49342632], [1.37332845, 1.3997389e-08, -2.96023417], [-0.615421295, 0, 0.788198411]], [[0.359476864, -1.87267979e-08, -1.02202904], [0.668587089, 1.3997389e-08, -2.01232648], [0.958877563, 1.3997389e-08, -2.39321566], [-0.293640494, 0, 0.955915987]]], [[[-0.0934650898, 9.70850245e-09, 0.824357271], [-0.0561569706, 1.3997389e-08, -0.154323399], [-0.0266431831, 1.3997389e-08, 0.0536894053], [0.530242562, 0, 0.847846031]], [[-0.0832566023, 1.37440077e-08, 1.27155793], [-0.291743934, 1.3997389e-08, 1.06204522], [-0.233092785, 1.3997389e-08, 0.996441007], [0.994989693, 0, -0.0999782383]], [[-0.0515769124, 2.27668604e-08, 1.40825772], [-0.153519571, 1.3997389e-08, 1.34972358], [-0.126963794, 1.3997389e-08, 1.40431678], [0.912330687, 0, -0.409454316]]], [[0, 0, 0], [0.211923629, 1.3997389e-08, -1.1797682], [0.279802024, 1.3997389e-08, -1.14587402], [0, 0, 1]], 39, 13450]
          - [[[ [2.32998347, -2.93577074e-08, -1.96326756], [-0.312562823, 4.28888614e-09, 0.528333843], [-0.344211787, 4.28888614e-09, 0.478827089], [-0.939718902, 0, 0.34194836]], [[1.36305761, -2.84353021e-08, -1.32528222], [2.15023351, 4.28888614e-09, -2.00099897], [2.59831858, 4.28888614e-09, -2.17000985], [-0.755829215, 0, 0.654768944]], [[0.516353309, -9.70850245e-09, -0.649368882], [1.32159519, 4.28888614e-09, -1.53725982], [1.36117363, 4.28888614e-09, -1.47253084], [-0.530242562, 0, 0.84784615]]], [[[-0.22846961, 4.03550482e-09, 0.384570271], [-0.294142187, 4.28888614e-09, 0.096386902], [-0.20962888, 4.28888614e-09, 0.071863912], [0.896610796, 0, 0.442819774]], [[-0.274094105, 1.3058358e-08, 0.517268538], [-0.329488486, 4.28888614e-09, 0.413586259], [-0.33592093, 4.28888614e-09, 0.473953903], [0.990626097, 0, 0.136602372]], [[-0.0601024628, 1.64538818e-08, 0.555532992], [-0.312562823, 4.28888614e-09, 0.528333843], [-0.344211787, 4.28888614e-09, 0.478827089], [0.991964459, 0, 0.126518279]]], [[0, 0, 0], [0.550569654, 4.28888614e-09, -0.80998826], [0.465295613, 4.28888614e-09, -0.617975891], [0, 0, 1]], 39, 13800]
          - [[[ [2.23783135, -3.24708012e-08, 0.669824004], [-0.106048226, 2.53381399e-10, 0.366622806], [-0.138041362, 2.53381399e-10, -0.0466389544], [-0.921768665, 0, -0.387740016]], [[1.256863, -1.37440068e-08, 0.209967554], [2.40953207, 2.53381399e-10, 0.538780451], [2.36902165, 2.53381399e-10, 0.602930367], [-0.994989634, 0, -0.0999782383]], [[0.445980608, -4.03550438e-09, 0.0345530212], [1.41602755, 2.53381399e-10, 0.169521034], [1.20610631, 2.53381399e-10, 0.178090155], [-0.896610618, 0, 0.442819655]]], [[[-0.139182076, 9.0228518e-09, 0.0178539865], [-0.0707491711, 2.53381399e-10, -0.0777257457], [-0.127723828, 2.53381399e-10, -0.0567611568], [0.316189528, 0, 0.948696077]], [[-0.0787306651, 1.24183757e-08, 0.226665407], [-0.166138023, 2.53381399e-10, -0.0117375478], [-0.135764539, 2.53381399e-10, -0.0620368719], [0.325823635, 0, 0.945430577]], [[0.267245024, 2.436885e-08, 0.655003369], [-0.106048226, 2.53381399e-10, 0.366622806], [-0.138041362, 2.53381399e-10, -0.0466389544], [0.635708213, 0, 0.771929383]]], [[0, 0, 0], [0.229307145, 2.53381399e-10, -0.18649596], [0.288718849, 2.53381399e-10, -0.121579699], [0, 0, 1]], 39, 14150]
          - [[[ [1.26367819, -2.27668604e-08, 0.623672366], [-0.0712601542, -8.76947137e-09, 0.55150789], [0.0870537609, -8.76947137e-09, 0.53215009], [-0.912330687, 0, -0.409454316]], [[0.549861491, -1.3058358e-08, 0.200864643], [1.42746592, -8.76947137e-09, 0.635627031], [1.22560489, -8.76947137e-09, 0.577381611], [-0.990625918, 0, 0.136602342]], [[0.137686729, -9.02285269e-09, 0.0270699188], [0.414197594, -8.76947137e-09, -0.0773535445], [0.450035423, -8.76947137e-09, 0.00301763415], [-0.316189557, 0, 0.948696077]]], [[[-0.00867397338, 3.39552386e-09, 0.217212677], [-0.016216483, -8.76947137e-09, -0.0365965664], [0.0285028573, -8.76947137e-09, -0.0747115463], [0.0101723373, 0, 0.999948263]], [[0.184115827, 1.5346e-08, 0.732969105], [-0.0788431093, -8.76947137e-09, 0.341352165], [0.0214741789, -8.76947137e-09, -0.0608235151], [0.359017909, 0, 0.933330655]], [[0.566326737, 9.52798462e-09, 1.58339024], [-0.0712601542, -8.76947137e-09, 0.55150789], [0.0870537609, -8.76947137e-09, 0.53215009], [0.360684097, 0, 0.932688117]]], [[0, 0, 0], [0.0951433405, -8.76947137e-09, -0.0690383315], [0.0344629176, -8.76947137e-09, -0.0671641156], [0, 0, 1]], 39, 14500]
          - [[[ [0.558672845, -1.645388e-08, -0.0106655657], [0.443460703, -1.21649943e-08, 1.23733091], [0.565336585, -1.21649943e-08, 1.28163671], [-0.991964221, 0, 0.12651825]], [[0.148287341, -1.24183757e-08, -0.188644081], [0.42584613, -1.21649943e-08, -0.290249407], [0.460864514, -1.21649943e-08, -0.209517807], [-0.325823635, 0, 0.945430577]], [[0.0108831003, -3.39552364e-09, -0.217113197], [0.106723778, -1.21649943e-08, -0.285180151], [0.0460274518, -1.21649943e-08, -0.283923268], [-0.0101723671, 0, 0.999948263]]], [[[0.187533364, 1.19504744e-08, 0.517690897], [-0.071428299, -1.21649943e-08, 0.1234193], [0.0329748765, -1.21649943e-08, -0.277715147], [0.349505156, 0, 0.936934412]], [[0.561073661, 6.13246032e-09, 1.37195611], [-0.0659834966, -1.21649943e-08, 0.333641291], [0.0925191343, -1.21649943e-08, 0.315894932], [0.351177812, 0, 0.93630892]], [[1.14388859, -1.03405373e-08, 2.18917775], [0.443460703, -1.21649943e-08, 1.23733091], [0.565336585, -1.21649943e-08, 1.28163671], [0.661421657, 0, 0.750014186]]], [[0, 0, 0], [-0.00496027619, -1.21649943e-08, -0.253872842], [0.0401444659, -1.21649943e-08, -0.291530967], [0, 0, 1]], 39, 14850]
          - [[[ [0.210096776, -2.43688518e-08, -0.675506294], [-0.0780246258, -2.41154705e-08, 1.85794687], [0.0767887533, -2.41154705e-08, 1.94935131], [-0.635708332, 0, 0.771929443]], [[0.0913081095, -1.5346e-08, -0.750203431], [0.204894289, -2.41154705e-08, -0.780480862], [0.147586524, -2.41154705e-08, -0.800516963], [-0.359017968, 0, 0.933330774]], [[0.00522916019, -1.19504753e-08, -0.550586283], [0.0893115774, -2.41154705e-08, -0.790182173], [0.144733489, -2.41154705e-08, -0.809701025], [-0.349505216, 0, 0.93693459]]], [[[0.051412683, -5.81801451e-09, 0.930944741], [-0.173202425, -2.41154705e-08, -0.26104784], [-0.0184933767, -2.41154705e-08, -0.222277567], [0.00178580731, 0, 0.99999851]], [[0.311848998, -2.22910135e-08, 1.90032482], [-0.011730805, -2.41154705e-08, 0.763703644], [0.0869738311, -2.41154705e-08, 0.847811341], [0.35757497, 0, 0.933884442]], [[0.820777178, -2.64265001e-08, 2.86233664], [-0.0780246258, -2.41154705e-08, 1.85794687], [0.0767887533, -2.41154705e-08, 1.94935131], [0.599794745, 0, 0.80015403]]], [[0, 0, 0], [-0.104830161, -2.41154705e-08, -0.459915072], [0.133187354, -2.41154705e-08, -0.799262285], [0, 0, 1]], 39, 15200]
          - [[[ [0.0428975523, -9.52798462e-09, -1.68107426], [0.623959303, -1.8297456e-08, 1.9880501], [0.678158879, -1.8297456e-08, 1.9856962], [-0.360684097, 0, 0.932688117]], [[-0.043537721, -6.13246076e-09, -1.48161113], [0.0409724414, -1.8297456e-08, -1.72105646], [0.0964291096, -1.8297456e-08, -1.74047625], [-0.351177812, 0, 0.93630892]], [[-0.0497501083, 5.81801451e-09, -0.931035042], [-0.153758779, -1.8297456e-08, -1.39113653], [0.0848643482, -1.8297456e-08, -1.73005819], [-0.00178580731, 0, 0.999998391]]], [[[0.258704752, -1.6472999e-08, 0.969843507], [-0.0628447235, -1.8297456e-08, -0.1673536], [0.0357095487, -1.8297456e-08, -0.0830697492], [0.355906636, 0, 0.934521496]], [[0.765914142, -2.06084856e-08, 1.93276262], [-0.131092548, -1.8297456e-08, 0.926769495], [0.0235573649, -1.8297456e-08, 1.01845026], [0.59836489, 0, 0.801223755]], [[1.48005533, 1.45376398e-05, 2.57727766], [0.623959303, -1.8297456e-08, 1.9880501], [0.678158879, -1.8297456e-08, 1.9856962], [0.66699487, 0, 0.745062351]]], [[0, 0, 0], [-0.222486064, -1.8297456e-08, -1.19239175], [-0.0678465068, -1.8297456e-08, -1.15334535], [0, 0, 1]], 39, 15550]
          - [[[ [-0.590036929, -1.03405382e-08, -2.39850736], [-0.600437582, 1.82445725e-09, 2.1027391], [-0.496931225, 1.82445725e-09, 1.82338405], [0.661421776, 0, 0.750014305]], [[-0.38827765, -2.22910135e-08, -1.88619316], [-0.454832494, 1.82445725e-09, -2.35318542], [-0.798455417, 1.82445725e-09, -2.58498716], [0.35757494, 0, 0.933884442]], [[-0.10340862, -1.6472999e-08, -0.998414397], [-0.31987071, 1.82445725e-09, -2.19191432], [-0.450487882, 1.82445725e-09, -2.10038757], [0.355906665, 0, 0.934521616]]], [[[-0.131288767, 4.13548751e-09, 1.08038783], [0.348943651, 1.82445725e-09, -0.178985029], [0.237049758, 1.82445725e-09, -0.0382664949], [-0.27402401, 0, 0.96172291]], [[-0.569281697, -1.45541126e-05, 1.93686879], [0.0210481584, 1.82445725e-09, 1.08153224], [-0.0304401815, 1.82445725e-09, 1.09862292], [-0.358148396, 0, 0.933664739]], [[-0.785258472, 4.93886354e-09, 2.61180687], [-0.600437582, 1.82445725e-09, 2.1027391], [-0.496931225, 1.82445725e-09, 1.82338405], [-0.353105962, 0, 0.935583413]]], [[0, 0, 0], [-0.104241133, 1.82445725e-09, -1.17717683], [-0.166345015, 1.82445725e-09, -1.06333554], [0, 0, 1]], 39, 15900]
          - [[[ [-1.06006622, -2.64265001e-08, -2.78260756], [-0.248581469, -2.31103026e-09, 1.70734787], [-0.382278025, -2.31103026e-09, 1.7524333], [0.599794686, 0, 0.800153911]], [[-0.542828679, -2.06084856e-08, -2.00687146], [-1.07805276, -2.31103026e-09, -3.09537148], [-1.17858958, -2.31103026e-09, -2.97155595], [0.59836489, 0, 0.801223755]], [[-0.169788718, -4.13548751e-09, -1.07500982], [-0.592614412, -2.31103026e-09, -2.17856312], [-0.621145964, -2.31103026e-09, -2.05206132], [0.27402395, 0, 0.961722851]]], [[[-0.186531544, -1.4558248e-05, 0.943717718], [0.146819517, -2.31103026e-09, -0.0406432934], [0.101985246, -2.31103026e-09, -0.0100978166], [-0.0885929763, 0, 0.996068001]], [[-0.209292233, 8.03376254e-10, 1.65200388], [-0.171042353, -2.31103026e-09, 1.11177659], [-0.148047924, -2.31103026e-09, 0.814751267], [-0.0832178295, 0, 0.996531367]], [[-0.163785458, 2.63312643e-08, 2.06024551], [-0.248581469, -2.31103026e-09, 1.70734787], [-0.382278025, -2.31103026e-09, 1.7524333], [0.392431647, 0, 0.919781148]]], [[0, 0, 0], [0.116752207, -2.31103026e-09, -1.34276271], [0.0477015376, -2.31103026e-09, -1.17676902], [0, 0, 1]], 39, 16250]
          - [[[ [-0.616297424, 1.45376398e-05, -2.90742183], [0.140786052, 1.4555937e-05, 1.21130633], [0.0576965213, 1.4555937e-05, 1.16869235], [0.66699487, 0, 0.745062351]], [[-0.162168026, 1.45541126e-05, -2.01227307], [-0.681098223, 1.4555937e-05, -3.07402778], [-0.698310554, 1.4555937e-05, -2.94549584], [0.358148336, 0, 0.93366468]], [[0.102191329, 1.4558248e-05, -0.956532359], [0.0995249748, 1.4555937e-05, -2.30435872], [0.0454517603, 1.4555937e-05, -2.13290024], [0.0885929763, 0, 0.996068001]]], [[[0.0400780439, 1.45590511e-05, 0.707517505], [0.0303171016, 1.4555937e-05, 0.166025728], [0.0269067474, 1.4555937e-05, -0.131868765], [0.00539508462, 0, 0.999985456]], [[0.121573269, 1.45845797e-05, 1.11012244], [0.00584638119, 1.4555937e-05, 0.766124606], [-0.123330265, 1.4555937e-05, 0.822877228], [0.472374737, 0, 0.881397784]], [[0.37759468, 1.45619297e-05, 1.35491621], [0.140786052, 1.4555937e-05, 1.21130633], [0.0576965213, 1.4555937e-05, 1.16869235], [0.859889805, 0, 0.510479808]]], [[0, 0, 0], [0.244832784, 1.4555937e-05, -1.010023], [0.202880949, 1.4555937e-05, -0.975625634], [0, 0, 1]], 39, 16600]
          - [[[ [-0.187569737, -4.93886354e-09, -2.72084212], [0.113736883, -3.11440651e-09, 0.534722745], [0.569990516, -3.11440651e-09, 0.910708606], [0.353105932, 0, 0.935583293]], [[0.0710901022, -8.03376254e-10, -1.66369057], [0.0756953955, -3.11440651e-09, -3.01151156], [0.0206979513, -3.11440651e-09, -2.84034729], [0.0832178295, 0, 0.996531367]], [[-0.0362603664, -1.45590511e-05, -0.707723439], [0.214018047, -3.11440651e-09, -1.71641088], [0.171881139, -3.11440651e-09, -1.68224025], [-0.00539508462, 0, 0.999985456]]], [[[0.0793219209, 2.55278874e-08, 0.403038681], [-0.0345473774, -3.11440651e-09, 0.0584215522], [-0.164028317, -3.11440651e-09, 0.114476398], [0.467612624, 0, 0.883933425]], [[0.334018946, 2.87781576e-09, 0.649210095], [0.0979885608, -3.11440651e-09, 0.504324794], [0.0151301026, -3.11440651e-09, 0.461263239], [0.857123196, 0, 0.515111446]], [[0.771426737, 3.59717305e-08, 0.691545069], [0.113736883, -3.11440651e-09, 0.534722745], [0.569990516, -3.11440651e-09, 0.910708606], [0.846213579, 0, -0.532843769]]], [[0, 0, 0], [-0.00683942437, -3.11440651e-09, -0.54153657], [-0.00864255428, -3.11440651e-09, -0.839445114], [0, 0, 1]], 39, 16950]
          - [[[ [0.95915252, -2.63312643e-08, -1.83070076], [0.58082819, -2.86422939e-08, 0.740149558], [0.385914147, -2.86422939e-08, 0.755523443], [-0.392431706, 0, 0.919781268]], [[0.417239428, -1.45845797e-05, -1.03588772], [1.11014402, -2.86422939e-08, -1.810467], [1.05691922, -2.86422939e-08, -1.79996634], [-0.472374797, 0, 0.881397903]], [[0.1183507, -2.55278874e-08, -0.393351376], [0.365534514, -2.86422939e-08, -0.875231922], [0.503246486, -2.86422939e-08, -1.13940644], [-0.467612684, 0, 0.883933544]]], [[[0.110022351, -2.2650072e-08, 0.336698771], [-0.0308626052, -2.86422939e-08, 0.0982589349], [-0.0839678347, -2.86422939e-08, 0.0214497093], [0.516767263, 0, 0.85612607]], [[0.476865411, 1.04438449e-08, 0.578657568], [-0.0311565995, -2.86422939e-08, 0.132492825], [0.19632557, -2.86422939e-08, 0.678189397], [0.99716121, 0, -0.0752982572]], [[0.877925277, 4.76131135e-10, 0.771382928], [0.58082819, -2.86422939e-08, 0.740149558], [0.385914147, -2.86422939e-08, 0.755523443], [0.58362478, 0, -0.81202358]]], [[0, 0, 0], [0.0604944602, -2.86422939e-08, -0.357865393], [-0.0801700503, -2.86422939e-08, -0.368863553], [0, 0, 1]], 39, 17300]
          - [[[ [-0.972324133, 1.45619297e-05, -1.01634717], [-0.432035953, 5.99222227e-09, 0.91174376], [-0.221559346, 5.99222227e-09, 0.673257709], [0.859889805, 0, 0.510479808]], [[-0.384396076, 2.87781576e-09, -0.620710969], [-0.845036507, 5.99222227e-09, -0.905524909], [-1.09945202, 5.99222227e-09, -1.06052661], [0.857123196, 0, 0.515111446]], [[-0.0798018873, -2.2650072e-08, -0.345112473], [-0.316525847, 5.99222227e-09, -0.620228767], [-0.201782823, 5.99222227e-09, -0.702335358], [0.516767204, 0, 0.856125951]]], [[[-0.189027518, -3.30939152e-08, 0.396719605], [0.0153400302, 5.99222227e-09, -0.247782648], [0.10258472, 5.99222227e-09, 0.336957604], [-0.892607152, 0, 0.450835377]], [[-0.432791084, -2.31262032e-08, 0.768971384], [-0.194579005, 5.99222227e-09, 0.588701606], [-0.019763276, 5.99222227e-09, 0.501138449], [-0.91928339, 0, -0.393596262]], [[-0.696965754, -1.2291812e-10, 0.924561262], [-0.432035953, 5.99222227e-09, 0.91174376], [-0.221559346, 5.99222227e-09, 0.673257709], [-0.870504439, 0, -0.492160439]]], [[0, 0, 0], [-0.00260262191, 5.99222227e-09, -0.276939243], [0.0031696558, 5.99222227e-09, -0.370140642], [0, 0, 1]], 39, 17650]
          - [[[ [-0.996244729, 3.59717269e-08, -0.284306318], [0.391555518, 3.90861352e-08, 0.476433754], [0.170293257, 3.90861352e-08, 0.95704329], [0.846213579, 0, -0.532843769]], [[-0.612921774, 1.0443844e-08, -0.431939691], [-0.9652161, 3.90861352e-08, -0.344670326], [-0.986774743, 3.90861352e-08, -0.484107345], [0.997161031, 0, -0.0752982497]], [[-0.268894434, 3.30939116e-08, -0.347582519], [-0.517265737, 3.90861352e-08, -0.470113426], [-0.597855628, 3.90861352e-08, -0.517284274], [0.892607093, 0, 0.450835377]]], [[[0.22237733, 9.96771288e-09, 0.385409355], [0.168861717, 3.90861352e-08, 0.0915075839], [0.169515342, 3.90861352e-08, -0.104010716], [-0.765772283, 0, 0.643111825]], [[0.242158696, 3.29709948e-08, 0.691359103], [0.35015741, 3.90861352e-08, 0.449102193], [0.232173413, 3.90861352e-08, 0.153711349], [-0.831760049, 0, 0.55513519]], [[0.15079093, 4.26898836e-08, 0.992092669], [0.391555518, 3.90861352e-08, 0.476433754], [0.170293257, 3.90861352e-08, 0.95704329], [-0.907053113, 0, 0.421016246]]], [[0, 0, 0], [-0.483151138, 3.90861352e-08, -0.472984314], [0.0781251192, 3.90861352e-08, -0.287237942], [0, 0, 1]], 39, 18000]
          - [[[ [-1.16309404, 4.76131135e-10, 0.114002109], [0.502760887, 2.9118425e-08, 0.359296918], [0.472929627, 2.9118425e-08, 0.56243068], [0.583624721, 0, -0.812023461]], [[-0.877247572, 2.31262032e-08, -0.0951933861], [-1.13080883, 2.9118425e-08, 0.0162013769], [-1.2187593, 2.9118425e-08, 0.047578752], [0.91928339, 0, -0.393596262]], [[-0.438149333, -9.96771377e-09, -0.0775709003], [-1.11106777, 2.9118425e-08, -0.0117688775], [-0.607864976, 2.9118425e-08, -0.32212311], [0.765772283, 0, 0.643111825]]], [[[0.247009426, 2.30032846e-08, 0.181611821], [0.130951092, 2.9118425e-08, -0.0568888374], [-0.17112796, 2.9118425e-08, -0.156509295], [-0.109807611, 0, 0.993952751]], [[0.41854322, 3.27221734e-08, 0.444984108], [0.178504437, 2.9118425e-08, -0.0710131153], [0.404245526, 2.9118425e-08, 0.407509089], [-0.260933995, 0, 0.965356648]], [[0.652512372, 3.78249432e-08, 0.715501249], [0.502760887, 2.9118425e-08, 0.359296918], [0.472929627, 2.9118425e-08, 0.56243068], [-0.439536572, 0, 0.898224711]]], [[0, 0, 0], [-0.25947836, 2.9118425e-08, -0.148030922], [-0.408780515, 2.9118425e-08, -0.274271578], [0, 0, 1]], 39, 18350]
          - [[[ [-1.14785385, 1.2291812e-10, -0.151679307], [0.618852019, 6.11514039e-09, 0.486270666], [0.319751173, 6.11514039e-09, 0.387933046], [0.870504558, 0, -0.492160529]], [[-0.709475815, -3.29709984e-08, -0.182379752], [-1.37109947, 6.11514039e-09, -0.0430840254], [-0.905018866, 6.11514039e-09, -0.406817019], [0.831760228, 0, 0.55513519]], [[-0.265458137, -2.30032846e-08, -0.15339008], [-0.539622307, 6.11514039e-09, -0.272033125], [-0.701883852, 6.11514039e-09, -0.381115884], [0.1098077, 0, 0.99395299]]], [[[0.199416816, 9.71888703e-09, 0.242943913], [-0.0958309025, 6.11514039e-09, -0.243574917], [0.181090504, 6.11514039e-09, 0.207265481], [-0.153352559, 0, 0.988171697]], [[0.461676002, 1.48216586e-08, 0.486133635], [0.273716092, 6.11514039e-09, 0.148527145], [0.266370863, 6.11514039e-09, 0.353708237], [-0.338246644, 0, 0.941057563]], [[0.498649925, 1.9176106e-08, 0.739916801], [0.618852019, 6.11514039e-09, 0.486270666], [0.319751173, 6.11514039e-09, 0.387933046], [-0.356563687, 0, 0.934271097]]], [[0, 0, 0], [-0.141545728, 6.11514039e-09, -0.224314332], [-0.452737153, 6.11514039e-09, -0.290161788], [0, 0, 1]], 39, 18700]
          - [[[ [-0.96336621, -4.26898872e-08, -0.280911684], [0.434833914, -3.60374708e-09, 0.223827213], [0.34860912, -3.60374708e-09, 0.619883657], [0.907053173, 0, 0.421016246]], [[-0.520155013, -3.27221734e-08, -0.32035619], [-0.809270501, -3.60374708e-09, -0.395552129], [-0.986340761, -3.60374708e-09, -0.478461355], [0.260933995, 0, 0.965356648]], [[-0.234314054, -9.71888703e-09, -0.209489182], [-0.408584654, -3.60374708e-09, -0.409443796], [-0.726193011, -3.60374708e-09, -0.426790357], [0.153352529, 0, 0.988171518]]], [[[0.296450824, 5.10277109e-09, 0.200095028], [0.0589413941, -3.60374708e-09, -0.104693934], [0.0831480622, -3.60374708e-09, 0.0991865695], [-0.189932168, 0, 0.981797278]], [[0.371905684, 9.45721723e-09, 0.445206285], [0.451788694, -3.60374708e-09, 0.176127106], [0.141145438, -3.60374708e-09, 0.124820553], [-0.209073246, 0, 0.977900028]], [[0.183633268, -5.87810156e-09, 0.983314216], [0.434833914, -3.60374708e-09, 0.223827213], [0.34860912, -3.60374708e-09, 0.619883657], [-0.327920198, 0, 0.944705486]]], [[0, 0, 0], [-0.366364211, -3.60374708e-09, -0.435487032], [-0.0235809106, -3.60374708e-09, -0.0324460268], [0, 0, 1]], 39, 19050]
          - [[[ [-0.900591671, -3.78249396e-08, -0.355877906], [0.136125863, -8.70651728e-09, 0.390824169], [0.135035723, -8.70651728e-09, 0.741980731], [0.439536512, 0, 0.898224711]], [[-0.598896623, -1.48216577e-08, -0.301319361], [-0.807972848, -8.70651728e-09, -0.46453464], [-1.12309456, -8.70651728e-09, -0.421241432], [0.338246644, 0, 0.941057444]], [[-0.329059035, -5.10277065e-09, -0.140147209], [-0.771467388, -8.70651728e-09, -0.498122871], [-0.358373284, -8.70651728e-09, -0.167523861], [0.189932138, 0, 0.981797278]]], [[[0.120635927, 4.35444614e-09, 0.22631824], [0.14795804, -8.70651728e-09, -0.053035304], [-0.166775435, -8.70651728e-09, -0.0444067977], [-0.0195328891, 0, 0.999809265]], [[0.0379945636, -1.09808722e-08, 0.790390134], [0.140371665, -8.70651728e-09, -0.00298321247], [0.130940184, -8.70651728e-09, 0.402240813], [-0.142521173, 0, 0.98979187]], [[-0.0941751599, -3.2519229e-10, 1.82203948], [0.136125863, -8.70651728e-09, 0.390824169], [0.135035723, -8.70651728e-09, 0.741980731], [-0.082536459, 0, 0.996588051]]], [[0, 0, 0], [-0.291075289, -8.70651728e-09, -0.254130304], [-0.22858578, -8.70651728e-09, -0.0585586019], [0, 0, 1]], 39, 19400]
          - [[[ [-0.729701579, -1.9176106e-08, -0.513482332], [-0.143967271, -1.30609648e-08, 1.72687888], [-0.060301587, -1.30609648e-08, 1.13242698], [0.356563628, 0, 0.934270978]], [[-0.456767261, -9.45721723e-09, -0.357611686], [-0.906083524, -1.30609648e-08, -0.70687753], [-0.486610651, -1.30609648e-08, -0.384410501], [0.209073246, 0, 0.977900028]], [[-0.125033557, -4.35444658e-09, -0.223918691], [-0.4210172, -1.30609648e-08, -0.472314954], [-0.354719549, -1.30609648e-08, -0.278001189], [0.0195328891, 0, 0.999809265]]], [[[-0.0716076493, -1.53353188e-08, 0.565578401], [0.0152530558, -1.30609648e-08, -0.229643196], [0.01373858, -1.30609648e-08, 0.17568773], [-0.123160511, 0, 0.992386818]], [[-0.183601111, -4.6796389e-09, 1.59961259], [0.0187002756, -1.30609648e-08, 0.164171964], [0.0244694203, -1.30609648e-08, 0.51528281], [-0.0630545169, 0, 0.998010039]], [[-0.443325639, 6.0445684e-09, 2.60361314], [-0.143967271, -1.30609648e-08, 1.72687888], [-0.060301587, -1.30609648e-08, 1.13242698], [-0.420508444, 0, 0.907288671]]], [[0, 0, 0], [0.021860335, -1.30609648e-08, -0.279833913], [-0.292644531, -1.30609648e-08, -0.265059412], [0, 0, 1]], 39, 19750]
          - [[[ [-0.49592787, 5.87810112e-09, -0.86872524], [0.111323237, 2.27435426e-09, 2.09214425], [0.14436546, 2.27435426e-09, 2.32660127], [0.327920169, 0, 0.944705486]], [[-0.150254011, 1.09808722e-08, -0.77690655], [-0.47457692, 2.27435426e-09, -0.986958265], [-0.384852171, 2.27435426e-09, -0.802289069], [0.142521173, 0, 0.98979187]], [[0.00140555948, 1.5335317e-08, -0.570091844], [-0.0113650262, 2.27435426e-09, -0.850487649], [-0.321655869, 2.27435426e-09, -0.797091007], [0.123160496, 0, 0.992386818]]], [[[0.0162113309, 1.06556799e-08, 1.03995502], [0.0401829667, 2.27435426e-09, -0.409472823], [0.0891511738, 2.27435426e-09, -0.0617456213], [0.0603409708, 0, 0.998177886]], [[-0.117882654, 2.13798863e-08, 2.06829953], [0.0712175965, 2.27435426e-09, 1.16137111], [0.0810333639, 2.27435426e-09, 0.561140597], [-0.30556488, 0, 0.952171326]], [[-0.565856099, 3.1807204e-08, 2.9116528], [0.111323237, 2.27435426e-09, 2.09214425], [0.14436546, 2.27435426e-09, 2.32660127], [-0.746509016, 0, 0.665375233]]], [[0, 0, 0], [-0.0117404908, 2.27435426e-09, -0.799865246], [0.0366773307, 2.27435426e-09, -0.397433668], [0, 0, 1]], 39, 20100]
          - [[[ [-0.056530863, 3.25192318e-10, -1.82359564], [-0.479747385, -8.38132586e-09, 1.96937561], [-0.605075479, -8.38132586e-09, 2.06173372], [0.0825365037, 0, 0.99658823]], [[0.0823729932, 4.6796389e-09, -1.60800648], [0.0865450203, -8.38132586e-09, -1.88866198], [-0.226402432, -8.38132586e-09, -1.85408592], [0.0630545169, 0, 0.998010159]], [[0.0465701073, -1.06556808e-08, -1.0390383], [0.0831156671, -8.38132586e-09, -1.83815455], [0.107162148, -8.38132586e-09, -1.43353462], [-0.0603409857, 0, 0.998178005]]], [[[-0.195900977, 1.07242073e-08, 1.01837945], [0.0475796759, -8.38132586e-09, 0.124513991], [0.0935960412, -8.38132586e-09, -0.474030495], [-0.362463087, 0, 0.931998253]], [[-0.693946958, 2.11515285e-08, 1.83316469], [0.0314484835, -8.38132586e-09, 1.05601108], [0.0502831042, -8.38132586e-09, 1.29203475], [-0.785298228, 0, 0.619117737]], [[-1.58412361, -6.92191282e-09, 2.33611917], [-0.479747385, -8.38132586e-09, 1.96937561], [-0.605075479, -8.38132586e-09, 2.06173372], [-0.892564714, 0, 0.450919569]]], [[0, 0, 0], [0.111387849, -8.38132586e-09, -1.44534028], [0.139284641, -8.38132586e-09, -1.09529185], [0, 0, 1]], 39, 20450]
          - [[[ [0.69261694, 6.0445684e-09, -2.5486505], [0.496397972, 1.91055332e-08, 1.4645412], [0.955190301, 1.91055332e-08, 1.89809561], [-0.420508444, -0, 0.907288671]], [[0.519755244, 2.13798881e-08, -2.00539613], [0.775344968, 1.91055332e-08, -2.76341724], [0.60627389, 1.91055332e-08, -2.39502835], [-0.30556491, -0, 0.952171326]], [[0.186545581, 1.07242073e-08, -1.02013457], [0.606614709, 1.91055332e-08, -2.40756273], [0.453735352, 1.91055332e-08, -2.09143019], [-0.362463057, -0, 0.931998134]]], [[[0.168848395, -1.04273212e-08, 0.939901471], [-0.225529328, 1.91055332e-08, -0.0473331995], [-0.328632981, 1.91055332e-08, 0.165813461], [0.507489145, 0, 0.861658096]], [[0.816188931, 1.7646121e-08, 1.73131037], [-0.0801566392, 1.91055332e-08, 0.989210427], [0.00317251682, 1.91055332e-08, 1.12071478], [0.668426931, 0, 0.743777812]], [[1.37142551, 1.05117444e-08, 2.56830215], [0.496397972, 1.91055332e-08, 1.4645412], [0.955190301, 1.91055332e-08, 1.89809561], [0.637005866, 0, 0.770859003]]], [[0, 0, 0], [0.0970696881, 1.91055332e-08, -0.921333671], [0.271132767, 1.91055332e-08, -1.49585521], [0, 0, 1]], 39, 20800]
          - [[[ [1.79706836, 3.18072075e-08, -2.35975838], [0.322792768, 2.95328544e-08, 2.32450986], [0.220365286, 2.95328544e-08, 1.53365028], [-0.746509194, -0, 0.665375352]], [[1.00994611, 2.11515285e-08, -1.67990017], [2.07600689, 2.95328544e-08, -2.6622088], [1.78384328, 2.95328544e-08, -2.46739459], [-0.785298228, -0, 0.619117796]], [[0.331500292, 1.04273212e-08, -0.895562589], [0.882708073, 2.95328544e-08, -1.64017546], [1.32425451, 2.95328544e-08, -2.04688168], [-0.507489204, 0, 0.861658216]]], [[[0.156154901, 2.80734422e-08, 1.01044214], [-0.239580959, 2.95328544e-08, -0.0838799551], [-0.234516785, 2.95328544e-08, 0.071720548], [0.198496342, 0, 0.980101705]], [[0.209814608, 2.09390656e-08, 2.01341963], [0.0159868002, 2.95328544e-08, 0.618287921], [0.191284835, 2.95328544e-08, 1.2246958], [0.157678723, 0, 0.987490535]], [[0.097774744, 5.28147055e-08, 2.65940857], [0.322792768, 2.95328544e-08, 2.32450986], [0.220365286, 2.95328544e-08, 1.53365028], [-0.427775383, 0, 0.903885186]]], [[0, 0, 0], [0.161192149, 2.95328544e-08, -1.05080128], [-0.0358175933, 2.95328544e-08, -0.91946578], [0, 0, 1]], 39, 21150]
          - [[[ [1.37082493, -6.92191282e-09, -2.46733403], [-0.232713044, 1.45941281e-09, 1.52483535], [-0.502418339, 1.45941281e-09, 1.90995932], [-0.892564654, -0, 0.450919449]], [[0.550191164, -1.7646121e-08, -1.8332727], [1.23823369, 1.45941281e-09, -2.45365644], [1.75172353, 1.45941281e-09, -2.76462436], [-0.668426931, 0, 0.743777812]], [[0.0475214124, -2.80734422e-08, -1.02133203], [0.414086282, 1.45941281e-09, -2.01922798], [0.194927037, 1.45941281e-09, -1.92961144], [-0.198496282, 0, 0.980101585]]], [[[-0.146495312, -7.13437576e-09, 0.993671], [-0.0595378131, 1.45941281e-09, -0.412173837], [-0.00809764862, 1.45941281e-09, 0.21696347], [-0.0414721072, 0, 0.999139667]], [[-0.384532273, 2.47412615e-08, 1.6045661], [-0.0975155234, 1.45941281e-09, 1.32099664], [-0.0409221947, 1.45941281e-09, 0.525542617], [-0.598681152, 0, 0.800987482]], [[-0.539131224, 2.1587466e-08, 1.90994811], [-0.232713044, 1.45941281e-09, 1.52483535], [-0.502418339, 1.45941281e-09, 1.90995932], [-0.86785388, -0, 0.496819645]]], [[0, 0, 0], [-0.170642406, 1.45941281e-09, -1.15109897], [-0.196565151, 1.45941281e-09, -0.99758935], [0, 0, 1]], 39, 21500]
          - [[[ [0.578847766, -1.05117444e-08, -2.85340476], [-0.396648079, 8.59378879e-09, 0.959730744], [-0.3804515, 8.59378879e-09, 0.97257334], [-0.637005866, 0, 0.770859003]], [[0.110283434, -2.09390656e-08, -2.02131581], [0.435148001, 8.59378879e-09, -3.03355551], [0.219894052, 8.59378879e-09, -2.93492699], [-0.157678634, 0, 0.987490475]], [[0.1051597, 7.13437576e-09, -0.998891592], [-0.113074422, 8.59378879e-09, -2.14192319], [-0.132608533, 8.59378879e-09, -1.98747087], [0.0414721072, 0, 0.999139667]]], [[[-0.212497115, 3.18756364e-08, 0.620241463], [0.0625125319, 8.59378879e-09, 0.325012773], [0.0860680491, 8.59378879e-09, -0.472103953], [-0.564947486, 0, 0.825126886]], [[-0.354298234, 2.87218427e-08, 0.931772232], [-0.0641150028, 8.59378879e-09, 0.534282923], [-0.317616433, 8.59378879e-09, 0.930260897], [-0.846503139, -0, 0.532383919]], [[-0.578998506, 7.78156277e-08, 0.873814225], [-0.396648079, 8.59378879e-09, 0.959730744], [-0.3804515, 8.59378879e-09, 0.97257334], [-0.999979734, -0, 0.00636851788]]], [[0, 0, 0], [0.0285793543, 8.59378879e-09, -1.40824175], [0.106066942, 8.59378879e-09, -0.781778932], [0, 0, 1]], 39, 21850]
          - [[[ [-1.22600627, -5.28147055e-08, -2.36197376], [-0.47239396, -2.32818493e-08, 0.555901527], [0.0614276975, -2.32818493e-08, 0.337311804], [0.427775323, 0, 0.903885007]], [[-0.652618051, -2.47412615e-08, -1.51544952], [-1.47844172, -2.32818493e-08, -2.33530498], [-1.40730214, -2.32818493e-08, -2.19682622], [0.598681152, 0, 0.800987482]], [[-0.175066769, -3.18756364e-08, -0.631827593], [-0.947067618, -2.32818493e-08, -1.80995154], [-0.529212117, -2.32818493e-08, -1.33681655], [0.564947486, 0, 0.825126886]]], [[[0.0589946136, -3.15379545e-09, 0.337162584], [0.0738720149, -2.32818493e-08, -0.154754773], [0.0884078965, -2.32818493e-08, 0.315192252], [-0.397703469, -0, 0.917514086]], [[-0.159154847, 4.59399914e-08, 0.416283697], [0.0398457125, -2.32818493e-08, 0.38415733], [0.060465306, -2.32818493e-08, 0.385603905], [-0.821512282, -0, 0.570190907]], [[-0.514354289, 3.4392329e-09, 0.303750992], [-0.47239396, -2.32818493e-08, 0.555901527], [0.0614276975, -2.32818493e-08, 0.337311804], [-0.955253601, 0, -0.295787811]]], [[0, 0, 0], [0.0601291358, -2.32818493e-08, -0.398967117], [-0.370763659, -2.32818493e-08, -1.06999719], [0, 0, 1]], 39, 22200]
          - [[[ [1.38970482, 2.1587466e-08, -1.41678691], [0.52198118, 2.01280539e-08, 0.383686543], [0.463423342, 2.01280539e-08, 0.266088486], [-0.86785388, 0, 0.496819645]], [[0.600125432, 2.87218427e-08, -0.795975089], [1.77699113, 2.01280539e-08, -1.56989276], [1.2054354, 2.01280539e-08, -1.30196762], [-0.846503139, 0, 0.532383919]], [[0.18821913, -3.15379545e-09, -0.285889059], [0.29172042, 2.01280539e-08, -0.675860584], [0.953941643, 2.01280539e-08, -1.1201725], [-0.397703469, 0, 0.917514086]]], [[[0.168688461, -4.9093785e-08, 0.159353554], [-0.00112057896, 2.01280539e-08, 0.0507339388], [-0.0206146687, 2.01280539e-08, 0.0438607074], [0.526982129, 0, 0.849876463]], [[0.539343596, -6.59302835e-09, 0.197367251], [0.40056327, 2.01280539e-08, 0.412031174], [-0.00229171431, 2.01280539e-08, -0.000830747245], [0.994094491, 0, 0.108518213]], [[0.830565393, 7.55184804e-09, 0.195856318], [0.52198118, 2.01280539e-08, 0.383686543], [0.463423342, 2.01280539e-08, 0.266088486], [0.569113851, 0, -0.82225883]]], [[0, 0, 0], [0.181987017, 2.01280539e-08, -0.457257867], [-0.0182494055, 2.01280539e-08, -0.0318558663], [0, 0, 1]], 39, 22550]
        offline_average_root_step: 2.64902329
        offline_accumulated_root_step: 553.645874
      - ComponentName: SkinnedModelComponent
        guid: fffb401d51c337402689b4ba87a0bd32da63ac6c07db19a993f472259c819e24
        custom_name: ""
        model_path: ./res/models/enemy/enemy.gltf
        anim_path: ./res/anims\conv77_13_Anim.gltf
        enable_root_motion: false
        material:
          Shader:
            VertexPath: ./res/shaders/lit.hlsl
            FragmentPath: ./res/shaders/lit.hlsl
            GeometryPath: ""
          Color: [1, 1, 1, 1]
          RenderOrder: 0
          NeedsForward: false
          CastsShadows: true
          IsBillboard: false
  - Entity: Path Point Container
    guid: 12914f0b35d4df0ada8fc3bdf75b42e1c56e8c5c38cede53e68d3abdfb75f4e9
    Name: Path Point Container
    TransformComponent:
      Translation: [0, 0, 0]
      Rotation: [0, 0, 0]
      Scale: [1, 1, 1]
      Parent:
        guid: 8bb7cd92191c071967b21ee84b41d97fd384d68e3bdcc0b991621c893cf44487
    Components:
      []