Scene: Untitled
Entities:
  - Entity: NOT_SKINNED_model
    guid: 045c29ad4d962ca401160a399e9b06ac6ca92dc7c95ed1705c36688546211bfb
    Name: NOT_SKINNED_model
    TransformComponent:
      Translation: [-4.47434235, 0, -2.51046038]
      Rotation: [0, 31.447155, 0]
      Scale: [1, 1, 1]
      Parent:
        guid: ""
    Components:
      - ComponentName: ModelComponent
        guid: 4de79910bf8de21b7c5cc739996f42ed1151a6ed145db528d55d81d196692e78
        custom_name: ""
        model_path: ./res/models\enemy\enemy.gltf
        material:
          Shader:
            VertexPath: ./res/shaders/lit.hlsl
            FragmentPath: ./res/shaders/lit.hlsl
            GeometryPath: ""
          Color: [1, 1, 1, 1]
          RenderOrder: 0
          NeedsForward: false
          CastsShadows: true
          IsBillboard: false
  - Entity: Directional light
    guid: a0d65733ed31f6a5011a3b29703b82c5395f2283fc5d8672bc1eb19c07c6b98c
    Name: Directional light
    TransformComponent:
      Translation: [-5, 15, 0]
      Rotation: [-70, 0, 30]
      Scale: [1, 1, 1]
      Parent:
        guid: ""
    Components:
      - ComponentName: DirectionalLightComponent
        guid: 5da9e911a965f3a3e2ebc9ded79b8c086d5ee6eb873483e872948cb34b6f37f5
        custom_name: ""
        ambient: [1, 1, 1]
        diffuse: [1, 1, 1]
        specular: [0.43333292, 0, 1]
        m_near_plane: -25
        m_far_plane: 25
        m_blocker_search_num_samples: 16
        m_pcf_num_samples: 16
        m_light_world_size: 0.0310000461
        m_light_frustum_width: 50
  - Entity: Background
    guid: 045c29ad4d962ca401160a399e9b06ac6ca92dc7c95ed1705c36688546211bfb
    Name: Background
    TransformComponent:
      Translation: [0, 0, 0]
      Rotation: [0, 0, 0]
      Scale: [1, 1, 1]
      Parent:
        guid: ""
    Components:
      - ComponentName: ModelComponent
        guid: 0363ff589c04f409548c252257d1f38d6c51a1f2266ba33266fa6b5b692fc4b5
        custom_name: ""
        model_path: ./res/models\ground\ground.gltf
        material:
          Shader:
            VertexPath: ./res/shaders/lit.hlsl
            FragmentPath: ./res/shaders/lit.hlsl
            GeometryPath: ""
          Color: [1, 1, 1, 1]
          RenderOrder: 0
          NeedsForward: false
          CastsShadows: true
          IsBillboard: false
  - Entity: SKM
    guid: 8bb7cd92191c071967b21ee84b41d97fd384d68e3bdcc0b991621c893cf44487
    Name: SKM
    TransformComponent:
      Translation: [1.74259555, 0, -4.57119465]
      Rotation: [0, -89.980217, 0]
      Scale: [1, 1, 1]
      Parent:
        guid: ""
    Components:
      - ComponentName: SkinnedModelComponent
        guid: 680bdcf671b1554bc934f80b1404499673556cad0c559231152cb9ecda5329bb
        custom_name: ""
        model_path: ./res/models/enemy/enemy.gltf
        anim_path: ./res/anims/conv77_12_Anim.gltf
        enable_root_motion: true
        material:
          Shader:
            VertexPath: ./res/shaders/lit.hlsl
            FragmentPath: ./res/shaders/lit.hlsl
            GeometryPath: ""
          Color: [1, 1, 1, 1]
          RenderOrder: 0
          NeedsForward: false
          CastsShadows: true
          IsBillboard: false
      - ComponentName: MotionMatchingControllerComponent
        guid: ffe1f257ffa89665ce3b9ab4d1ee8fbf337a0d6cdec027b011c69a607c0b5412
        custom_name: ""
        path_point_container:
          guid: 12914f0b35d4df0ada8fc3bdf75b42e1c56e8c5c38cede53e68d3abdfb75f4e9
        path_scale: 0.518999994
      - ComponentName: CurveComponent
        guid: 294162c1103d7936d062d57e22c740e739c75774c78b0e9f23aa7fd7067cd700
        custom_name: ""
        points:
          - [0, 0]
          - [0.162069291, 4.68790817]
          - [5.46378613, 7.34777164]
          - [4.9020977, 12.6276407]
          - [-0.6186077, 13.3294182]
          - [-0.992125154, 19.3458214]
          - [5.16970921, 20.5905361]
        curve:
          - [0, 0]
          - [-0.00165655545, 0.13103278]
          - [-0.0134852929, 0.288056761]
          - [-0.0336196125, 0.468553424]
          - [-0.0601929426, 0.670004249]
          - [-0.0913386568, 0.88989085]
          - [-0.125190198, 1.12569475]
          - [-0.159880966, 1.37489712]
          - [-0.193544358, 1.63498008]
          - [-0.224313766, 1.90342462]
          - [-0.25032264, 2.17771268]
          - [-0.269704372, 2.4553256]
          - [-0.280592322, 2.73374462]
          - [-0.281120002, 3.01045132]
          - [-0.269420862, 3.28292751]
          - [-0.243628025, 3.54865503]
          - [-0.20187521, 3.80511475]
          - [-0.142295599, 4.04978895]
          - [-0.0630227327, 4.28015709]
          - [0.0378103256, 4.49370337]
          - [0.162069291, 4.68790817]
          - [0.318154633, 4.8635478]
          - [0.510470569, 5.02424049]
          - [0.734891057, 5.17172861]
          - [0.987289786, 5.30775547]
          - [1.26354063, 5.43406439]
          - [1.55951762, 5.55239868]
          - [1.87109435, 5.66450024]
          - [2.19414496, 5.77211237]
          - [2.52454281, 5.87697887]
          - [2.85816264, 5.98084211]
          - [3.19087768, 6.08544588]
          - [3.51856184, 6.19253159]
          - [3.83708835, 6.30384398]
          - [4.14233255, 6.42112589]
          - [4.4301672, 6.54611874]
          - [4.69646645, 6.68056679]
          - [4.93710423, 6.82621336]
          - [5.14795446, 6.98480082]
          - [5.32489061, 7.15807247]
          - [5.46378613, 7.34777164]
          - [5.57388401, 7.5580883]
          - [5.66740084, 7.79024935]
          - [5.74467707, 8.04155827]
          - [5.80605078, 8.30931473]
          - [5.85186148, 8.59081936]
          - [5.88244915, 8.88337135]
          - [5.8981514, 9.18427372]
          - [5.8993082, 9.49082756]
          - [5.88625956, 9.80033112]
          - [5.85934305, 10.1100864]
          - [5.81889868, 10.4173946]
          - [5.76526546, 10.7195559]
          - [5.69878244, 11.0138693]
          - [5.61978865, 11.2976398]
          - [5.52862358, 11.5681648]
          - [5.42562628, 11.8227444]
          - [5.31113529, 12.0586824]
          - [5.18549156, 12.2732773]
          - [5.04903173, 12.46383]
          - [4.9020977, 12.6276407]
          - [4.73183775, 12.7597113]
          - [4.52770519, 12.8593159]
          - [4.2934885, 12.9301615]
          - [4.03297901, 12.9759598]
          - [3.74996495, 13.0004206]
          - [3.44823766, 13.0072536]
          - [3.13158584, 13.0001669]
          - [2.80379963, 12.982873]
          - [2.46866965, 12.9590788]
          - [2.12998438, 12.9324961]
          - [1.79153442, 12.9068346]
          - [1.45711005, 12.8858032]
          - [1.13050008, 12.8731127]
          - [0.815494895, 12.8724709]
          - [0.515884161, 12.8875895]
          - [0.235457659, 12.9221783]
          - [-0.0219945908, 12.9799452]
          - [-0.252682686, 13.0646019]
          - [-0.452816963, 13.1798563]
          - [-0.6186077, 13.3294182]
          - [-0.761177719, 13.5159931]
          - [-0.893829644, 13.7372885]
          - [-1.01604283, 13.989522]
          - [-1.12729681, 14.2689095]
          - [-1.22707093, 14.5716705]
          - [-1.31484485, 14.894021]
          - [-1.39009762, 15.2321815]
          - [-1.45230901, 15.5823669]
          - [-1.50095844, 15.9407969]
          - [-1.53552496, 16.3036861]
          - [-1.55548847, 16.6672535]
          - [-1.56032836, 17.0277195]
          - [-1.54952383, 17.3812962]
          - [-1.52255464, 17.7242069]
          - [-1.47889972, 18.0526657]
          - [-1.41803885, 18.3628941]
          - [-1.33945155, 18.651104]
          - [-1.24261737, 18.913517]
          - [-1.12701511, 19.146347]
          - [-0.992125154, 19.3458214]
          - [-0.824170113, 19.5171967]
          - [-0.61289525, 19.6691494]
          - [-0.363061845, 19.8029957]
          - [-0.0794314593, 19.9200687]
          - [0.233234435, 20.0216827]
          - [0.570174515, 20.1091652]
          - [0.926627159, 20.1838322]
          - [1.2978313, 20.247015]
          - [1.6790247, 20.3000298]
          - [2.06544709, 20.3442039]
          - [2.45233583, 20.3808556]
          - [2.83492994, 20.4113102]
          - [3.20846844, 20.4368896]
          - [3.56818962, 20.4589157]
          - [3.9093318, 20.4787121]
          - [4.22713375, 20.4976025]
          - [4.51683378, 20.5169067]
          - [4.77366972, 20.5379467]
          - [4.99288177, 20.5620499]
          - [5.16970921, 20.5905361]
        clamp_x: false
        connection: 1
  - Entity: MotionMatchingSampler
    guid: bba8bee8c100cd15ea655d8984fc79552ccafed5774a965182d746e65088dc29
    Name: MotionMatchingSampler
    TransformComponent:
      Translation: [20, 20, 20]
      Rotation: [0, 0, 0]
      Scale: [1, 1, 1]
      Parent:
        guid: ""
    Components:
      - ComponentName: MotionMatchingSamplerComponent
        guid: f1ceda2ba8ece49a3d50c56ca396067034a0d0b8c56dae332f8f3196b4cb9dfa
        custom_name: ""
        skinned_model_path: ./res/models/enemy/enemy.gltf
        sample_rate: 0.200000003
        always_latest_logs: true
        sample_database:
          - [[[ [0.00349441846, -5.07251618e-09, 0.00585264992], [-0.0857529715, 2.32220465e-09, 2.35549212], [-0.0506174006, 2.32220465e-09, 2.16205454], [-0.0462395065, 0, 0.998930454]], [[0.00280351564, 2.60765298e-09, 0.00399278803], [0.0318428352, 2.32220465e-09, -0.064239271], [-0.0300330855, 2.32220465e-09, -0.0311853327], [-0.0362665504, 0, 0.999342203]], [[0.000622766442, -3.36728423e-10, 0.0022179652], [0.0310941096, 2.32220465e-09, -0.0663230047], [-0.0303058699, 2.32220465e-09, -0.0341844894], [-0.0245309751, 0, 0.999698997]]], [[[0.00175055955, -4.54462601e-09, -0.00435481919], [0.032791581, 2.32220465e-09, -0.0658029169], [-0.0280206818, 2.32220465e-09, -0.0406024978], [0.0109986095, 0, 0.99993962]], [[0.00315728039, -1.47208734e-09, -0.0131968437], [0.0333738215, 2.32220465e-09, -0.0677574053], [-0.0305898692, 2.32220465e-09, -0.0437566526], [-0.0726063401, 0, 0.997360706]], [[0.00539837684, -6.14250517e-09, -0.0357384682], [0.0279424861, 2.32220465e-09, -0.0681895167], [-0.0419416055, 2.32220465e-09, -0.0335874334], [-0.265327185, 0, 0.964158475]]], [[0, 0, 0], [0.0316832475, 2.32220465e-09, -0.0645296425], [-0.0297125373, 2.32220465e-09, -0.0360796452], [0, 0, 1]], 0, 1700]
          - [[[ [0.00096108031, 7.15227921e-09, 0.00835868344], [0.0135604721, 6.86683066e-09, -0.0801959038], [-0.0635548756, 6.86683066e-09, -0.0105255358], [-0.0472557321, 0, 0.99888289]], [[-0.00120001636, 4.20789759e-09, 0.00655998243], [0.0300233383, 6.86683066e-09, -0.0616416968], [-0.031726405, 6.86683066e-09, -0.0301804412], [-0.0355247892, 0, 0.999368727]], [[-0.0017983506, 4.54462601e-09, 0.00433530193], [0.0305927172, 6.86683066e-09, -0.0598419644], [-0.0311122648, 6.86683066e-09, -0.0320689529], [-0.0109986076, 0, 0.999939501]]], [[[0.00150388561, 3.07253867e-09, -0.00882601738], [0.0323186889, 6.86683066e-09, -0.0630509406], [-0.0319051109, 6.86683066e-09, -0.0397551507], [-0.0835715309, 0, 0.996501803]], [[0.00399277313, -1.59787916e-09, -0.0313416272], [0.0268924329, 6.86683066e-09, -0.0635427535], [-0.0433680043, 6.86683066e-09, -0.0297113974], [-0.275915533, 0, 0.961181879]], [[0.000148058898, -1.99829486e-10, -0.0270606279], [0.0135604721, 6.86683066e-09, -0.0801959038], [-0.0635548756, 6.86683066e-09, -0.0105255358], [-0.395553738, 0, 0.918442905]]], [[0, 0, 0], [0.0317149907, 6.86683066e-09, -0.0611029714], [-0.0293707661, 6.86683066e-09, -0.0365729295], [0, 0, 1]], 0, 1900]
          - [[[ [-0.00140861154, 1.13535892e-09, 0.015558145], [0.00902192015, 3.79429199e-09, -0.090632908], [-0.0847859234, 3.79429199e-09, 0.0353278778], [0.0481182523, 0, 0.998841584]], [[-0.00219077244, 1.47208734e-09, 0.0133912507], [0.0247235931, 3.79429199e-09, -0.053268481], [-0.0344444998, 3.79429199e-09, -0.0204358473], [0.0726063326, 0, 0.997360587]], [[-0.000761020929, -3.07253867e-09, 0.00892082416], [0.0257365536, 3.79429199e-09, -0.0546188653], [-0.0330854952, 3.79429199e-09, -0.0250696056], [0.0835715309, 0, 0.996501803]]], [[[0.000598516548, -4.67041783e-09, -0.0226448476], [0.0207269713, 3.79429199e-09, -0.0566470847], [-0.0464603379, 3.79429199e-09, -0.0170623064], [-0.194622874, 0, 0.980878115]], [[-0.00287497789, -3.27236815e-09, -0.018057514], [0.00604991894, 3.79429199e-09, -0.0721278042], [-0.0649731979, 3.79429199e-09, 0.00374348601], [-0.317414343, 0, 0.94828701]], [[-0.08927802, -3.78152176e-10, 0.0859021395], [0.00902192015, 3.79429199e-09, -0.090632908], [-0.0847859234, 3.79429199e-09, 0.0353278778], [-0.409324706, 0, 0.912388742]]], [[0, 0, 0], [0.0261753481, 3.79429199e-09, -0.0566104725], [-0.0358769149, 3.79429199e-09, -0.0280288979], [0, 0, 1]], 0, 2100]
          - [[[ [0.00427749613, 6.14250517e-09, 0.0358898826], [-0.0155894132, 8.46470982e-09, -0.0550395399], [-0.0967485979, 8.46470982e-09, 0.136233687], [0.265327185, 0, 0.964158475]], [[0.00480986061, 1.59787916e-09, 0.0312266741], [0.0184344761, 8.46470982e-09, -0.0362550579], [-0.0335118286, 8.46470982e-09, 0.00417728676], [0.275915563, 0, 0.961181998]], [[0.00382013386, 4.67041783e-09, 0.0223283228], [0.0184772685, 8.46470982e-09, -0.0382939801], [-0.0368258171, 8.46470982e-09, 0.00181785692], [0.194622904, 0, 0.980878234]]], [[[-0.00251427526, 1.39804968e-09, 0.00517563615], [-0.00428335369, 8.46470982e-09, -0.0495977215], [-0.0591821, 8.46470982e-09, 0.0386454985], [-0.126786411, 0, 0.991930127]], [[-0.0670322105, 4.29226565e-09, 0.123963408], [-0.00496970117, 8.46470982e-09, -0.0683273971], [-0.0724689215, 8.46470982e-09, 0.0734819472], [-0.223925978, 0, 0.974606216]], [[-0.180382103, 9.54316004e-09, 0.346130639], [-0.0155894132, 8.46470982e-09, -0.0550395399], [-0.0967485979, 8.46470982e-09, 0.136233687], [-0.255869329, 0, 0.966711462]]], [[0, 0, 0], [0.0131259486, 8.46470982e-09, -0.0372695103], [-0.0450725146, 8.46470982e-09, 0.0146345235], [0, 0, 1]], 0, 2300]
          - [[[ [0.0105679482, 1.99829472e-10, 0.0249122046], [-0.0874179527, 7.0666597e-09, 0.230194435], [-0.0861286968, 7.0666597e-09, 0.200309694], [0.395553708, 0, 0.918442905]], [[0.00845801737, 3.27236793e-09, 0.0162111465], [0.0153107839, 7.0666597e-09, -0.0457802601], [-0.0344603658, 7.0666597e-09, 0.00101955421], [0.317414314, 0, 0.94828701]], [[0.00183778454, -1.39804957e-09, -0.00545264501], [0.01013254, 7.0666597e-09, -0.0440855846], [-0.0410155319, 7.0666597e-09, 0.0147783589], [0.126786411, 0, 0.991930068]]], [[[-0.0489366017, 2.89421576e-09, 0.126009151], [-0.0117547959, 7.0666597e-09, -0.0725985467], [-0.0607297942, 7.0666597e-09, 0.0766243786], [-0.0985520482, 0, 0.99513191]], [[-0.133203983, 8.14510948e-09, 0.360754728], [-0.0206040852, 7.0666597e-09, -0.0580714904], [-0.0768574774, 7.0666597e-09, 0.141948044], [-0.13123861, 0, 0.991350889]], [[-0.208713442, 1.2732297e-08, 0.790644288], [-0.0874179527, 7.0666597e-09, 0.230194435], [-0.0861286968, 7.0666597e-09, 0.200309694], [-0.19938606, 0, 0.979920983]]], [[0, 0, 0], [-0.00869931933, 7.0666597e-09, -0.0541070402], [-0.0519669876, 7.0666597e-09, 0.0403844714], [0, 0, 1]], 0, 2500]
          - [[[ [0.0462943986, 3.78152176e-10, -0.114919856], [-0.126148403, 4.17244417e-09, 0.900482714], [-0.0850277245, 4.17244417e-09, 0.154665291], [0.409324765, 0, 0.912388861]], [[0.0375713855, -4.29226565e-09, -0.135825753], [0.0420184061, 4.17244417e-09, -0.175088078], [-0.00307951868, 4.17244417e-09, -0.111469947], [0.223925948, 0, 0.974606216]], [[0.0362799168, -2.89421598e-09, -0.130218536], [0.02229058, 4.17244417e-09, -0.183204845], [-0.0114541221, 4.17244417e-09, -0.0849092007], [0.098552078, 0, 0.995132029]]], [[[-0.0607225075, 5.25089394e-09, 0.241907537], [0.0100530609, 4.17244417e-09, -0.185976744], [-0.026214147, 4.17244417e-09, 0.0186129659], [-0.032900095, 0, 0.99945879]], [[-0.0934979022, 9.83808235e-09, 0.677146077], [-0.0280263498, 4.17244417e-09, 0.10747052], [-0.0296885893, 4.17244417e-09, 0.0776042044], [-0.101842254, 0, 0.994800627]], [[-0.0614541471, 5.64131408e-09, 1.16462576], [-0.126148403, 4.17244417e-09, 0.900482714], [-0.0850277245, 4.17244417e-09, 0.154665291], [-0.0212614834, 0, 0.999774098]]], [[0, 0, 0], [0.0174276084, 4.17244417e-09, -0.201305211], [-0.016602762, 4.17244417e-09, -0.0479821153], [0, 0, 1]], 0, 2700]
          - [[[ [0.0858132094, -9.54316004e-09, -0.380762637], [-0.0850464404, -1.07845e-09, 0.834500909], [-0.0482293069, -1.07845e-09, 0.65359503], [0.255869329, 0, 0.966711402]], [[0.0847069323, -8.14511036e-09, -0.375115961], [0.0689819157, -1.07845e-09, -0.427613348], [0.0384894162, -1.07845e-09, -0.32826072], [0.131238639, 0, 0.991350889]], [[0.0527308583, -5.25089394e-09, -0.243774325], [0.0635260791, -1.07845e-09, -0.445543915], [0.034558475, -1.07845e-09, -0.291184247], [0.032900095, 0, 0.999458671]]], [[[-0.0184382647, 4.58718752e-09, 0.436081171], [0.0282554589, -1.07845e-09, -0.135439932], [0.0256115273, -1.07845e-09, -0.165235385], [-0.0690580606, 0, 0.997612596]], [[0.0296262801, 3.90419697e-10, 0.922242641], [-0.0437232852, -1.07845e-09, 0.660371184], [-0.0271623414, -1.07845e-09, -0.0863953456], [0.0116426945, 0, 0.999932289]], [[0.0758578777, 0.00388674228, 1.54845011], [-0.0850464404, -1.07845e-09, 0.834500909], [-0.0482293069, -1.07845e-09, 0.65359503], [0.145413399, 0, 0.989371002]]], [[0, 0, 0], [0.0566598326, -1.07845e-09, -0.429981112], [0.0271432549, -1.07845e-09, -0.224308997], [0, 0, 1]], 0, 2900]
          - [[[ [0.0468792319, -1.27322979e-08, -0.8163836], [0.0378453732, -5.66563774e-09, 0.603483617], [0.0924601555, -5.66563774e-09, 1.40720379], [0.19938609, 0, 0.979921162]], [[0.0240496993, -9.83808235e-09, -0.683147311], [0.0208852887, -5.66563774e-09, -0.885180712], [0.00264668465, -5.66563774e-09, -0.729189038], [0.101842195, 0, 0.994800627]], [[-0.0117206872, -4.58718752e-09, -0.436313421], [0.0151102543, -5.66563774e-09, -0.869180918], [-0.00013256073, -5.66563774e-09, -0.661961377], [0.0690580606, 0, 0.997612715]]], [[[0.0815231502, -4.19676827e-09, 0.481681615], [-0.00973562151, -5.66563774e-09, 0.225500643], [-0.0447844565, -5.66563774e-09, -0.520626724], [0.0806683004, 0, 0.996741056]], [[0.170889139, 0.00388673786, 1.10320151], [-0.0389350504, -5.66563774e-09, 0.402068436], [-0.0146988332, -5.66563774e-09, 0.219051868], [0.213390321, 0, 0.976967096]], [[0.260488987, 3.35122543e-08, 1.68750238], [0.0378453732, -5.66563774e-09, 0.603483617], [0.0924601555, -5.66563774e-09, 1.40720379], [0.179579914, 0, 0.983743489]]], [[0, 0, 0], [0.00711411238, -5.66563774e-09, -0.573381305], [0.0024189055, -5.66563774e-09, -0.602923036], [0, 0, 1]], 0, 3100]
          - [[[ [0.0366785526, -5.64131408e-09, -1.16566896], [-0.0383826792, -1.46886969e-09, 1.02155244], [-0.00302225351, -1.46886969e-09, 1.28079391], [0.0212614536, 0, 0.999773979]], [[-0.018886894, -3.90419697e-10, -0.922525108], [0.0427752137, -1.46886969e-09, -1.35181737], [0.0108661056, -1.46886969e-09, -1.14650285], [-0.0116426945, 0, 0.999932289]], [[-0.0424010456, 4.19676827e-09, -0.486688137], [0.0109435618, -1.46886969e-09, -1.05762684], [0.00864669681, -1.46886969e-09, -1.0874511], [-0.0806683004, 0, 0.996740937]]], [[[0.0389378071, 0.00388674205, 0.626703322], [-0.113643378, -1.46886969e-09, -0.0890708864], [-0.0747225136, -1.46886969e-09, -0.269535899], [0.133884609, 0, 0.990996957]], [[0.0811111629, 3.77090217e-08, 1.21632791], [-0.0533609763, -1.46886969e-09, 0.117881656], [-0.0637589693, -1.46886969e-09, 0.923388124], [0.0996377766, 0, 0.995023847]], [[0.251568794, 0.0371947326, 1.81667268], [-0.0383826792, -1.46886969e-09, 1.02155244], [-0.00302225351, -1.46886969e-09, 1.28079391], [0.152952313, 0, 0.988233507]]], [[0, 0, 0], [-0.0702956989, -1.46886969e-09, -0.26270774], [-0.0450414717, -1.46886969e-09, -1.00923085], [0, 0, 1]], 0, 3300]
          - [[[ [0.150113821, -0.00388674228, -1.54302227], [0.00852257013, -0.00388674345, 1.61986864], [-0.146355897, -0.00388674345, 0.786524653], [-0.145413399, 0, 0.989371002]], [[0.0684594214, -0.00388673786, -1.11425745], [0.197763681, -0.00388674345, -1.67291391], [0.199480534, -0.00388674345, -1.70277715], [-0.213390291, 0, 0.976966977]], [[0.045318678, -0.00388674205, -0.626274168], [0.0108283758, -0.00388674345, -0.89602828], [0.135803223, -0.00388674345, -1.63244915], [-0.133884609, 0, 0.990996957]]], [[[-0.0371479988, -0.00388670433, 0.589962423], [-0.0233444273, -0.00388674345, -0.516598046], [-0.141493678, -0.00388674345, 0.280264258], [-0.0344776511, 0, 0.999405503]], [[0.0513980985, 0.0333079882, 1.20772374], [-0.129488558, -0.00388674345, 0.380942285], [-0.129154995, -0.00388674345, 0.642583966], [0.0192660391, 0, 0.999814272]], [[0.256164432, -0.00388673297, 1.72980642], [0.00852257013, -0.00388674345, 1.61986864], [-0.146355897, -0.00388674345, 0.786524653], [0.309557229, 0, 0.950880766]]], [[0, 0, 0], [-0.055376336, -0.00388674345, -0.729758263], [0.0073556304, -0.00388674345, -0.903387547], [0, 0, 1]], 0, 3500]
          - [[[ [0.0467870831, -3.35122543e-08, -1.70684791], [0.145346522, -3.91778912e-08, 1.34934902], [0.123493552, -3.91778912e-08, 1.03602314], [-0.179579884, 0, 0.98374337]], [[0.040484637, -3.77090217e-08, -1.21835685], [-0.00328564644, -3.91778912e-08, -1.48676145], [0.0962247849, -3.91778912e-08, -2.2270534], [-0.0996377766, 0, 0.995023847]], [[0.0167853832, 0.00388670433, -0.590892494], [-0.0637183487, -3.91778912e-08, -1.31830764], [-0.00701004267, -3.91778912e-08, -1.49399662], [0.0344776511, 0, 0.999405503]]], [[[0.109792441, 0.0371946916, 0.614341378], [-0.0994921997, -3.91778912e-08, -0.205712214], [-0.0901380256, -3.91778912e-08, 0.0557624064], [0.0537258387, 0, 0.99855566]], [[0.332437247, -2.8762031e-08, 1.12905383], [0.0811521113, -3.91778912e-08, 1.02771926], [-0.102365971, -3.91778912e-08, 0.200210601], [0.342157334, 0, 0.939642668]], [[0.618607163, 1.55800279e-08, 1.62626147], [0.145346522, -3.91778912e-08, 1.34934902], [0.123493552, -3.91778912e-08, 1.03602314], [0.637117982, 0, 0.770766377]]], [[0, 0, 0], [-0.024356246, -3.91778912e-08, -1.10637856], [-0.114961326, -3.91778912e-08, -0.305916488], [0, 0, 1]], 0, 3700]
          - [[[ [0.029255569, -0.0371947326, -1.83377492], [0.104936764, -0.0371947326, 0.801010191], [0.491041899, -0.0371947326, 1.44529378], [-0.152952343, 0, 0.988233685]], [[-0.0281205177, -0.0333079882, -1.20849001], [-0.0694270134, -0.0371947326, -1.93917978], [-0.00336158276, -0.0371947326, -2.11156845], [-0.0192660391, 0, 0.999814391]], [[-0.0766278654, -0.0371946916, -0.619352758], [-0.0415078402, -0.0371947326, -1.72544193], [-0.17498754, -0.0371947326, -0.931003809], [-0.0537258387, 0, 0.998555839]]], [[[0.194669917, -0.0371947214, 0.525930822], [-0.0508080125, -0.0371947326, 0.411242157], [-0.189602464, -0.0371947326, -0.42493096], [0.291180104, 0, 0.956668317]], [[0.453713655, -0.0371946767, 1.03779531], [-0.00398615003, -0.0371947326, 0.735856414], [-0.0089738667, -0.0371947326, 0.421808928], [0.594787717, 0, 0.803882897]], [[0.701823533, -0.0371946692, 1.48985267], [0.104936764, -0.0371947326, 0.801010191], [0.491041899, -0.0371947326, 1.44529378], [0.709206939, 0, 0.70500046]]], [[0, 0, 0], [-0.164924324, -0.0371947326, -0.830113173], [-0.169631585, -0.0371947326, -0.568513632], [0, 0, 1]], 0, 3900]
          - [[[ [0.291892231, 0.00388673297, -1.72413743], [0.0100205988, -1.04158602e-08, 1.01872039], [0.129025459, -1.04158602e-08, 1.23968112], [-0.309557229, 0, 0.950880766]], [[0.0739417672, 2.8762031e-08, -1.17465281], [0.429611146, -1.04158602e-08, -2.22258687], [0.0705907643, -1.04158602e-08, -1.50143993], [-0.342157334, 0, 0.939642668]], [[-0.0330939591, 0.0371947214, -0.559825242], [0.0508405864, -1.04158602e-08, -1.40199077], [-0.0298352763, -1.04158602e-08, -1.15309751], [-0.291180044, 0, 0.956668139]]], [[[0.0987741947, 4.43420589e-08, 0.56511277], [-0.251174122, -1.04158602e-08, 0.142984435], [-0.164501324, -1.04158602e-08, -0.158907101], [0.334939837, 0, 0.942239583]], [[0.20450291, 5.21270067e-08, 1.06982648], [-0.165942475, -1.04158602e-08, 0.237031221], [0.0158294588, -1.04158602e-08, 0.965822995], [0.473193705, 0, 0.880958498]], [[0.465263277, 3.48071758e-08, 1.5098027], [0.0100205988, -1.04158602e-08, 1.01872039], [0.129025459, -1.04158602e-08, 1.23968112], [0.662943482, 0, 0.748669505]]], [[0, 0, 0], [-0.201445878, -1.04158602e-08, -0.181197256], [-0.0907491893, -1.04158602e-08, -1.02155173], [0, 0, 1]], 0, 4100]
          - [[[ [-0.559318721, 1.55800262e-08, -1.64759338], [0.0575142205, 5.47579155e-08, 1.45709121], [0.225691855, 5.47579155e-08, 0.751117587], [0.637117922, 0, 0.770766377]], [[-0.252535164, -0.037194673, -1.10412908], [-0.613696396, 5.47579155e-08, -1.86953771], [-0.454316139, 5.47579155e-08, -1.66204214], [0.594787598, 0, 0.803882837]], [[-0.0962098241, 4.43420554e-08, -0.565555036], [0.0329102725, 5.47579155e-08, -0.803758502], [-0.352860689, 5.47579155e-08, -1.55849695], [0.334939808, 0, 0.942239583]]], [[[0.0694269538, -7.78494691e-09, 0.51097399], [0.139538929, 5.47579155e-08, -0.397795588], [0.212367624, 5.47579155e-08, 0.34978354], [-0.150793701, 0, 0.988565326]], [[-0.0289062262, 9.53488222e-09, 1.01287603], [0.23555842, 5.47579155e-08, 0.397679955], [0.197435856, 5.47579155e-08, 0.64573729], [-0.373892307, 0, 0.927472234]], [[-0.246288329, 4.23435296e-08, 1.36843741], [0.0575142205, 5.47579155e-08, 1.45709121], [0.225691855, 5.47579155e-08, 0.751117587], [-0.688216686, 0, 0.725505114]]], [[0, 0, 0], [0.188347518, 5.47579155e-08, -0.514957666], [0.0055655092, 5.47579155e-08, -0.770381629], [0, 0, 1]], 0, 4300]
          - [[[ [-0.561827898, -0.0371946692, -1.54808486], [0.090110302, 6.25428669e-08, 1.16677237], [0.0851756036, 6.25428669e-08, 0.97153312], [0.709206939, 0, 0.705000401]], [[-0.326076567, 5.21270067e-08, -1.03924227], [-0.234352529, 6.25428669e-08, -1.29419243], [-0.729522109, 6.25428669e-08, -1.98212874], [0.473193705, 0, 0.880958498]], [[-0.145684734, 7.7849478e-09, -0.494661987], [-0.03714329, 6.25428669e-08, -1.03213286], [-0.25635159, 6.25428669e-08, -1.25707376], [0.150793716, 0, 0.988565326]]], [[[-0.021525085, 1.73198309e-08, 0.510990918], [0.147147775, 6.25428669e-08, -0.137050137], [0.14686662, 6.25428669e-08, 0.113919392], [-0.229760021, 0, 0.973247409]], [[-0.182805091, 5.01284809e-08, 0.895266414], [0.130892023, 6.25428669e-08, 0.937095046], [0.190690219, 6.25428669e-08, 0.213833869], [-0.570945561, 0, 0.82098794]], [[-0.430423707, 5.57341622e-08, 1.15286362], [0.090110302, 6.25428669e-08, 1.16677237], [0.0851756036, 6.25428669e-08, 0.97153312], [-0.932735264, -0, 0.360562056]]], [[0, 0, 0], [-0.0677264929, 6.25428669e-08, -0.908950508], [0.116999686, 6.25428669e-08, -0.18090184], [0, 0, 1]], 0, 4500]
          - [[[ [-0.652585447, 3.48071758e-08, -1.43878651], [0.0748254955, 4.5223036e-08, 0.693455219], [-0.213447511, 4.5223036e-08, 1.07993627], [0.662943482, 0, 0.748669505]], [[-0.351896852, -9.53488311e-09, -0.950222135], [-0.369748503, 4.5223036e-08, -1.49825263], [-0.634774804, 4.5223036e-08, -1.66681051], [0.373892367, 0, 0.927472234]], [[-0.0964560211, -1.73198309e-08, -0.502266169], [-0.371211082, 4.5223036e-08, -1.37133896], [-0.0241504014, 4.5223036e-08, -0.705210268], [0.229760021, 0, 0.973247409]]], [[[-0.0686742067, 3.280865e-08, 0.411050797], [0.246241242, 4.5223036e-08, 0.379685283], [0.138263181, 4.5223036e-08, -0.337965906], [-0.367041081, 0, 0.930204749]], [[-0.250482827, 3.84143348e-08, 0.718649447], [0.259321183, 4.5223036e-08, 0.612588167], [0.209660351, 4.5223036e-08, 0.423705876], [-0.82493937, -0, 0.56522131]], [[-0.45116058, 4.72859512e-08, 0.985732555], [0.0748254955, 4.5223036e-08, 0.693455219], [-0.213447511, 4.5223036e-08, 1.07993627], [-0.957591832, -0, 0.288128346]]], [[0, 0, 0], [0.0152665079, 4.5223036e-08, -0.669458508], [0.0726556331, 4.5223036e-08, -0.425138503], [0, 0, 1]], 0, 4700]
          - [[[ [-0.76309818, -4.23435331e-08, -1.16230822], [-0.100326717, 1.24143869e-08, 0.900672734], [0.0508131087, 1.24143869e-08, 0.758764863], [0.688216865, 0, 0.725505233]], [[-0.361067623, -5.01284809e-08, -0.839374661], [-0.935631573, 1.24143869e-08, -1.5469439], [-0.368297428, 1.24143869e-08, -1.05469346], [0.57094568, 0, 0.820988059]], [[-0.0869914591, -3.280865e-08, -0.40756762], [-0.318509251, 1.24143869e-08, -1.03590453], [-0.175450146, 1.24143869e-08, -0.829701126], [0.367041111, 0, 0.930204868]]], [[[-0.0562179014, 5.60568392e-09, 0.352860987], [0.379075348, 1.24143869e-08, 0.0670832545], [0.263553053, 1.24143869e-08, -0.0903883725], [-0.559903026, -0, 0.828558207]], [[-0.144858837, 1.44773002e-08, 0.674959958], [0.237138107, 1.24143869e-08, 0.210023671], [0.110839605, 1.24143869e-08, 0.675338268], [-0.785001516, -0, 0.619493902]], [[-0.427841097, 2.94143128e-08, 0.909907281], [-0.100326717, 1.24143869e-08, 0.900672734], [0.0508131087, 1.24143869e-08, 0.758764863], [-0.893972874, -0, 0.44812125]]], [[0, 0, 0], [0.28142339, 1.24143869e-08, -0.144763231], [-0.0824257731, 1.24143869e-08, -0.772693396], [0, 0, 1]], 0, 4900]
          - [[[ [-0.920122027, -5.57341586e-08, -0.817150295], [0.150858104, 6.80870249e-09, 0.982548296], [0.34546876, 6.80870249e-09, 0.393035918], [0.932735324, 0, 0.360562116]], [[-0.451263934, -3.84143313e-08, -0.612829149], [-0.994897604, 6.80870249e-09, -1.00381529], [-0.760910928, 6.80870249e-09, -0.91306293], [0.82493943, 0, 0.565221369]], [[-0.150988132, -5.60568347e-09, -0.323842406], [0.00113415532, 6.80870249e-09, -0.601356983], [-0.651915967, 6.80870249e-09, -0.917913377], [0.559903026, 0, 0.828558207]]], [[[0.106900029, 8.87161544e-09, 0.316508085], [0.163087472, 6.80870249e-09, -0.282599956], [0.318972856, 6.80870249e-09, 0.173655137], [-0.30356288, 0, 0.95281148]], [[0.00398049131, 2.3808628e-08, 0.669618189], [0.270174742, 6.80870249e-09, 0.478590548], [0.315948248, 6.80870249e-09, 0.276388019], [-0.489804059, 0, 0.871832609]], [[-0.230005383, 2.80610504e-08, 0.938846529], [0.150858104, 6.80870249e-09, 0.982548296], [0.34546876, 6.80870249e-09, 0.393035918], [-0.784718812, 0, 0.619852126]]], [[0, 0, 0], [0.200657949, 6.80870249e-09, -0.480505466], [0.0167721715, 6.80870249e-09, -0.546298563], [0, 0, 1]], 0, 5100]
          - [[[ [-0.813937306, -4.72859512e-08, -0.716045141], [0.239366263, -2.06291362e-09, 0.712768435], [0.112080604, -2.06291362e-09, 0.716788888], [0.957591951, 0, 0.288128406]], [[-0.440105408, -1.44773002e-08, -0.531847954], [-0.379404664, -2.06291362e-09, -0.842445672], [-1.09773314, -2.06291362e-09, -0.945822358], [0.785001516, 0, 0.619493902]], [[-0.197935671, -8.87161633e-09, -0.269121617], [-0.152610093, -2.06291362e-09, -0.787864983], [-0.347790927, -2.06291362e-09, -0.794732571], [0.30356288, 0, 0.95281148]]], [[[0.00912819803, 1.49370134e-08, 0.367689878], [0.204772234, -2.06291362e-09, 0.104869887], [0.187004566, -2.06291362e-09, -0.101686127], [-0.20203492, 0, 0.979378402]], [[-0.132088482, 1.91894358e-08, 0.69524318], [0.244068831, -2.06291362e-09, 0.621266723], [0.250542015, -2.06291362e-09, 0.000496000051], [-0.559525013, 0, 0.828813672]], [[-0.483886302, 1.44945833e-08, 1.06245339], [0.239366263, -2.06291362e-09, 0.712768435], [0.112080604, -2.06291362e-09, 0.716788888], [-0.802226365, 0, 0.59702009]]], [[0, 0, 0], [-0.128330901, -2.06291362e-09, -0.587893367], [0.158700556, -2.06291362e-09, -0.200489342], [0, 0, 1]], 0, 5300]
          - [[[ [-0.621707737, -2.94143128e-08, -0.790227056], [0.0691969693, -1.69999268e-08, 0.465854883], [-0.403645396, -1.69999268e-08, 1.06394291], [0.893972874, 0, 0.44812125]], [[-0.331452012, -2.38086297e-08, -0.581845284], [-0.391865402, -1.69999268e-08, -1.09904873], [-0.5844087, -1.69999268e-08, -1.06634116], [0.489804059, 0, 0.871832609]], [[-0.0832261443, -1.49370134e-08, -0.358263314], [-0.327685624, -1.69999268e-08, -0.908106029], [0.0316959321, -1.69999268e-08, -0.586681247], [0.202034861, 0, 0.979378462]]], [[[-0.0721274018, 4.25242241e-09, 0.349329293], [0.281327128, -1.69999268e-08, 0.200881422], [0.162249506, -1.69999268e-08, -0.408395767], [-0.380537421, 0, 0.924765706]], [[-0.342481285, -4.42430093e-10, 0.78004247], [0.295208067, -1.69999268e-08, 0.291446328], [0.171359539, -1.69999268e-08, 0.321099997], [-0.665064216, 0, 0.746786237]], [[-0.636811197, 3.06700088e-08, 1.21106446], [0.0691969693, -1.69999268e-08, 0.465854883], [-0.403645396, -1.69999268e-08, 1.06394291], [-0.652768493, 0, 0.757557631]]], [[0, 0, 0], [0.138510734, -1.69999268e-08, -0.296927154], [0.0793779343, -1.69999268e-08, -0.49563396], [0, 0, 1]], 0, 5500]
          - [[[ [-0.594161093, -2.80610521e-08, -0.762435436], [-0.0866294801, -2.12523492e-08, 0.921471953], [-0.140169233, -2.12523492e-08, 0.986509681], [0.784718752, 0, 0.619852066]], [[-0.279529154, -1.91894358e-08, -0.650133729], [-0.714832485, -2.12523492e-08, -1.06558335], [-0.260174721, -2.12523492e-08, -0.905098915], [0.559524953, 0, 0.828813612]], [[-0.0662319064, -4.25242241e-09, -0.350494862], [-0.0511338115, -2.12523492e-08, -0.677791357], [-0.181433111, -2.12523492e-08, -0.839046299], [0.380537331, 0, 0.924765587]]], [[[-0.0861115009, -4.69485251e-09, 0.501188457], [0.317672551, -2.12523492e-08, -0.193312988], [0.214426011, -2.12523492e-08, -0.118761316], [-0.330848455, 0, 0.943683982]], [[-0.194277763, 2.64175863e-08, 1.01178622], [0.175034225, -2.12523492e-08, 0.0539796613], [-0.0346392393, -2.12523492e-08, 0.787005067], [-0.315378875, 0, 0.948965907]], [[-0.457783878, -0.0348555371, 1.56715667], [-0.0866294801, -2.12523492e-08, 0.921471953], [-0.140169233, -2.12523492e-08, 0.986509681], [-0.392561883, 0, 0.919725657]]], [[0, 0, 0], [0.270372629, -2.12523492e-08, -0.2717821], [-0.0715990067, -2.12523492e-08, -0.789907217], [0, 0, 1]], 0, 5700]
          - [[[ [-0.563438296, -1.44945833e-08, -1.02249229], [0.044486165, -1.65574967e-08, 1.42276704], [0.149709344, -1.65574967e-08, 0.657330036], [0.802226365, 0, 0.59702009]], [[-0.263018042, 4.42430093e-10, -0.810296953], [-0.357055783, -1.65574967e-08, -1.12415659], [-0.533368111, -1.65574967e-08, -1.23322093], [0.665064216, 0, 0.746786237]], [[-0.0845553875, 4.69485251e-09, -0.50145334], [0.0806722194, -1.65574967e-08, -0.847382128], [-0.413461775, -1.65574967e-08, -1.22318757], [0.330848515, 0, 0.943684042]]], [[[0.0668557286, 3.11124388e-08, 0.517629564], [0.0984806865, -1.65574967e-08, -0.508423388], [0.143135533, -1.65574967e-08, 0.252690971], [0.0163459182, 0, 0.999866545]], [[0.0019326508, -0.0348555297, 1.12890422], [0.138561338, -1.65574967e-08, 0.396786183], [0.109554365, -1.65574967e-08, 0.475874752], [-0.0661645234, 0, 0.997808754]], [[-0.15011853, -1.22052182e-08, 1.66410244], [0.044486165, -1.65574967e-08, 1.42276704], [0.149709344, -1.65574967e-08, 0.657330036], [-0.272233784, 0, 0.962231219]]], [[0, 0, 0], [0.151269794, -1.65574967e-08, -0.78898114], [0.0785029978, -1.65574967e-08, -0.684468985], [0, 0, 1]], 0, 5900]
          - [[[ [-0.308123499, -3.06700088e-08, -1.33314109], [-0.0194593072, -4.76699356e-08, 1.1645124], [-0.0862601995, -4.76699356e-08, 1.00145805], [0.652768433, 0, 0.757557511]], [[-0.134733021, -2.64175863e-08, -1.02142167], [0.0361270308, -4.76699356e-08, -1.36460328], [-0.451797992, -4.76699356e-08, -1.74843574], [0.315378875, 0, 0.948965907]], [[-0.0583856553, -3.11124388e-08, -0.518653214], [0.105760545, -4.76699356e-08, -1.30505621], [0.0312951207, -4.76699356e-08, -1.20174742], [-0.0163459182, 0, 0.999866366]]], [[[-0.0749062523, -0.0348555632, 0.610131741], [0.073671326, -4.76699356e-08, -0.11965514], [0.0433754474, -4.76699356e-08, -0.0410512909], [-0.0824657977, 0, 0.996593833]], [[-0.235685438, -4.33176552e-08, 1.14277315], [-0.0371618867, -4.76699356e-08, 0.904650807], [0.0805589855, -4.76699356e-08, 0.141036138], [-0.287925929, 0, 0.957652688]], [[-0.440163016, -0.00392229389, 1.72370613], [-0.0194593072, -4.76699356e-08, 1.1645124], [-0.0862601995, -4.76699356e-08, 1.00145805], [-0.442721754, -0, 0.896659076]]], [[0, 0, 0], [0.0483925045, -4.76699356e-08, -1.02539885], [0.0806002617, -4.76699356e-08, -0.263656288], [0, 0, 1]], 0, 6100]
          - [[[ [-0.194170326, 0.0348555334, -1.62106252], [0.00509589911, 0.034855511, 0.738990426], [-0.234490961, 0.034855511, 1.50075912], [0.392561853, 0, 0.919725776]], [[-0.0766218305, 0.0348555259, -1.1263026], [0.0221139193, 0.034855511, -1.9235636], [-0.0435783863, 0.034855511, -1.81446576], [0.0661645383, 0, 0.997808754]], [[0.0243361145, 0.0348555595, -0.614230812], [-0.0119965076, 0.034855511, -1.64012778], [0.0829192251, 0.034855511, -0.883635879], [0.0824657828, 0, 0.996593952]]], [[[-0.116306871, 0.0348555148, 0.54408586], [0.06190354, 0.034855511, 0.290403366], [0.116251372, 0.034855511, -0.480318397], [-0.207971647, 0, 0.97813493]], [[-0.272180825, 0.0309332665, 1.13990271], [0.100975521, 0.034855511, 0.547919989], [0.0209557489, 0.034855511, 0.390929729], [-0.367270082, -0, 0.930114448]], [[-0.437729925, 0.0348555259, 1.66511035], [0.00509589911, 0.034855511, 0.738990426], [-0.234490961, 0.034855511, 1.50075912], [-0.403006375, -0, 0.915197253]]], [[0, 0, 0], [0.0878890604, 0.034855511, -0.73955375], [0.0641784966, 0.034855511, -0.658719242], [0, 0, 1]], 0, 6300]
          - [[[ [-0.308576137, 1.22052182e-08, -1.64211857], [0.0890206471, -4.35227898e-09, 1.04879618], [0.010256866, -4.35227898e-09, 1.23182392], [0.272233784, 0, 0.962231219]], [[-0.103329211, 4.33176552e-08, -1.16223979], [-0.352224946, -4.35227898e-09, -2.15814924], [-0.102055639, -4.35227898e-09, -1.43793774], [0.287925988, 0, 0.957652807]], [[0.00060937833, -0.0348555185, -0.556377888], [-0.0672294945, -4.35227898e-09, -1.29803967], [-0.0736103207, -4.35227898e-09, -1.21404147], [0.207971662, 0, 0.97813493]]], [[[-0.0285527539, -0.00392225059, 0.61520654], [0.213328898, -4.35227898e-09, -0.0414383076], [0.102409236, -4.35227898e-09, -0.178354084], [-0.16580227, -0, 0.986159146]], [[-0.0812538043, 1.21862893e-08, 1.16335988], [0.159282893, -4.35227898e-09, 0.165394604], [0.0833609402, -4.35227898e-09, 0.960334539], [-0.203859553, -0, 0.979000211]], [[-0.303370595, -0.0132089267, 1.72530961], [0.0890206471, -4.35227898e-09, 1.04879618], [0.010256866, -4.35227898e-09, 1.23182392], [-0.406788379, -0, 0.913522542]]], [[0, 0, 0], [0.12155506, -4.35227898e-09, -0.28519845], [0.0144262994, -4.35227898e-09, -1.05037117], [0, 0, 1]], 0, 6500]
          - [[[ [0.368445992, -0.00392229389, -1.74044645], [0.125615343, -0.0039222464, 1.60332227], [-0.155252635, -0.0039222464, 0.770493865], [-0.442721754, 0, 0.896659076]], [[0.165492818, 0.0309332684, -1.1602037], [0.355361879, -0.0039222464, -1.88035226], [0.347727329, -0.0039222464, -1.79645872], [-0.367270052, 0, 0.930114329]], [[0.0738450587, -0.00392225059, -0.611425519], [0.00125898421, -0.0039222464, -0.912830651], [0.233772308, -0.0039222464, -1.64965034], [-0.165802225, 0, 0.986159027]]], [[[-0.0389134511, -0.00392226316, 0.549304426], [-0.110655986, -0.0039222464, -0.474729657], [-0.167587668, -0.0039222464, 0.321795464], [0.0387174934, 0, 0.999250233]], [[0.0869565606, 0.0092866756, 1.14030325], [-0.187836185, -0.0039222464, 0.408094347], [-0.14050898, -0.0039222464, 0.601647913], [0.249693915, 0, 0.96832484]], [[0.293143153, -0.00392228365, 1.57243395], [0.125615343, -0.0039222464, 1.60332227], [-0.155252635, -0.0039222464, 0.770493865], [0.632887483, 0, 0.774243951]]], [[0, 0, 0], [-0.129660577, -0.0039222464, -0.687660694], [0.002424784, -0.0039222464, -0.804290712], [0, 0, 1]], 0, 6700]
          - [[[ [0.270440847, 0.0348555297, -1.70031214], [0.224083662, 1.65385678e-08, 1.35335565], [0.107376829, 1.65385678e-08, 1.03085577], [-0.403006375, 0, 0.915197134]], [[0.157614499, 1.21862893e-08, -1.15549374], [0.0967525244, 1.65385678e-08, -1.45948327], [0.357619286, 1.65385678e-08, -2.18674803], [-0.203859523, 0, 0.979000151]], [[0.0601519607, 0.00392226316, -0.547385871], [-0.0427868813, 1.65385678e-08, -1.23955107], [0.093715027, 1.65385678e-08, -1.35097957], [-0.0387174934, 0, 0.999250233]]], [[[0.102893621, 0.0132089388, 0.595429182], [-0.143343776, 1.65385678e-08, -0.146870017], [-0.103545956, 1.65385678e-08, 0.0483707748], [0.212015599, 0, 0.977266252]], [[0.292194575, -2.08654747e-08, 1.03521883], [0.123596475, 1.65385678e-08, 1.05959785], [-0.124815851, 1.65385678e-08, 0.216519237], [0.602436125, 0, 0.798167229]], [[0.452531934, 1.02141602e-08, 1.35563815], [0.224083662, 1.65385678e-08, 1.35335565], [0.107376829, 1.65385678e-08, 1.03085577], [0.952891707, 0, 0.303310484]]], [[0, 0, 0], [-0.0320407301, 1.65385678e-08, -1.02604377], [-0.119769156, 1.65385678e-08, -0.232320249], [0, 0, 1]], 0, 6900]
          - [[[ [0.424699843, -0.0132089267, -1.69951642], [0.0279378891, -0.013208922, 0.811704159], [0.217016399, -0.013208922, 1.18807995], [-0.406788319, 0, 0.913522422]], [[0.200524598, -0.0092866756, -1.12589645], [0.24667576, -0.013208922, -1.82415092], [0.4036991, -0.013208922, -1.90410566], [-0.249693915, 0, 0.96832484]], [[0.0256858021, -0.0132089388, -0.603707969], [0.211910784, -0.013208922, -1.61321914], [-0.0421050489, -0.013208922, -0.8561396], [-0.212015599, 0, 0.977266252]]], [[[0.0917551816, -0.0132089593, 0.469926327], [-0.0781787634, -0.013208922, 0.458005667], [-0.142197981, -0.013208922, -0.418573886], [0.419516623, 0, 0.907747746]], [[0.180513591, -0.0132089285, 0.817055345], [-0.0422572643, -0.013208922, 0.766390085], [-0.0879359469, -0.013208922, 0.426478237], [0.866922438, 0, 0.498442978]], [[0.242520243, -0.0132089285, 1.09062862], [0.0279378891, -0.013208922, 0.811704159], [0.217016399, -0.013208922, 1.18807995], [0.999909341, 0, -0.0134598315]]], [[0, 0, 0], [-0.0832605064, -0.013208922, -0.777630091], [-0.0857615173, -0.013208922, -0.578390121], [0, 0, 1]], 0, 7100]
          - [[[ [0.768209279, 0.00392228318, -1.40297389], [-0.214017674, 3.7404039e-08, 0.654916704], [-0.16206339, 3.7404039e-08, 0.766208112], [-0.632887423, 0, 0.774243951]], [[0.390433073, 2.08654729e-08, -1.00230634], [0.982985139, 3.7404039e-08, -1.8405633], [0.43479538, 3.7404039e-08, -1.25988996], [-0.602436066, 0, 0.798167229]], [[0.113851324, 0.0132089583, -0.465067387], [0.364500552, 3.7404039e-08, -1.20588851], [0.278645813, 3.7404039e-08, -1.0260781], [-0.419516593, 0, 0.907747746]]], [[[-0.065056175, 3.10796331e-08, 0.352341235], [-0.246020973, 3.7404039e-08, 0.212893873], [-0.144887015, 3.7404039e-08, -0.114823341], [0.577841699, 0, 0.816148877]], [[-0.123538315, 3.08517123e-08, 0.626689553], [-0.201311469, 3.7404039e-08, 0.283475608], [-0.187571794, 3.7404039e-08, 0.704451442], [0.913311958, 0, 0.407260478]], [[-0.0977294147, 3.17090247e-08, 0.764745474], [-0.214017674, 3.7404039e-08, 0.654916704], [-0.16206339, 3.7404039e-08, 0.766208112], [0.996773481, 0, 0.0802659988]]], [[0, 0, 0], [-0.149256244, 3.7404039e-08, -0.0821110755], [0.160370141, 3.7404039e-08, -0.904681325], [0, 0, 1]], 0, 7300]
          - [[[ [1.15451884, -1.02141602e-08, -0.842393279], [-0.361473471, 6.32440722e-09, 0.432836056], [-0.37533772, 6.32440722e-09, 0.274180979], [-0.952891827, 0, 0.303310513]], [[0.618348002, 0.0132089285, -0.56374687], [1.25099242, 6.32440722e-09, -1.02353168], [1.07702017, 6.32440722e-09, -0.926390052], [-0.866922498, 0, 0.498443067]], [[0.256693006, -3.10796366e-08, -0.249970734], [0.182324901, 6.32440722e-09, -0.403232068], [0.910341561, 6.32440722e-09, -0.895656824], [-0.577841759, 0, 0.816148937]]], [[[-0.20626004, -2.27920349e-10, 0.19011566], [-0.0714111626, 6.32440722e-09, -0.134938613], [-0.303454936, 6.32440722e-09, 0.216579705], [0.510066509, 0, 0.860134959]], [[-0.26497063, 6.29391206e-10, 0.317703307], [-0.296415448, 6.32440722e-09, 0.160870433], [-0.318321824, 6.32440722e-09, 0.281722158], [0.767134547, 0, 0.641486287]], [[-0.255218536, 2.3258897e-09, 0.374207705], [-0.361473471, 6.32440722e-09, 0.432836056], [-0.37533772, 6.32440722e-09, 0.274180979], [0.930321574, 0, 0.366745055]]], [[0, 0, 0], [-0.0671157092, 6.32440722e-09, -0.218378827], [0.204793349, 6.32440722e-09, -0.427405447], [0, 0, 1]], 0, 7500]
          - [[[ [1.09379423, 0.0132089285, -0.227818608], [-0.244735196, 6.55232757e-09, 0.170748323], [-0.24411571, 6.55232757e-09, 0.13116914], [-0.999909401, 0, -0.0134598315]], [[0.622675419, -3.08517158e-08, -0.142396823], [0.636882305, 6.55232757e-09, -0.312154949], [1.51424408, 6.55232757e-09, -0.36436978], [-0.913312197, 0, 0.407260507]], [[0.274383098, 2.27920349e-10, -0.0583187789], [0.328042269, 6.55232757e-09, -0.280387521], [0.668538213, 6.55232757e-09, -0.32148689], [-0.510066509, 0, 0.860134959]]], [[[-0.115577221, 8.57311555e-10, 0.0797962993], [-0.0626288205, 6.55232757e-09, -0.071140103], [-0.143113688, 6.55232757e-09, 0.0216349922], [0.332638532, 0, 0.943054438]], [[-0.13601011, 2.55381005e-09, 0.133371904], [-0.257308036, 6.55232757e-09, 0.129603118], [-0.188308537, 6.55232757e-09, -0.0139333345], [0.613137841, 0, 0.78997612]], [[-0.20144847, 6.92469992e-09, 0.200845003], [-0.244735196, 6.55232757e-09, 0.170748323], [-0.24411571, 6.55232757e-09, 0.13116914], [0.903624892, 0, 0.428324759]]], [[0, 0, 0], [0.281787515, 6.55232757e-09, -0.210808635], [-0.0970991626, 6.55232757e-09, -0.0268132146], [0, 0, 1]], 0, 7700]
          - [[[ [0.77012229, -3.17090283e-08, 0.0360310376], [-0.119195044, 5.69501601e-09, 0.0392382219], [-0.338564456, 5.69501601e-09, 0.101438917], [-0.996773481, 0, 0.0802659988]], [[0.41369617, -6.29391206e-10, -0.000534206629], [0.538168311, 5.69501601e-09, -0.19210799], [0.872945666, 5.69501601e-09, -0.117604882], [-0.767134428, 0, 0.641486287]], [[0.135538906, -8.57311555e-10, -0.0368068144], [0.471402943, 5.69501601e-09, -0.141877428], [0.0528882369, 5.69501601e-09, -0.0943920463], [-0.332638502, 0, 0.943054318]]], [[[-0.0370906405, 1.6964985e-09, 0.0437279567], [-0.150227517, 5.69501601e-09, -0.000174596906], [-0.0374114998, 5.69501601e-09, -0.112585366], [0.315445751, 0, 0.948943615]], [[-0.121246725, 6.06738837e-09, 0.0855914205], [-0.152057141, 5.69501601e-09, 0.0428097881], [-0.138307378, 5.69501601e-09, 0.00569052994], [0.709690094, 0, 0.704513967]], [[-0.156370714, 6.41991704e-09, 0.143824026], [-0.119195044, 5.69501601e-09, 0.0392382219], [-0.338564456, 5.69501601e-09, 0.101438917], [0.886391878, 0, 0.462935627]]], [[0, 0, 0], [0.100140467, 5.69501601e-09, -0.124728546], [-0.00662170164, 5.69501601e-09, -0.0640089661], [0, 0, 1]], 0, 7900]
          - [[[ [0.441733599, -2.3258897e-09, 0.100196496], [-0.0554360598, 3.99851752e-09, 0.107653603], [-0.335292339, 3.99851752e-09, -0.070635438], [-0.930321515, 0, 0.366744995]], [[0.189220071, -2.55381005e-09, -0.0219676867], [0.541080177, 3.99851752e-09, -0.015726909], [0.128954262, 3.99851752e-09, -0.102684647], [-0.613137722, 0, 0.78997606]], [[0.0489907302, -1.6964985e-09, -0.0297952816], [0.183363482, 3.99851752e-09, -0.116566762], [0.0628984645, 3.99851752e-09, -0.0926249772], [-0.315445751, 0, 0.948943615]]], [[[-0.0930650383, 4.37088987e-09, 0.0131793972], [-0.108807102, 3.99851752e-09, -0.0371369906], [-0.0840502307, 3.99851752e-09, -0.0680237636], [0.451219976, 0, 0.892412782]], [[-0.144764945, 4.72341855e-09, 0.0573591515], [-0.0764961764, 3.99851752e-09, -0.030159995], [-0.304286361, 3.99851752e-09, -0.0403341874], [0.695104897, 0, 0.718908429]], [[-0.0426559448, 3.55991325e-09, 0.163411617], [-0.0554360598, 3.99851752e-09, 0.107653603], [-0.335292339, 3.99851752e-09, -0.070635438], [0.787588358, 0, 0.616201937]]], [[0, 0, 0], [-0.0935116559, 3.99851752e-09, -0.0773496032], [0.0490039028, 3.99851752e-09, -0.14843376], [0, 0, 1]], 0, 8100]
          - [[[ [0.267773926, -6.92469992e-09, 0.0960069746], [0.110505596, -3.72372355e-10, 0.273583293], [-0.196511164, -3.72372355e-10, -0.205303386], [-0.903624892, 0, 0.428324759]], [[0.146163419, -6.06738837e-09, 0.0257472489], [0.305232406, -3.72372355e-10, 0.00894293655], [0.18692486, -3.72372355e-10, -0.0240473263], [-0.709690154, 0, 0.704514027]], [[0.0889992416, -4.37088987e-09, 0.0302313417], [0.0404499248, -3.72372355e-10, -0.0809907541], [0.19970721, -3.72372355e-10, -0.0801213011], [-0.451220006, 0, 0.892412901]]], [[[-0.0660724491, 3.52528617e-10, 0.0160985421], [0.0343418606, -3.72372355e-10, -0.0312004238], [-0.164350212, -3.72372355e-10, -0.143063486], [0.295934647, 0, 0.955208242]], [[-0.0228020586, -8.1097673e-10, 0.156814739], [-0.00904806331, -3.72372355e-10, 0.101288937], [-0.178347826, -3.72372355e-10, -0.184095234], [0.424811304, 0, 0.90528208]], [[0.167259812, 5.74021386e-10, 0.345640659], [0.110505596, -3.72372355e-10, 0.273583293], [-0.196511164, -3.72372355e-10, -0.205303386], [0.596832693, 0, 0.80236578]]], [[0, 0, 0], [0.0086553432, -3.72372355e-10, -0.052006118], [0.0446854159, -3.72372355e-10, -0.0683990791], [0, 0, 1]], 0, 8300]
          - [[[ [-0.199874043, 6.41991704e-09, 0.0720244646], [-0.127474979, 7.24900973e-10, 0.413464427], [0.0224700496, 7.24900973e-10, -0.109222338], [0.886391938, 0, 0.462935686]], [[-0.143943369, 4.72341855e-09, 0.0593908541], [-0.130483121, 7.24900973e-10, -0.0612168312], [-0.282349706, 7.24900973e-10, -0.0132565722], [0.695104957, 0, 0.718908429]], [[-0.0678770691, 3.52528617e-10, 0.00417566858], [-0.0915351287, 7.24900973e-10, -0.0429395847], [-0.130802587, 7.24900973e-10, -0.0479357317], [0.295934647, 0, 0.955208302]]], [[[0.000310566276, 1.16350529e-09, 0.147218466], [-0.0292593725, 7.24900973e-10, 0.0982500538], [0.0480020866, 7.24900973e-10, -0.224452898], [-0.13787891, 0, 0.99044925]], [[-0.125357956, -2.21492769e-10, 0.383832455], [-0.0924701393, 7.24900973e-10, 0.298207074], [0.0590756312, 7.24900973e-10, -0.250086278], [-0.332651675, 0, 0.943049848]], [[-0.338539541, -0.0053402069, 0.759775281], [-0.127474979, 7.24900973e-10, 0.413464427], [0.0224700496, 7.24900973e-10, -0.109222338], [-0.43900156, 0, 0.898486495]]], [[0, 0, 0], [-0.109913975, 7.24900973e-10, -0.0154642873], [0.0467741676, 7.24900973e-10, -0.18111667], [0, 0, 1]], 0, 8500]
          - [[[ [-0.154985741, 3.55991325e-09, -0.0670992136], [-0.146057636, -4.38604347e-10, 0.342091203], [-0.34274596, -4.38604347e-10, 0.72950834], [0.787588358, 0, 0.616201937]], [[-0.0872589499, -8.1097673e-10, -0.13227497], [-0.117187262, -4.38604347e-10, -0.175678283], [-0.156768531, -4.38604347e-10, -0.175212562], [0.424811274, 0, 0.905281961]], [[-0.0206059217, -1.16350529e-09, -0.145769581], [-0.131602317, -4.38604347e-10, -0.145931333], [0.000749342144, -4.38604347e-10, -0.331605583], [0.13787891, 0, 0.990449071]]], [[[-0.0918441936, -1.38499812e-09, 0.251681119], [-0.0710764155, -4.38604347e-10, 0.162339032], [0.00342385471, -4.38604347e-10, -0.40161258], [-0.19944784, 0, 0.979908466]], [[-0.251155138, -0.0053402083, 0.653426528], [-0.0898553655, -4.38604347e-10, 0.281321943], [-0.0134099275, -4.38604347e-10, -0.257046878], [-0.310926348, 0, 0.950434089]], [[-0.327690303, -0.000270853634, 1.19587326], [-0.146057636, -4.38604347e-10, 0.342091203], [-0.34274596, -4.38604347e-10, 0.72950834], [-0.149771601, 0, 0.988720655]]], [[0, 0, 0], [-0.0360392258, -4.38604347e-10, -0.0444236547], [-0.00400961936, -4.38604347e-10, -0.374697208], [0, 0, 1]], 0, 8700]
          - [[[ [-0.0720860958, 5.74021386e-10, -0.377156287], [-0.186951429, 9.46393741e-10, 0.639113784], [-0.284311831, 9.46393741e-10, 1.08843446], [0.596832633, 0, 0.80236572]], [[-0.00946368277, 2.21492769e-10, -0.403673589], [-0.118262239, 9.46393741e-10, -0.381694138], [-0.0256020725, 9.46393741e-10, -0.590035081], [0.332651615, 0, 0.943049788]], [[0.0398016423, 1.38499812e-09, -0.264942557], [-0.00437369943, 9.46393741e-10, -0.301285744], [-0.0388599336, 9.46393741e-10, -0.631311774], [0.19944784, 0, 0.979908466]]], [[[-0.0759828538, -0.0053402069, 0.425447941], [0.00786066893, 9.46393741e-10, 0.0286486559], [-0.0246062875, 9.46393741e-10, -0.514150381], [-0.115117341, 0, 0.993351936]], [[-0.0427905023, -0.000270852237, 0.972260833], [-0.0350921154, 9.46393741e-10, 0.099406369], [-0.150559142, 9.46393741e-10, 0.518268704], [0.0504357517, 0, 0.998727322]], [[0.109083176, -0.00732091954, 1.50197983], [-0.186951429, 9.46393741e-10, 0.639113784], [-0.284311831, 9.46393741e-10, 1.08843446], [0.324649751, 0, 0.945834219]]], [[0, 0, 0], [0.00253143534, 9.46393741e-10, -0.0916891396], [-0.0369440317, 9.46393741e-10, -0.659168959], [0, 0, 1]], 0, 8900]
          - [[[ [-0.0293692946, 0.00534020644, -0.831266999], [0.266665876, 0.00534020737, 1.29904127], [-0.0313372612, 0.00534020737, 0.750714004], [0.439001471, 0, 0.898486316]], [[0.0355388522, 0.00534020783, -0.699129581], [-0.0125265419, 0.00534020737, -0.730145812], [-0.0847752392, 0.00534020737, -1.05400789], [0.310926348, 0, 0.950434089]], [[0.026501283, 0.00534020644, -0.431366503], [0.0184608698, 0.00534020737, -0.522737503], [-0.0860789418, 0.00534020737, -1.08190036], [0.115117311, 0, 0.993351936]]], [[[0.095919311, 0.00506935408, 0.539356649], [0.00308586657, 0.00534020737, -0.328581274], [-0.0633952022, 0.00534020737, 0.100788742], [0.165071279, 0, 0.986281753]], [[0.307763129, -0.0019807124, 1.04807067], [-0.0856341943, 0.00534020737, 0.225019783], [-0.130622774, 0.00534020737, 0.682561398], [0.431373417, 0, 0.90217346]], [[0.565389633, 0.00534020131, 1.56650448], [0.266665876, 0.00534020737, 1.29904127], [-0.0313372612, 0.00534020737, 0.750714004], [0.46800673, 0, 0.883724928]]], [[0, 0, 0], [0.0376076549, 0.00534020737, -0.403813183], [-0.0571290553, 0.00534020737, -0.939266205], [0, 0, 1]], 0, 9100]
          - [[[ [0.144886315, 0.000270853634, -1.23146319], [0.280226618, 0.000270853197, 1.19439566], [0.0575653613, 0.000270853197, 0.790474057], [0.149771601, 0, 0.988720655]], [[0.0917727351, 0.000270852237, -0.968865275], [0.0989254117, 0.000270853197, -1.06031001], [0.0881214738, 0.000270853197, -1.6290586], [-0.0504357517, 0, 0.998727322]], [[-0.00557118654, -0.00506935455, -0.547791064], [0.0981785059, 0.000270853197, -0.939856589], [0.0931293964, 0.000270853197, -1.48360229], [-0.165071309, 0, 0.986281753]]], [[[0.124963611, -0.00705006719, 0.536704659], [-0.127174899, 0.000270853197, -0.339993924], [-0.247073278, 0.000270853197, 0.103844561], [0.276532769, 0, 0.961004436]], [[0.293477356, 0.000270847144, 1.09055293], [0.0430021286, 0.000270853197, 0.777448177], [-0.160399839, 0.000270853197, 0.187451452], [0.315708905, 0, 0.948856115]], [[0.524726927, -0.0156833138, 1.6199187], [0.280226618, 0.000270853197, 1.19439566], [0.0575653613, 0.000270853197, 0.790474057], [0.382087946, 0, 0.924126089]]], [[0, 0, 0], [0.0517116785, 0.000270853197, -0.871355295], [-0.0847340226, 0.000270853197, -0.458849698], [0, 0, 1]], 0, 9300]
          - [[[ [0.384442866, 0.00732091954, -1.456038], [-0.0330292881, 0.00732092047, 0.810738146], [0.0259354413, 0.00732092047, 1.48440874], [-0.324649841, 0, 0.945834279]], [[0.174454093, 0.00198071264, -1.0783025], [0.382576972, 0.00732092047, -1.4263891], [0.528088212, 0.00732092047, -1.9503274], [-0.431373477, 0, 0.902173579]], [[0.0283258557, 0.00705006719, -0.550332189], [0.318979323, 0.00732092047, -1.37340868], [0.07378304, 0.00732092047, -1.01472056], [-0.276532799, 0, 0.961004496]]], [[[0.00878532231, 0.00732091442, 0.578850329], [-0.145338804, 0.00732092047, 0.208690584], [-0.177655593, 0.00732092047, -0.414546281], [0.0410078913, 0, 0.999158859]], [[0.0846301615, -0.00863324665, 1.15152133], [-0.0326646715, 0.00732092047, 0.67497927], [-0.134945557, 0.00732092047, 0.22523579], [0.111637086, 0, 0.993749201]], [[0.274574816, 0.00732094003, 1.71883738], [-0.0330292881, 0.00732092047, 0.810738146], [0.0259354413, 0.00732092047, 1.48440874], [0.325543314, 0, 0.945527136]]], [[0, 0, 0], [0.000129655004, 0.00732092047, -0.912235916], [-0.237829134, 0.00732092047, -0.518860936], [0, 0, 1]], 0, 9500]
          - [[[ [0.233485758, -0.00534020178, -1.64896512], [0.0129828453, 6.06529493e-09, 0.883745968], [0.074067086, 6.06529493e-09, 1.45659983], [-0.46800679, 0, 0.883724928]], [[0.0658294857, -0.000270847144, -1.12743115], [0.389991045, 6.06529493e-09, -1.93789625], [0.130291998, 6.06529493e-09, -1.58956492], [-0.315708905, 0, 0.948856115]], [[0.0149594843, -0.00732091442, -0.578723669], [0.0524978936, 6.06529493e-09, -1.49018681], [-0.201392159, 6.06529493e-09, -1.10690093], [-0.0410078913, 0, 0.99915874]]], [[[0.0522970334, -0.0159541611, 0.575299442], [-0.0453571454, 6.06529493e-09, 0.0943483785], [-0.129108965, 6.06529493e-09, -0.359211147], [0.0707916319, 0, 0.997491241]], [[0.218817472, 2.55685713e-08, 1.1499275], [-0.0512886606, 6.06529493e-09, 0.229977995], [-0.0199992955, 6.06529493e-09, 0.905500054], [0.286495388, 0, 0.958081543]], [[0.477806985, 1.63516987e-08, 1.64036882], [0.0129828453, 6.06529493e-09, 0.883745968], [0.074067086, 6.06529493e-09, 1.45659983], [0.679213524, 0, 0.733940721]]], [[0, 0, 0], [-0.138814986, 6.06529493e-09, -0.376168638], [-0.145546973, 6.06529493e-09, -1.00020647], [0, 0, 1]], 0, 9700]
          - [[[ [0.134037554, 0.0156833138, -1.69750082], [0.255498707, 0.0159541667, 1.40548718], [0.0398825407, 0.0159541667, 0.967457771], [-0.382087886, 0, 0.92412591]], [[0.0444513112, 0.00863324665, -1.15377092], [0.146419466, 0.0159541667, -2.0602901], [-0.133967012, 0.0159541667, -1.69593906], [-0.111637056, 0, 0.993748903]], [[-0.0114394426, 0.0159541611, -0.577558219], [-0.123276576, 0.0159541667, -0.962610066], [-0.0858150125, 0.0159541667, -1.58555889], [-0.070791617, 0, 0.997491121]]], [[[0.125423789, 0.0159541853, 0.584974647], [-0.078879945, 0.0159541667, -0.351788074], [-0.095490396, 0.0159541667, 0.324254155], [0.21795246, 0, 0.975959361]], [[0.349044383, 0.0159541778, 1.09251976], [-0.061050985, 0.0159541667, 0.30488959], [-0.0406732708, 0.0159541667, 0.880630493], [0.625552595, 0, 0.780181885]], [[0.596323729, 0.0159541592, 1.54712582], [0.255498707, 0.0159541667, 1.40548718], [0.0398825407, 0.0159541667, 0.967457771], [0.811712146, 0, 0.584057808]]], [[0, 0, 0], [-0.0633618757, 0.0159541667, -0.48665753], [-0.114795342, 0.0159541667, -0.945008039], [0, 0, 1]], 0, 9900]
          - [[[ [-0.299938083, 0.00732094003, -1.71459341], [-0.0769758672, 1.95032754e-08, 1.28210402], [0.013714157, 1.95032754e-08, 0.920797706], [0.325543314, 0, 0.945527136]], [[-0.119803995, 2.55685713e-08, -1.16441476], [-0.0945784897, 1.95032754e-08, -1.56458497], [-0.266912699, 1.95032754e-08, -2.16439271], [0.286495447, 0, 0.958081663]], [[-0.00508815423, 0.0159541853, -0.598248005], [-0.0493177623, 1.95032754e-08, -1.08701587], [-0.0990194008, 1.95032754e-08, -1.5455575], [0.217952505, 0, 0.975959599]]], [[[-0.107623912, 9.21687082e-09, 0.544082165], [0.120946579, 1.95032754e-08, -0.313994348], [0.226542935, 1.95032754e-08, 0.252346873], [-0.440471381, 0, 0.897766769]], [[-0.249875978, 2.64105537e-08, 1.04165447], [0.0518849008, 1.95032754e-08, 0.829137027], [0.166847944, 1.95032754e-08, 0.35464412], [-0.664901257, 0, 0.746931434]], [[-0.510236442, 1.50881263e-08, 1.400087], [-0.0769758672, 1.95032754e-08, 1.28210402], [0.013714157, 1.95032754e-08, 0.920797706], [-0.807638407, 0, 0.589678168]]], [[0, 0, 0], [-0.00477761403, 1.95032754e-08, -0.95877099], [0.158778608, 1.95032754e-08, -0.302601457], [0, 0, 1]], 0, 10100]
          - [[[ [-0.763478696, 1.63516987e-08, -1.52846634], [0.398139596, 1.02864046e-08, 0.769257367], [0.0420122743, 1.02864046e-08, 1.36822271], [0.679213524, 0, 0.733940721]], [[-0.411110461, 0.0159541778, -1.07070994], [-0.666106582, 1.02864046e-08, -1.49002755], [-0.912701488, 1.02864046e-08, -1.87979877], [0.625552654, 0, 0.780182004]], [[-0.143031418, -9.21687082e-09, -0.535863996], [-0.569631696, 1.02864046e-08, -1.39451206], [-0.133772552, 1.02864046e-08, -0.877466917], [0.440471321, 0, 0.89776665]]], [[[0.0914571732, 1.71936829e-08, 0.509361744], [0.268760204, 1.02864046e-08, 0.185653716], [0.162969649, 1.02864046e-08, -0.29096812], [-0.267924279, 0, 0.963440061]], [[0.0155935287, 5.87125459e-09, 0.945831776], [0.35259226, 1.02864046e-08, 0.649071813], [0.274865657, 1.02864046e-08, 0.28475669], [-0.465334475, 0, 0.885134876]], [[-0.215197921, 2.01345696e-09, 1.29815865], [0.398139596, 1.02864046e-08, 0.769257367], [0.0420122743, 1.02864046e-08, 1.36822271], [-0.720567584, 0, 0.693384588]]], [[0, 0, 0], [-0.172755122, 1.02864046e-08, -0.871031106], [0.171502784, 1.02864046e-08, -0.409101099], [0, 0, 1]], 0, 10300]
          - [[[ [-0.907533288, 0.0159541573, -1.3876543], [0.201004624, -6.9072783e-09, 0.910806775], [0.120457113, -6.9072783e-09, 1.07257318], [0.811712146, 0, 0.584057868]], [[-0.505957007, -2.6410552e-08, -0.944187224], [-1.14701343, -6.9072783e-09, -1.65714657], [-0.588560343, -6.9072783e-09, -1.27578175], [0.664901137, 0, 0.746931374]], [[-0.224583864, -1.71936811e-08, -0.466235936], [-0.624393463, -6.9072783e-09, -1.25913692], [-0.168959349, -6.9072783e-09, -0.906330109], [0.267924249, 0, 0.963440061]]], [[[0.0438508391, -1.13224283e-08, 0.440838397], [0.289019704, -6.9072783e-09, 0.06463781], [0.116525911, -6.9072783e-09, -0.265533119], [-0.21117267, 0, 0.977448821]], [[-0.0841059983, -1.51802251e-08, 0.842118859], [0.36510241, -6.9072783e-09, 0.168226153], [0.182472527, -6.9072783e-09, 0.840708613], [-0.508449078, 0, 0.861092031]], [[-0.335000128, -2.22591656e-09, 1.1721977], [0.201004624, -6.9072783e-09, 0.910806775], [0.120457113, -6.9072783e-09, 1.07257318], [-0.804430068, 0, 0.594047368]]], [[0, 0, 0], [0.0840915889, -6.9072783e-09, -0.359377086], [-0.145529807, -6.9072783e-09, -0.790229797], [0, 0, 1]], 0, 10500]
          - [[[ [-0.829888821, -1.50881263e-08, -1.23768723], [-0.113152057, 4.41515002e-09, 1.03076506], [0.036121428, 4.41515002e-09, 0.770213783], [0.807638407, 0, 0.589678168]], [[-0.453930557, -5.87125459e-09, -0.82993263], [-1.01216316, 4.41515002e-09, -1.52052391], [-0.492496312, 4.41515002e-09, -1.27184844], [0.465334505, 0, 0.885134995]], [[-0.135955006, 1.13224292e-08, -0.421636879], [-0.129650414, 4.41515002e-09, -0.790667415], [-0.445077956, 4.41515002e-09, -1.1633141], [0.211172789, 0, 0.97744894]]], [[[-0.040331766, -3.85779764e-09, 0.419252098], [0.256438732, 4.41515002e-09, -0.334304124], [0.21993728, 4.41515002e-09, 0.361579508], [-0.315143824, 0, 0.949043989]], [[-0.215864286, 9.09651199e-09, 0.794869304], [0.252854288, 4.41515002e-09, 0.426183403], [0.208283901, 4.41515002e-09, 0.601311207], [-0.660842657, 0, 0.75052458]], [[-0.430716574, 5.71730707e-09, 1.05519152], [-0.113152057, 4.41515002e-09, 1.03076506], [0.036121428, 4.41515002e-09, 0.770213783], [-0.838265538, 0, 0.545262456]]], [[0, 0, 0], [0.160196707, 4.41515002e-09, -0.419489831], [-0.0781302154, 4.41515002e-09, -0.70578903], [0, 0, 1]], 0, 10700]
          - [[[ [-0.786196232, -2.01345696e-09, -1.05518794], [0.0738087296, 8.27294766e-09, 0.677332401], [-0.138190761, 8.27294766e-09, 1.01883566], [0.720567644, 0, 0.693384647]], [[-0.355751574, 1.51802269e-08, -0.767905474], [-0.466065913, 8.27294766e-09, -1.1201185], [-0.8828578, 8.27294766e-09, -1.37437153], [0.508449197, 0, 0.86109215]], [[-0.0938480794, 3.85779764e-09, -0.410598934], [-0.0740139633, 8.27294766e-09, -0.859198153], [-0.390422106, 8.27294766e-09, -1.05580139], [0.315143824, 0, 0.949043989]]], [[[-0.0482146479, 1.29543096e-08, 0.411795229], [0.280430794, 8.27294766e-09, -0.0858176574], [0.293321997, 8.27294766e-09, 0.0944324508], [-0.390645474, 0, 0.920541227]], [[-0.170079917, 9.57510515e-09, 0.726561725], [0.123604879, 8.27294766e-09, 0.603301406], [0.183160812, 8.27294766e-09, 0.308984309], [-0.623714685, 0, 0.781652093]], [[-0.436181843, 4.83274598e-05, 0.958779573], [0.0738087296, 8.27294766e-09, 0.677332401], [-0.138190761, 8.27294766e-09, 1.01883566], [-0.825409353, 0, 0.564534724]]], [[0, 0, 0], [0.0441696644, 8.27294766e-09, -0.808683276], [0.228831604, 8.27294766e-09, -0.136755988], [0, 0, 1]], 0, 10900]
          - [[[ [-0.743945181, 2.22591678e-09, -0.96582514], [0.152710825, -4.68136196e-09, 0.512741804], [0.0822931528, -4.68136196e-09, 0.91465205], [0.804430187, 0, 0.594047487]], [[-0.363271981, -9.09651199e-09, -0.739221215], [-0.520257175, -4.68136196e-09, -1.15992343], [-0.888326049, -4.68136196e-09, -1.21730149], [0.660842657, 0, 0.75052458]], [[-0.11648237, -1.29543096e-08, -0.397909343], [-0.391730845, -4.68136196e-09, -1.15959036], [0.0407434478, -4.68136196e-09, -0.61319083], [0.390645444, 0, 0.920541227]]], [[[0.010780137, -3.37920492e-09, 0.337361753], [0.232978001, -4.68136196e-09, 0.109168887], [0.172828034, -4.68136196e-09, -0.185027465], [-0.268806279, 0, 0.963194311]], [[-0.143462852, 4.8314505e-05, 0.655079305], [0.216058433, -4.68136196e-09, 0.196770057], [0.154310882, -4.68136196e-09, 0.593954563], [-0.539290369, 0, 0.842119932]], [[-0.40986526, 4.98150055e-09, 0.924566507], [0.152710825, -4.68136196e-09, 0.512741804], [0.0822931528, -4.68136196e-09, 0.91465205], [-0.766483486, 0, 0.642264009]]], [[0, 0, 0], [0.108141482, -4.68136196e-09, -0.586456954], [0.190422237, -4.68136196e-09, -0.425565213], [0, 0, 1]], 0, 11100]
          - [[[ [-0.649677038, -5.71730707e-09, -0.936410904], [-0.202010542, -1.30215705e-09, 0.860470057], [0.166867703, -1.30215705e-09, 0.592323959], [0.838265419, 0, 0.545262337]], [[-0.320223898, -9.57510515e-09, -0.673999846], [-0.790086269, -1.30215705e-09, -1.3336581], [-0.226653948, -1.30215705e-09, -0.923621058], [0.623714685, 0, 0.781652093]], [[-0.101068303, 3.37920492e-09, -0.322047114], [-0.154550359, -1.30215705e-09, -0.915988207], [-0.0320492685, -1.30215705e-09, -0.783135772], [0.268806219, 0, 0.963194251]]], [[[-0.0631614923, 4.83178846e-05, 0.347485185], [0.159930959, -1.30215705e-09, -0.190597177], [0.207221717, -1.30215705e-09, 0.20856674], [-0.29307431, 0, 0.956089675]], [[-0.247318894, 8.36070591e-09, 0.678664327], [0.18385008, -1.30215705e-09, 0.130773231], [0.224060163, -1.30215705e-09, 0.536819518], [-0.565627873, 0, 0.82466048]], [[-0.501688719, 4.18178807e-08, 0.994991481], [-0.202010542, -1.30215705e-09, 0.860470057], [0.166867703, -1.30215705e-09, 0.592323959], [-0.700426817, 0, 0.713724136]]], [[0, 0, 0], [0.152680039, -1.30215705e-09, -0.27952221], [0.0156621188, -1.30215705e-09, -0.546721756], [0, 0, 1]], 0, 11300]
          - [[[ [-0.54514575, -4.83274562e-05, -0.901292861], [-0.167433411, -4.83191834e-05, 0.828507662], [0.0267567039, -4.83191834e-05, 0.607148051], [0.825409174, 0, 0.564534724]], [[-0.232465014, -4.83145013e-05, -0.629023373], [-0.4576675, -4.83191834e-05, -1.18121004], [-0.301609904, -4.83191834e-05, -1.09009314], [0.539290309, 0, 0.842119873]], [[-0.0414509177, -4.8317881e-05, -0.350737989], [0.0226040781, -4.83191834e-05, -0.66273284], [-0.186706603, -4.83191834e-05, -0.878043175], [0.29307428, 0, 0.956089675]]], [[[-0.0790108889, -4.83095209e-05, 0.370608747], [0.172652483, -4.83191834e-05, -0.279588789], [0.330098659, -4.83191834e-05, 0.0968433172], [-0.299104214, 0, 0.954220295]], [[-0.22950384, -4.82760624e-05, 0.747595191], [0.0175905824, -4.83191834e-05, 0.531152606], [0.291684479, -4.83191834e-05, 0.1666722], [-0.460496575, 0, 0.887661338]], [[-0.494121313, 0.0206695218, 1.0999248], [-0.167433411, -4.83191834e-05, 0.828507662], [0.0267567039, -4.83191834e-05, 0.607148051], [-0.59926188, 0, 0.800553083]]], [[0, 0, 0], [0.055598259, -4.83191834e-05, -0.57983762], [0.21779713, -4.83191834e-05, -0.212060884], [0, 0, 1]], 0, 11500]
          - [[[ [-0.445423305, -4.98150055e-09, -0.907970667], [0.0376802683, -9.66286251e-09, 0.551762342], [-0.0953452885, -9.66286251e-09, 1.12223482], [0.766483545, 0, 0.642264009]], [[-0.179917395, -8.36070591e-09, -0.699558139], [-0.212113768, -9.66286251e-09, -1.01642919], [-0.476242602, -9.66286251e-09, -1.15927696], [0.565627992, 0, 0.824660599]], [[-0.0354568362, 4.83095246e-05, -0.37727496], [-0.155835748, -9.66286251e-09, -0.947197616], [0.108941346, -9.66286251e-09, -0.644771814], [0.299104244, 0, 0.954220533]]], [[[-0.0308452398, 3.34571766e-08, 0.404741228], [0.140198439, -9.66286251e-09, 0.124300361], [0.292726845, -9.66286251e-09, -0.305476993], [-0.173912019, 0, 0.984761178]], [[-0.177965358, 0.0207178332, 0.820089698], [0.0525849164, -9.66286251e-09, 0.463384092], [0.171675503, -9.66286251e-09, 0.194075108], [-0.332379222, 0, 0.94314599]], [[-0.40158841, 9.52548216e-05, 1.22284794], [0.0376802683, -9.66286251e-09, 0.551762342], [-0.0953452885, -9.66286251e-09, 1.12223482], [-0.631466031, 0, 0.775403559]]], [[0, 0, 0], [0.0456655025, -9.66286251e-09, -0.695705414], [0.308496326, -9.66286251e-09, -0.383598983], [0, 0, 1]], 0, 11700]
          - [[[ [-0.338851452, -4.18178807e-08, -1.06154585], [0.0130300671, -4.31200391e-08, 0.70878166], [-0.00070437789, -4.31200391e-08, 1.06130981], [0.700426936, 0, 0.713724256]], [[-0.140543357, 4.82760661e-05, -0.769297242], [-0.358204216, -4.31200391e-08, -1.30959964], [-0.0448665619, -4.31200391e-08, -1.05783033], [0.460496664, 0, 0.887661457]], [[-0.0400141925, -3.34571766e-08, -0.403937817], [-0.116036117, -4.31200391e-08, -1.09698331], [0.197068557, -4.31200391e-08, -0.835342467], [0.173912048, 0, 0.984761119]]], [[[-0.072644107, 0.0207177997, 0.434604973], [0.0923574716, -4.31200391e-08, 0.0432396904], [0.162797183, -4.31200391e-08, -0.242676616], [-0.163289711, 0, 0.986578286]], [[-0.222814888, 9.52213668e-05, 0.870116472], [0.0930499956, -4.31200391e-08, 0.132863283], [0.0612635911, -4.31200391e-08, 0.717777073], [-0.486991256, 0, 0.873406887]], [[-0.499655664, 0.0134590212, 1.27486801], [0.0130300671, -4.31200391e-08, 0.70878166], [-0.00070437789, -4.31200391e-08, 1.06130981], [-0.704011321, 0, 0.710188746]]], [[0, 0, 0], [0.119665131, -4.31200391e-08, -0.305913866], [0.195125744, -4.31200391e-08, -0.755668402], [0, 0, 1]], 0, 11900]
          - [[[ [-0.263572723, -0.0206695236, -1.17665637], [-0.257688433, -0.0207178425, 1.18824887], [0.0765462369, -0.0207178425, 0.653212786], [0.59926194, 0, 0.800553083]], [[-0.104733407, -0.0207178332, -0.83261621], [-0.292902172, -0.0207178425, -1.50394607], [0.0587233007, -0.0207178425, -1.29694378], [0.332379192, 0, 0.943145871]], [[0.0007025823, -0.0207177997, -0.440633804], [0.0688090026, -0.0207178425, -0.761981845], [0.069816485, -0.0207178425, -1.21802175], [0.163289711, 0, 0.986578166]]], [[[-0.0770406872, -0.0206225775, 0.454187483], [0.114198871, -0.0207178425, -0.32474789], [0.178349495, -0.0207178425, 0.257505685], [-0.337836623, 0, 0.941204786]], [[-0.284073979, -0.00725877844, 0.898711741], [0.129294485, -0.0207178425, 0.256507039], [0.173308566, -0.0207178425, 0.606546342], [-0.578595757, 0, 0.815614462]], [[-0.510548353, -0.0207177866, 1.34320498], [-0.257688433, -0.0207178425, 1.18824887], [0.0765462369, -0.0207178425, 0.653212786], [-0.616983056, 0, 0.786976635]]], [[0, 0, 0], [0.098881036, -0.0207178425, -0.413055509], [0.12168815, -0.0207178425, -0.706636369], [0, 0, 1]], 0, 12100]
          - [[[ [0.460793912, 9.52548216e-05, -1.20179009], [0.0725928992, 9.52644841e-05, 1.09491897], [-0.0628707409, 9.52644841e-05, 0.723712683], [-0.631466031, -0, 0.775403559]], [[0.229131043, 9.52213668e-05, -0.868474662], [0.273592055, 9.52644841e-05, -1.19393778], [0.426710784, 9.52644841e-05, -1.62350523], [-0.486991256, -0, 0.873406887]], [[0.080930084, -0.0206225775, -0.453510612], [0.127408043, 9.52644841e-05, -0.875686109], [0.205124244, 9.52644841e-05, -1.15971088], [-0.337836623, -0, 0.941204906]]], [[[0.0446841493, -0.0133638, 0.488331795], [-0.127419963, 9.52644841e-05, -0.255765408], [-0.287102312, 9.52644841e-05, 0.058823701], [0.269032657, 0, 0.96313107]], [[0.107676864, 9.52085102e-05, 0.983202338], [-0.0779663026, 9.52644841e-05, 0.751931608], [-0.211794779, 9.52644841e-05, 0.135436252], [0.314837903, 0, 0.949145675]], [[0.266947538, -0.0230467003, 1.43292749], [0.0725928992, 9.52644841e-05, 1.09491897], [-0.0628707409, 9.52644841e-05, 0.723712683], [0.352190405, 0, 0.935928583]]], [[0, 0, 0], [0.083157286, 9.52644841e-05, -0.797745466], [-0.173928156, 9.52644841e-05, -0.271398038], [0, 0, 1]], 0, 12300]
          - [[[ [0.5426718, 0.0134590212, -1.25716019], [-0.137884006, 0.0134590641, 0.68729037], [-0.0247050524, 0.0134590641, 1.22796142], [-0.704011381, -0, 0.710188746]], [[0.288295954, -0.00725877844, -0.897366285], [0.446639299, 0.0134590641, -1.29147255], [0.597902179, 0.0134590641, -1.54411745], [-0.578595817, -0, 0.815614581]], [[0.088340506, 0.0133638, -0.482348979], [0.383051395, 0.0134590641, -1.22831035], [-0.00616016984, 0.0134590641, -0.790533185], [-0.269032687, 0, 0.96313113]]], [[[-0.0724661201, 0.0134590082, 0.493572325], [-0.189045429, 0.0134590641, 0.220884174], [-0.152082384, 0.0134590641, -0.408885866], [0.0478789806, 0, 0.998853326]], [[-0.0400583744, -0.0096829012, 0.96956563], [-0.136311933, 0.0134590641, 0.591731191], [-0.166914612, 0.0134590641, 0.19776687], [0.087410152, 0, 0.996172547]], [[0.0562745929, 0.0134590538, 1.45016468], [-0.137884006, 0.0134590641, 0.68729037], [-0.0247050524, 0.0134590641, 1.22796142], [0.204958856, 0, 0.978770733]]], [[0, 0, 0], [0.0344276428, 0.0134590641, -0.762964725], [-0.204002142, 0.0134590641, -0.502933979], [0, 0, 1]], 0, 12500]
          - [[[ [0.426944941, -0.0207177866, -1.37207031], [-0.0207509398, 5.59718032e-08, 0.689643919], [0.0372717679, 5.59718032e-08, 1.17219245], [-0.616982937, -0, 0.786976576]], [[0.207348272, -9.52085102e-05, -0.967102706], [0.537437022, 5.59718032e-08, -1.69809806], [0.127711505, 5.59718032e-08, -1.27945805], [-0.314837813, 0, 0.949145436]], [[0.0960147157, -0.0134590082, -0.489536613], [0.166932821, 5.59718032e-08, -1.24997783], [-0.083673507, 5.59718032e-08, -1.00166118], [-0.0478789508, 0, 0.998853028]]], [[[0.00958053768, -0.0231419094, 0.476998985], [-0.0684723407, 5.59718032e-08, 0.0949894264], [-0.0801773146, 5.59718032e-08, -0.29998827], [0.0396142006, 0, 0.999215126]], [[0.0827924311, 4.58262335e-08, 0.961659074], [-0.0746178776, 5.59718032e-08, 0.19036375], [0.0125445127, 5.59718032e-08, 0.735833526], [0.157861233, 0, 0.987461329]], [[0.12445873, -0.0103150411, 1.39214671], [-0.0207509398, 5.59718032e-08, 0.689643919], [0.0372717679, 5.59718032e-08, 1.17219245], [0.254312754, 0, 0.967122018]]], [[0, 0, 0], [-0.103389576, 5.59718032e-08, -0.277957082], [-0.036316216, 5.59718032e-08, -0.905234993], [0, 0, 1]], 0, 12700]
          - [[[ [0.254819453, 0.0230466984, -1.43513393], [0.00408640504, 0.0231419634, 1.14799833], [0.0245467722, 0.0231419634, 0.772532225], [-0.352190316, 0, 0.935928464]], [[0.124654889, 0.00968290027, -0.962352991], [0.225641608, 0.0231419634, -1.71938801], [-0.0346048474, 0.0231419634, -1.48119378], [-0.087410152, 0, 0.996172428]], [[0.0093229264, 0.0231419075, -0.477004111], [-0.0829744339, 0.0231419634, -0.758838773], [0.00889533758, 0.0231419634, -1.38296723], [-0.0396142006, 0, 0.999215245]]], [[[0.0539550185, 0.0231419541, 0.487179935], [-0.0727775022, 0.0231419634, -0.289745718], [-0.00729183853, 0.0231419634, 0.2587488], [0.118619829, 0, 0.99293983]], [[0.0785351396, 0.0128268674, 0.918980241], [-0.0387314521, 0.0231419634, 0.211276457], [0.000129967928, 0.0231419634, 0.695744753], [0.215801328, 0, 0.97643733]], [[0.0416831374, 0.0230805557, 1.30823612], [0.00408640504, 0.0231419634, 1.14799833], [0.0245467722, 0.0231419634, 0.772532225], [0.272846162, 0, 0.962057889]]], [[0, 0, 0], [-0.0628586113, 0.0231419634, -0.384801745], [-0.0589076281, 0.0231419634, -0.779933155], [0, 0, 1]], 0, 12900]
          - [[[ [0.242144048, -0.0134590538, -1.43091249], [-0.134332001, 1.01455688e-08, 1.01195514], [-0.0840255171, 1.01455688e-08, 0.642916739], [-0.204958767, 0, 0.978770554]], [[0.0700543523, -4.58262335e-08, -0.962670922], [0.0118397474, 1.01455688e-08, -1.25346398], [0.177095056, 1.01455688e-08, -1.86228848], [-0.157861233, 0, 0.987461448]], [[0.00421510637, -0.023141956, -0.490140438], [-0.0125545859, 1.01455688e-08, -0.879681587], [0.038238883, 1.01455688e-08, -1.27155471], [-0.1186198, 0, 0.99293983]]], [[[-0.026813522, -0.0103150867, 0.431667387], [-0.0593044683, 1.01455688e-08, -0.284949929], [-0.0781849325, 1.01455688e-08, 0.200707585], [0.0984528959, 0, 0.995141745]], [[-0.109578788, -6.13976881e-05, 0.813803613], [-0.127902657, 1.01455688e-08, 0.650237441], [-0.0630490705, 1.01455688e-08, 0.279849201], [0.156800687, 0, 0.987630367]], [[-0.0991166532, -0.00248373696, 1.1080004], [-0.134332001, 1.01455688e-08, 1.01195514], [-0.0840255171, 1.01455688e-08, 0.642916739], [0.268009543, 0, 0.963416278]]], [[0, 0, 0], [-0.0336790085, 1.01455688e-08, -0.786473274], [-0.033717975, 1.01455688e-08, -0.234083414], [0, 0, 1]], 0, 13100]
          - [[[ [0.233673871, 0.0103150401, -1.3780272], [-0.167732805, 0.010315096, 0.610248148], [-0.197160035, 0.010315096, 0.884669125], [-0.254312724, 0, 0.967122197]], [[0.121632487, -0.0128268674, -0.914274514], [0.143295705, 0.010315096, -1.3035742], [0.232423484, 0.010315096, -1.6885426], [-0.215801328, 0, 0.97643733]], [[0.0691821426, 0.0103150858, -0.426930308], [0.11309737, 0.010315096, -1.21289849], [0.0586741567, 0.010315096, -0.663196087], [-0.0984528661, 0, 0.995141745]]], [[[-0.11998558, 0.0102536883, 0.372131228], [-0.122116886, 0.010315096, 0.207555681], [-0.0211125687, 0.010315096, -0.154648095], [0.058803767, 0, 0.998269618]], [[-0.138538808, 0.00783134904, 0.665928721], [-0.164127141, 0.010315096, 0.566883028], [-0.0777321607, 0.010315096, 0.20459038], [0.171856344, 0, 0.985122025]], [[-0.0913743377, 0.0103150969, 0.91885066], [-0.167732805, 0.010315096, 0.610248148], [-0.197160035, 0.010315096, 0.884669125], [0.356249332, 0, 0.934390962]]], [[0, 0, 0], [0.0382199585, 0.010315096, -0.716334581], [-0.028383173, 0.010315096, -0.234895378], [0, 0, 1]], 0, 13300]
          - [[[ [0.316845566, -0.0230805576, -1.26997161], [-0.0985335261, 6.14078308e-05, 0.387896687], [-0.130833775, 6.14078308e-05, 0.803696215], [-0.272846162, 0, 0.962057829]], [[0.23582828, 6.13976881e-05, -0.786555052], [0.325885415, 6.14078308e-05, -1.56858087], [0.239231795, 6.14078308e-05, -1.02302992], [-0.156800658, 0, 0.987630367]], [[0.14166069, -0.0102536893, -0.364431679], [0.221937716, 6.14078308e-05, -1.07727921], [0.12713939, 6.14078308e-05, -0.600589633], [-0.058803767, 0, 0.998269558]]], [[[-0.0357975215, -0.00242233928, 0.292198092], [-0.0555173382, 6.14078308e-05, 0.191819072], [0.0520323589, 6.14078308e-05, -0.164766282], [0.113630027, 0, 0.993523121]], [[-0.00358745456, 6.14090168e-05, 0.547455847], [-0.0616667718, 6.14078308e-05, 0.234897137], [-0.107180089, 6.14078308e-05, 0.507112801], [0.300687134, 0, 0.953722835]], [[0.0302239954, 6.14105084e-05, 0.723992348], [-0.0985335261, 6.14078308e-05, 0.387896687], [-0.130833775, 6.14078308e-05, 0.803696215], [0.66876936, 0, 0.743470073]]], [[0, 0, 0], [0.00755006075, 6.14078308e-05, -0.164416105], [0.129678547, 6.14078308e-05, -0.520053625], [0, 0, 1]], 0, 13500]
          - [[[ [0.392445236, 0.00248373696, -1.04090142], [-0.0837496668, 0.0024837472, 0.529559076], [-0.119623423, 0.0024837472, 0.54694277], [-0.268009543, 0, 0.963416278]], [[0.250921726, -0.00783134997, -0.632212281], [0.411679685, 0.0024837472, -1.331321], [0.263329059, 0.0024837472, -0.868490696], [-0.171856284, 0, 0.985122025]], [[0.0687681437, 0.00242233928, -0.286237866], [0.0949519277, 0.0024837472, -0.448731124], [0.256700486, 0.0024837472, -0.788187861], [-0.113630056, 0, 0.99352324]]], [[[0.00299651176, 0.00248374837, 0.257264555], [-0.0191905797, 0.0024837472, -0.059869349], [-0.0953409821, 0.0024837472, 0.205411553], [0.190368056, 0, 0.981712818]], [[0.0165290982, 0.00248374976, 0.436499655], [-0.073203899, 0.0024837472, 0.0879500657], [-0.152542233, 0.0024837472, 0.497386217], [0.579957306, 0, 0.814646959]], [[0.0315791965, 0.00248375512, 0.589169383], [-0.0837496668, 0.0024837472, 0.529559076], [-0.119623423, 0.0024837472, 0.54694277], [0.857414246, 0, 0.51462698]]], [[0, 0, 0], [-0.00818601623, 0.0024837472, -0.10196963], [0.139185876, 0.0024837472, -0.444024563], [0, 0, 1]], 0, 13700]
          - [[[ [0.412719309, -0.0103150979, -0.826013803], [-0.138596907, -1.18745169e-09, 0.520340919], [-0.125376195, -1.18745169e-09, 0.285978168], [-0.356249303, 0, 0.934390962]], [[0.168034375, -6.14090168e-05, -0.521042466], [0.224672839, -1.18745169e-09, -0.675579667], [0.448085189, -1.18745169e-09, -0.97803688], [-0.300687164, 0, 0.953722954]], [[0.0460332334, -0.00248374837, -0.253130347], [0.0574086905, -1.18745169e-09, -0.354793549], [0.26720193, -1.18745169e-09, -0.662538409], [-0.190368056, 0, 0.981712818]]], [[[-0.0208355114, 1.48842783e-09, 0.178533584], [-0.0425748564, -1.18745169e-09, -0.180724293], [-0.198405892, -1.18745169e-09, 0.206120938], [0.414268702, 0, 0.9101547]], [[-0.0351240933, 6.78704559e-09, 0.331276506], [-0.136996016, -1.18745169e-09, 0.250801325], [-0.175523043, -1.18745169e-09, 0.261037916], [0.74376595, 0, 0.668440163]], [[-0.0909969211, 7.10134618e-09, 0.481258005], [-0.138596907, -1.18745169e-09, 0.520340919], [-0.125376195, -1.18745169e-09, 0.285978168], [0.853876352, 0, 0.520475984]]], [[0, 0, 0], [0.0385908261, -1.18745169e-09, -0.315558106], [-0.0866680294, -1.18745169e-09, -0.0696250424], [0, 0, 1]], 0, 13900]
          - [[[ [0.461713254, -6.14105011e-05, -0.558479488], [-0.250547856, -2.6758793e-09, 0.290359437], [-0.158153266, -2.6758793e-09, 0.114800051], [-0.66876936, 0, 0.743470132]], [[0.239685744, -0.00248374953, -0.365179271], [0.292155057, -2.6758793e-09, -0.452996075], [0.610588312, -2.6758793e-09, -0.646180689], [-0.579957247, 0, 0.814646959]], [[0.0929244161, -1.48842771e-09, -0.153861672], [0.258773863, -2.6758793e-09, -0.425081402], [0.0428865813, -2.6758793e-09, -0.253135085], [-0.414268672, 0, 0.9101547]]], [[[-0.0762814209, 5.29861754e-09, 0.133100376], [-0.135662287, -2.6758793e-09, 0.017653171], [-0.174968526, -2.6758793e-09, 0.0110095106], [0.400028229, 0, 0.916502953]], [[-0.18926695, 5.61291813e-09, 0.246460363], [-0.248781145, -2.6758793e-09, 0.26231268], [-0.139659122, -2.6758793e-09, 0.0544832498], [0.561542571, 0, 0.827447891]], [[-0.245885089, -2.49481484e-08, 0.290216863], [-0.250547856, -2.6758793e-09, 0.290359437], [-0.158153266, -2.6758793e-09, 0.114800051], [0.700060427, 0, 0.714083731]]], [[0, 0, 0], [0.129043132, -2.6758793e-09, -0.335986167], [-0.173045069, -2.6758793e-09, -0.0484530665], [0, 0, 1]], 0, 14100]
          - [[[ [0.488910735, -0.00248375512, -0.330278873], [-0.22113651, -7.97449751e-09, 0.055643484], [-0.149939999, -7.97449751e-09, 0.00385731459], [-0.857414246, -0, 0.51462698]], [[0.26987052, -6.78704559e-09, -0.195314407], [0.530367553, -7.97449751e-09, -0.377543569], [0.263722897, -7.97449751e-09, -0.306315303], [-0.74376595, -0, 0.668440163]], [[0.123156041, -5.29861799e-09, -0.091472134], [0.375828385, -7.97449751e-09, -0.347783506], [-0.0160576627, -7.97449751e-09, -0.205102414], [-0.400028259, -0, 0.916502953]]], [[[-0.148898751, 3.14300586e-10, 0.0586973503], [-0.209785059, -7.97449751e-09, 0.0494186841], [-0.0266367812, -7.97449751e-09, -0.0974056795], [0.183652878, 0, 0.982991159]], [[-0.218293294, -3.02467669e-08, 0.0761514604], [-0.22262378, -7.97449751e-09, 0.0744168758], [-0.0677151456, -7.97449751e-09, -0.049523335], [0.355953723, 0, 0.934503675]], [[-0.23349072, -8.40064995e-09, 0.0650701076], [-0.22113651, -7.97449751e-09, 0.055643484], [-0.149939999, -7.97449751e-09, 0.00385731459], [0.564797699, 0, 0.825229287]]], [[0, 0, 0], [-0.00824059919, -7.97449751e-09, -0.129561707], [-0.0416072384, -7.97449751e-09, -0.151374236], [0, 0, 1]], 0, 14300]
          - [[[ [0.458296478, -7.10134618e-09, -0.172783136], [-0.0498309135, -8.28879809e-09, -0.0266987849], [0.0124002937, -8.28879809e-09, -0.0251448061], [-0.853876352, -0, 0.520475984]], [[0.295006514, -5.61291857e-09, -0.0976516306], [0.590453506, -8.28879809e-09, -0.30319941], [0.179029197, -8.28879809e-09, -0.23491618], [-0.56154263, -0, 0.827447891]], [[0.157146096, -3.14300586e-10, -0.0303532891], [0.172840029, -8.28879809e-09, -0.159224689], [0.144046858, -8.28879809e-09, -0.186794117], [-0.183652878, 0, 0.982991159]]], [[[-0.0714197084, -3.05610683e-08, 0.00441273861], [-0.0753579661, -8.28879809e-09, 0.00191234425], [0.0996778011, -8.28879809e-09, -0.0914703682], [0.178275138, 0, 0.983980715]], [[-0.0843235254, -8.71495054e-09, -0.0092711933], [-0.0704482198, -8.28879809e-09, -0.0162685961], [0.00904801115, -8.28879809e-09, -0.0540984944], [0.403635442, 0, 0.914919853]], [[-0.0590901822, 9.77427117e-09, -0.0392920673], [-0.0498309135, -8.28879809e-09, -0.0266987849], [0.0124002937, -8.28879809e-09, -0.0251448061], [0.571584642, 0, 0.82054311]]], [[0, 0, 0], [-0.0581466481, -8.28879809e-09, -0.0203027949], [0.148851201, -8.28879809e-09, -0.130994111], [0, 0, 1]], 0, 14500]
          - [[[ [0.378751874, 2.49481502e-08, -0.035104692], [0.0521173961, 2.22722711e-08, -0.0464759097], [0.173650801, 2.22722711e-08, -0.118554167], [-0.700060427, -0, 0.714083731]], [[0.231102258, 3.02467669e-08, 0.00653848797], [0.269519359, 2.22722711e-08, -0.117470659], [0.246102363, 2.22722711e-08, -0.149731517], [-0.355953723, 0, 0.934503675]], [[0.0710622966, 3.05610683e-08, 0.00839030743], [0.0174666066, 2.22722711e-08, -0.0219533518], [0.240882009, 2.22722711e-08, -0.0939689204], [-0.178275138, 0, 0.983980715]]], [[[-0.0102576008, 2.18461196e-08, -0.0157651547], [0.00464289542, 2.22722711e-08, -0.0201768428], [0.0896097869, 2.22722711e-08, -0.0432285331], [0.234062046, 0, 0.972221613]], [[0.019923497, 4.03353404e-08, -0.0408066399], [0.0267893728, 2.22722711e-08, -0.0267643947], [0.0877466425, 2.22722711e-08, -0.0141410343], [0.416145802, 0, 0.909297943]], [[0.0931570381, 3.57226e-08, -0.0806543976], [0.0521173961, 2.22722711e-08, -0.0464759097], [0.173650801, 2.22722711e-08, -0.118554167], [0.479150176, 0, 0.877732873]]], [[0, 0, 0], [-0.00342941238, 2.22722711e-08, -0.00316243363], [0.185450226, 2.22722711e-08, -0.0638446957], [0, 0, 1]], 0, 14700]
          - [[[ [0.229434848, 8.40064995e-09, 0.0781772807], [0.0825791284, 4.26152447e-10, -0.0299502797], [0.251487374, 4.26152447e-10, -0.135002822], [-0.564797819, 0, 0.825229406]], [[0.0734070987, 8.71495054e-09, 0.0425183661], [0.0284024961, 4.26152447e-10, 0.000472884625], [0.262467921, 4.26152447e-10, -0.0172491446], [-0.403635472, 0, 0.914919972]], [[0.00628263736, -2.18461196e-08, 0.0177281387], [0.00368869398, 4.26152447e-10, 0.0138508584], [0.201525003, 4.26152447e-10, -0.000936195254], [-0.234062076, 0, 0.972221732]]], [[[0.0352039784, 1.84892208e-08, -0.0172816236], [0.0385923758, 4.26152447e-10, -0.00202240795], [0.0949017107, 4.26152447e-10, 0.0245180801], [0.191753834, 0, 0.981443107]], [[0.115730062, 1.38764795e-08, -0.038881287], [0.0678305477, 4.26152447e-10, -0.0152580384], [0.202858746, 4.26152447e-10, -0.0568877235], [0.260396153, 0, 0.965501904]], [[0.231969625, 1.00772404e-08, -0.080347091], [0.0825791284, 4.26152447e-10, -0.0299502797], [0.251487374, 4.26152447e-10, -0.135002822], [0.244607896, 0, 0.969622135]]], [[0, 0, 0], [0.0155191934, 4.26152447e-10, -0.000801499002], [0.103521377, 4.26152447e-10, -0.00332532451], [0, 0, 1]], 0, 14900]
          - [[[ [0.0260273013, -9.77427028e-09, 0.0660158768], [0.0780920237, -1.80630675e-08, -0.00460046902], [0.255411059, -1.80630675e-08, -0.0886909291], [-0.571584582, 0, 0.82054311]], [[-0.0350979045, -4.03353368e-08, 0.0288143083], [-0.036900226, -1.80630675e-08, 0.0245115794], [0.160100281, -1.80630675e-08, 0.0479347929], [-0.416145831, 0, 0.909297943]], [[-0.0378645137, -1.8489219e-08, 0.0102104321], [-0.0224796198, -1.80630675e-08, 0.0123996697], [0.0643734485, -1.80630675e-08, 0.0267974343], [-0.191753864, 0, 0.981442988]]], [[[0.083173573, -4.61274174e-09, -0.00575765409], [0.0316330828, -1.80630675e-08, 0.00824230071], [0.172138199, -1.80630675e-08, -0.00672268867], [0.0704253316, 0, 0.997517049]], [[0.205207303, -8.41198045e-09, -0.0241645873], [0.0489252731, -1.80630675e-08, -0.00334919617], [0.234843299, -1.80630675e-08, -0.0740634874], [0.0541399717, 0, 0.998533368]], [[0.268190175, -2.3876904e-08, -0.0431667417], [0.0780920237, -1.80630675e-08, -0.00460046902], [0.255411059, -1.80630675e-08, -0.0886909291], [-0.0146088302, 0, 0.999893308]]], [[0, 0, 0], [0.000399503857, -1.80630675e-08, 0.015625786], [0.0505746603, -1.80630675e-08, 0.052471295], [0, 0, 1]], 0, 15100]
          - [[[ [-0.120412581, -3.57226e-08, 0.0261568129], [0.0121625569, -1.34503271e-08, -0.00934471935], [0.19379136, -1.34503271e-08, -0.0672344193], [-0.479150206, 0, 0.877733052]], [[-0.121862136, -1.38764795e-08, 0.00740428269], [-0.106669612, -1.34503271e-08, 0.0106715783], [-0.0210461561, -1.34503271e-08, 0.0311502516], [-0.260396242, 0, 0.965501785]], [[-0.0833725631, 4.61274219e-09, -0.000114172697], [-0.0840744972, -1.34503271e-08, 0.0155009534], [-0.0366187766, -1.34503271e-08, 0.0557885841], [-0.0704253614, 0, 0.997517109]]], [[[0.123027064, -3.79923915e-09, -0.00976696238], [-0.0343328901, -1.34503271e-08, -9.47155058e-06], [0.156103626, -1.34503271e-08, -0.0574548431], [-0.0163165331, 0, 0.999866962]], [[0.187191784, -1.92641636e-08, -0.0242863446], [-0.0051504327, -1.34503271e-08, 0.000796441454], [0.177650437, -1.34503271e-08, -0.0705974698], [-0.084990412, 0, 0.996381819]], [[0.185246617, -3.49426799e-09, -0.0225663446], [0.0121625569, -1.34503271e-08, -0.00934471935], [0.19379136, -1.34503271e-08, -0.0672344193], [-0.0993171632, 0, 0.995055854]]], [[0, 0, 0], [-0.0523984805, -1.34503271e-08, 0.010335437], [0.0888117105, -1.34503271e-08, 0.00530272909], [0, 0, 1]], 0, 15300]
          - [[[ [-0.244576409, -1.00772404e-08, 0.0211647004], [-0.101148188, -9.65108793e-09, 0.00164999813], [0.0672528148, -9.65108793e-09, -0.0568108931], [-0.244607955, 0, 0.969622016]], [[-0.206214637, 8.41198133e-09, 0.0130192302], [-0.206661686, -9.65108793e-09, 0.028643731], [-0.158554941, -9.65108793e-09, 0.0681516826], [-0.0541399717, 0, 0.998533368]], [[-0.122851312, 3.79923915e-09, 0.0117730349], [-0.175074175, -9.65108793e-09, 0.0229620561], [-0.0339649133, -9.65108793e-09, 0.0156259611], [0.0163165033, 0, 0.999866843]]], [[[0.0639192834, -1.54649236e-08, -0.0155643942], [-0.12798807, -9.65108793e-09, 0.0126534104], [0.0536235571, -9.65108793e-09, -0.0617136694], [-0.0687215924, 0, 0.997635901]], [[0.0620024204, 3.04971159e-10, -0.0138128856], [-0.110842854, -9.65108793e-09, 0.00223110989], [0.0698172078, -9.65108793e-09, -0.0586144328], [-0.0830681026, 0, 0.996543825]], [[0.0294858366, -6.93059032e-09, -0.0145996632], [-0.101148188, -9.65108793e-09, 0.00164999813], [0.0672528148, -9.65108793e-09, -0.0568108931], [-0.0867494345, 0, 0.996230245]]], [[0, 0, 0], [-0.157179788, -9.65108793e-09, 0.0123237595], [0.0322940573, -9.65108793e-09, -0.0482212231], [0, 0, 1]], 0, 15500]
          - [[[ [-0.267530978, 2.3876904e-08, 0.0470800921], [-0.168183371, 5.81383564e-09, 0.0215389803], [-0.0100098457, 5.81383564e-09, -0.0480021946], [0.0146088302, 0, 0.999893367]], [[-0.184450388, 1.92641618e-08, 0.0401079804], [-0.23578085, 5.81383564e-09, 0.0548593923], [-0.0955093354, 5.81383564e-09, 0.0378433838], [0.0849903822, 0, 0.996381819]], [[-0.062698558, 1.54649218e-08, 0.0199202374], [-0.218659848, 5.81383564e-09, 0.0430165157], [-0.0337946936, 5.81383564e-09, -0.0304062888], [0.0687216222, 0, 0.997635961]]], [[[-0.00179195986, 1.57698938e-08, 0.00187909789], [-0.173126042, 5.81383564e-09, 0.0297633708], [0.00292551331, 5.81383564e-09, -0.0433535799], [-0.0143876076, 0, 0.999896526]], [[-0.0342857428, 8.53433235e-09, 0.00332877319], [-0.163494229, 5.81383564e-09, 0.028517399], [0.000491127372, 5.81383564e-09, -0.0413780771], [-0.0180817842, 0, 0.999836624]], [[-0.0711200312, 9.02281272e-09, -0.000795165077], [-0.168183371, 5.81383564e-09, 0.0215389803], [-0.0100098457, 5.81383564e-09, -0.0480021946], [-0.00869336724, 0, 0.99996233]]], [[0, 0, 0], [-0.189514488, 5.81383564e-09, 0.0413392782], [-0.0134428404, 5.81383564e-09, -0.0453326367], [0, 0, 1]], 0, 15700]
          - [[[ [-0.182089493, 3.49426799e-09, 0.0408529453], [-0.176253721, -9.95605909e-09, 0.0214417502], [-0.0181362834, -9.95605909e-09, -0.0509626046], [0.0993171632, 0, 0.995055854]], [[-0.0606407262, -3.04971159e-10, 0.0189155713], [-0.216253579, -9.95605909e-09, 0.0442533717], [-0.0324639305, -9.95605909e-09, -0.0318216011], [0.0830681026, 0, 0.996544003]], [[0.00176473858, -1.57698956e-08, -0.00190468528], [-0.187135369, -9.95605909e-09, 0.0421569794], [-0.0123289395, -9.95605909e-09, -0.0470392182], [0.0143876374, 0, 0.999896526]]], [[[-0.0324695632, -7.23556148e-09, 0.00191703346], [-0.161302269, -9.95605909e-09, 0.0289620571], [0.00166048296, -9.95605909e-09, -0.0432855412], [-0.00369465351, 0, 0.999993324]], [[-0.069359377, -6.74708156e-09, -0.00167652033], [-0.166091338, -9.95605909e-09, 0.0220518261], [-0.00893470924, -9.95605909e-09, -0.0497578979], [0.00569459796, 0, 0.999983907]], [[-0.0986477733, -6.6424537e-09, -0.00603156537], [-0.176253721, -9.95605909e-09, 0.0214417502], [-0.0181362834, -9.95605909e-09, -0.0509626046], [0.0196266174, 0, 0.999807477]]], [[0, 0, 0], [-0.170915172, -9.95605909e-09, 0.0303464755], [0.00406619348, -9.95605909e-09, -0.0452958643], [0, 0, 1]], 0, 15900]
          - [[[ [-0.0281081665, 6.93059032e-09, 0.0171025041], [-0.151770622, -2.72049738e-09, 0.0160591267], [0.00588850863, -2.72049738e-09, -0.0600154437], [0.0867494345, 0, 0.996230245]], [[0.0342199467, -8.53433324e-09, -0.00394817628], [-0.154516071, -2.72049738e-09, 0.0408111028], [0.01995961, -2.72049738e-09, -0.0490303263], [0.0180817842, 0, 0.999836564]], [[0.0324622579, 7.23556148e-09, -0.00203698408], [-0.138339609, -2.72049738e-09, 0.0289407596], [0.0363610759, -2.72049738e-09, -0.0473475605], [0.00369465351, 0, 0.999993205]]], [[[-0.0369028375, 4.88480145e-10, -0.00345723238], [-0.133546457, -2.72049738e-09, 0.0206283368], [0.0233437736, -2.72049738e-09, -0.0517615266], [0.00938916206, 0, 0.999955952]], [[-0.0662071183, 5.93108007e-10, -0.00770403631], [-0.14371103, -2.72049738e-09, 0.0200558156], [0.0141378101, -2.72049738e-09, -0.0529322326], [0.0233204067, 0, 0.999728084]], [[-0.0856464878, -2.94565239e-09, -0.0130443238], [-0.151770622, -2.72049738e-09, 0.0160591267], [0.00588850863, -2.72049738e-09, -0.0600154437], [0.0442286134, 0, 0.999021471]]], [[0, 0, 0], [-0.128731906, -2.72049738e-09, 0.0275208279], [0.0339628048, -2.72049738e-09, -0.0453283638], [0, 0, 1]], 0, 16100]
          - [[[ [-0.00124516222, 5.93214367e-11, 0.00220747897], [0.285188317, 1.20375692e-08, 2.48734999], [0.201361477, 1.20375692e-08, 2.30951381], [0.203727469, 0, 0.979027689]], [[0.0306012724, 9.84040938e-09, -0.0162939336], [-0.0787785053, 1.20375692e-08, -0.0265082531], [0.056945432, 1.20375692e-08, -0.0405723825], [0.0612528026, 0, 0.998122334]], [[0.0303876419, 2.97850899e-09, -0.0108062634], [-0.0801508799, 1.20375692e-08, -0.00747174956], [0.0447993129, 1.20375692e-08, -0.0591492988], [0.0207210034, 0, 0.999785244]]], [[[-0.0291810501, 3.6525325e-09, 0.0099939974], [-0.0684108585, 1.20375692e-08, -0.00466658548], [0.0315548219, 1.20375692e-08, -0.0694001913], [0.00695571303, 0, 0.999975801]], [[-0.0277326573, 2.82640489e-09, 0.012139095], [-0.0749858841, 1.20375692e-08, -0.00213598646], [0.0293140858, 1.20375692e-08, -0.0560773648], [0.0671213567, 0, 0.997744918]], [[0.00154944474, -7.24617522e-09, 0.0141205508], [-0.0704782754, 1.20375692e-08, -0.00413759984], [0.0362578705, 1.20375692e-08, -0.0440456085], [0.0914766192, 0, 0.99580729]]], [[0, 0, 0], [-0.0641909391, 1.20375692e-08, -0.00913118664], [0.0391955748, 1.20375692e-08, -0.0695189536], [0, 0, 1]], 1, 1700]
          - [[[ [0.0599637255, 6.18787643e-09, -0.0258714668], [-0.0361153819, 8.38503578e-09, -0.0179829709], [0.0756758898, 8.38503578e-09, -0.0511423871], [0.0543086678, 0, 0.998524308]], [[0.0597119294, -6.74023448e-10, -0.0203854162], [-0.0508471094, 8.38503578e-09, -0.0178198554], [0.0744595155, 8.38503578e-09, -0.0686270371], [0.0137662888, 0, 0.999905229]], [[0.02924986, -3.65253228e-09, -0.00979078189], [-0.034876015, 8.38503578e-09, -0.0193682425], [0.0689280331, 8.38503578e-09, -0.0790354237], [-0.00695571303, 0, 0.999975801]]], [[[0.00143343781, -8.26127555e-10, 0.00215512048], [-0.0457193516, 8.38503578e-09, -0.012448296], [0.0589532889, 8.38503578e-09, -0.0656628907], [0.0601797104, 0, 0.998187661]], [[0.0307010468, -1.08987068e-08, 0.00434020534], [-0.0411979333, 8.38503578e-09, -0.0144185061], [0.065813221, 8.38503578e-09, -0.0535831302], [0.0845478475, 0, 0.996419489]], [[0.0569020361, -2.27453412e-09, 0.0406799316], [-0.0361153819, 8.38503578e-09, -0.0179829709], [0.0756758898, 8.38503578e-09, -0.0511423871], [0.0298866332, 0, 0.999553382]]], [[0, 0, 0], [-0.0391268805, 8.38503578e-09, -0.0149331], [0.0612866431, 8.38503578e-09, -0.0789698064], [0, 0, 1]], 1, 1900]
          - [[[ [0.0595293492, 1.52104107e-10, -0.0189924985], [-0.0472003929, 9.21116428e-09, 9.38288867e-05], [0.0831915215, 9.21116428e-09, -0.0427808352], [-0.046432659, 0, 0.998921394]], [[0.0284849051, -2.82640489e-09, -0.0102502657], [-0.0349483751, 9.21116428e-09, -0.0236694422], [0.0722582936, 9.21116428e-09, -0.0769815817], [-0.0671213418, 0, 0.997744799]], [[-0.0013011453, 8.26127611e-10, -0.00223747827], [-0.0394584425, 9.21116428e-09, -0.0194981564], [0.064626798, 9.21116428e-09, -0.077375941], [-0.0601796955, 0, 0.998187542]]], [[[0.0290830657, -1.00725801e-08, 0.00394244073], [-0.0415567085, 9.21116428e-09, -0.0191091299], [0.0676174089, 9.21116428e-09, -0.051762864], [0.0244304091, 0, 0.9997015]], [[0.0530496538, -1.44840673e-09, 0.0417930707], [-0.0362688601, 9.21116428e-09, -0.0223612692], [0.0773153156, 9.21116428e-09, -0.0487330146], [-0.0303203613, 0, 0.999540269]], [[0.020011019, 1.47320822e-09, 0.142196506], [-0.0472003929, 9.21116428e-09, 9.38288867e-05], [0.0831915215, 9.21116428e-09, -0.0427808352], [-0.107884705, 0, 0.994163394]]], [[0, 0, 0], [-0.0461884961, 9.21116428e-09, -0.0174145885], [0.0614968687, 9.21116428e-09, -0.0642335638], [0, 0, 1]], 1, 2100]
          - [[[ [-0.00025124778, 7.24617522e-09, -0.0142030846], [-0.164615184, 1.92837444e-08, 0.14570944], [0.0354441442, 1.92837444e-08, -0.0696835965], [-0.0914766192, 0, 0.99580729]], [[-0.0302241668, 1.08987077e-08, -0.00692037353], [-0.0679483861, 1.92837444e-08, -0.025108099], [0.0375197679, 1.92837444e-08, -0.0804257691], [-0.0845478624, 0, 0.996419489]], [[-0.0289780721, 1.00725801e-08, -0.00465177512], [-0.0747273341, 1.92837444e-08, -0.0231895689], [0.0340696983, 1.92837444e-08, -0.0673637763], [-0.0244304091, 0, 0.999701619]]], [[[0.0230347291, 8.62417338e-09, 0.0384248495], [-0.064689815, 1.92837444e-08, -0.0278924331], [0.049504742, 1.92837444e-08, -0.0514814034], [-0.0547304749, 0, 0.998501301]], [[-0.0124469418, 1.15457883e-08, 0.13799116], [-0.0761666745, 1.92837444e-08, -0.0057110982], [0.0552337766, 1.92837444e-08, -0.0453874394], [-0.132140309, 0, 0.991231024]], [[-0.141835958, 1.90129672e-08, 0.331650853], [-0.164615184, 1.92837444e-08, 0.14570944], [0.0354441442, 1.92837444e-08, -0.0696835965], [-0.232265458, 0, 0.972652495]]], [[0, 0, 0], [-0.0700555369, 1.92837444e-08, -0.0247704517], [0.0398837477, 1.92837444e-08, -0.0547472723], [0, 0, 1]], 1, 2300]
          - [[[ [-0.0556608289, 2.27453412e-09, -0.0423623696], [-0.343170732, 1.06595701e-08, 0.358861923], [-0.0051022172, 1.06595701e-08, -0.113998272], [-0.0298866332, 0, 0.999553263]], [[-0.0542924404, 1.44840662e-09, -0.0401653685], [-0.10098771, 1.06595701e-08, -0.0561714992], [0.00522856787, 1.06595701e-08, -0.106234007], [0.0303203613, 0, 0.999540269]], [[-0.0251032114, -8.62417249e-09, -0.0371065512], [-0.0964094326, 1.06595701e-08, -0.058005698], [0.0117244087, 1.06595701e-08, -0.0939546153], [0.0547304749, 0, 0.998501182]]], [[[-0.0299791731, 2.92161473e-09, 0.101359002], [-0.10146828, 1.06595701e-08, -0.0386404544], [0.0275636986, 1.06595701e-08, -0.0854489356], [-0.077691704, 0, 0.996977448]], [[-0.148575157, 1.03887929e-08, 0.301809937], [-0.181496873, 1.06595701e-08, 0.117393956], [0.00647398829, 1.06595701e-08, -0.108625576], [-0.178683564, 0, 0.983906627]], [[-0.379393727, 1.20574652e-08, 0.604602814], [-0.343170732, 1.06595701e-08, 0.358861923], [-0.0051022172, 1.06595701e-08, -0.113998272], [-0.399271488, 0, 0.916832745]]], [[0, 0, 0], [-0.0912226215, 1.06595701e-08, -0.0614166707], [0.0215097237, 1.06595701e-08, -0.091220215], [0, 0, 1]], 1, 2500]
          - [[[ [-0.0352350473, -1.47320822e-09, -0.139207676], [-0.315833986, 7.73795605e-09, 0.338088095], [-0.190234065, 7.73795605e-09, 0.185976565], [0.107884705, 0, 0.994163513]], [[-0.00589639693, -1.15457883e-08, -0.138425872], [-0.0786107928, 7.73795605e-09, -0.153721943], [0.0264032893, 7.73795605e-09, -0.197963312], [0.132140309, 0, 0.991231024]], [[0.0220138114, -2.92161495e-09, -0.103381775], [-0.0737046599, 7.73795605e-09, -0.157525584], [0.0363714658, 7.73795605e-09, -0.195997402], [0.0776916891, 0, 0.996977568]]], [[[-0.10266415, 7.46717888e-09, 0.209058985], [-0.149813965, 7.73795605e-09, 0.0277581587], [0.0200289264, 7.73795605e-09, -0.212182015], [-0.101702124, 0, 0.994814992]], [[-0.309260607, 9.13585119e-09, 0.52886939], [-0.29223913, 7.73795605e-09, 0.28105697], [0.00807029754, 7.73795605e-09, -0.216639087], [-0.32683447, 0, 0.945081711]], [[-0.482570171, 3.44651596e-09, 1.07523453], [-0.315833986, 7.73795605e-09, 0.338088095], [-0.190234065, 7.73795605e-09, 0.185976565], [-0.326150268, 0, 0.945318043]]], [[0, 0, 0], [-0.0821498334, 7.73795605e-09, -0.134022191], [0.0428555273, 7.73795605e-09, -0.190713912], [0, 0, 1]], 1, 2700]
          - [[[ [0.0609260574, -1.90129654e-08, -0.35552457], [-0.292002499, 2.70777317e-10, 0.346169859], [-0.462052882, 2.70777317e-10, 1.16609192], [0.232265413, 0, 0.972652376]], [[0.0922555923, -1.03887929e-08, -0.323500723], [-0.00847309083, 2.70777317e-10, -0.367629021], [0.0971195996, 2.70777317e-10, -0.417096317], [0.178683564, 0, 0.983906627]], [[0.0808700696, -7.46717799e-09, -0.218416154], [-0.0144841298, 2.70777317e-10, -0.343388587], [0.10410738, 2.70777317e-10, -0.412499666], [0.101702094, 0, 0.994814873]]], [[[-0.172999799, 1.6686722e-09, 0.339163423], [-0.181269616, 2.70777317e-10, 0.0909048319], [0.0668658763, 2.70777317e-10, -0.434752703], [-0.22902292, 0, 0.973421037]], [[-0.289844304, -4.02066247e-09, 0.900321484], [-0.198941946, 2.70777317e-10, 0.150039881], [-0.089463383, 2.70777317e-10, -0.0140566844], [-0.228318244, 0, 0.973586559]], [[-0.313360333, 3.25752092e-09, 1.46505785], [-0.292002499, 2.70777317e-10, 0.346169859], [-0.462052882, 2.70777317e-10, 1.16609192], [0.0024125576, 0, 0.99999702]]], [[0, 0, 0], [-0.0653440207, 2.70777317e-10, -0.175565511], [0.0792157799, 2.70777317e-10, -0.431534946], [0, 0, 1]], 1, 2900]
          - [[[ [0.106439918, -1.20574652e-08, -0.705800772], [-0.0578643382, -1.39789491e-09, 0.969821453], [-0.10826546, -1.39789491e-09, 1.18983316], [0.399271488, 0, 0.916832745]], [[0.119423792, -9.1358503e-09, -0.600901723], [-0.00201752782, -1.39789491e-09, -0.700714231], [0.0975939035, -1.39789491e-09, -0.795148611], [0.326834321, 0, 0.945081532]], [[0.0907254517, -1.6686722e-09, -0.369769722], [-0.0130902976, -1.39789491e-09, -0.525703609], [0.0690044165, -1.39789491e-09, -0.8079772], [0.22902292, 0, 0.973421037]]], [[[0.0147792101, -5.68933478e-09, 0.573003113], [-0.0685662329, -1.39789491e-09, -0.178155482], [0.000420629978, -1.39789491e-09, -0.362963647], [0.000723868608, 0, 0.999999762]], [[0.121225804, 1.58884861e-09, 1.12811506], [-0.114235044, -1.39789491e-09, 0.0340745375], [-0.0919847488, -1.39789491e-09, 0.871149302], [0.231370687, 0, 0.972865641]], [[0.316930473, 3.76316649e-08, 1.74364078], [-0.0578643382, -1.39789491e-09, 0.969821453], [-0.10826546, -1.39789491e-09, 1.18983316], [0.424646109, 0, 0.905359387]]], [[0, 0, 0], [-0.0649068952, -1.39789491e-09, -0.239766151], [0.056245774, -1.39789491e-09, -0.808280945], [0, 0, 1]], 1, 3100]
          - [[[ [0.105494261, -3.44651596e-09, -1.17382872], [0.257479608, 4.29144009e-09, 1.46234763], [0.00838893652, 4.29144009e-09, 0.760064363], [0.326150179, 0, 0.945317984]], [[0.076628685, 4.02066291e-09, -0.942717671], [-0.0270742178, 4.29144009e-09, -1.09872663], [0.0552248359, 4.29144009e-09, -1.38094068], [0.228318244, 0, 0.973586559]], [[-0.0143644214, 5.68933523e-09, -0.573013663], [-0.0790977776, 4.29144009e-09, -0.812826753], [0.0424664021, 4.29144009e-09, -1.38125372], [-0.000723868608, 0, 0.999999762]]], [[[0.106044739, 7.27818383e-09, 0.555188894], [-0.128624126, 4.29144009e-09, -0.53902185], [-0.106979765, 4.29144009e-09, 0.298068821], [0.230666399, 0, 0.973032832]], [[0.301303864, 4.33210019e-08, 1.17085612], [-0.0729307383, 4.29144009e-09, 0.39676559], [-0.123491153, 4.29144009e-09, 0.616740763], [0.423990726, 0, 0.90566659]], [[0.463177204, -9.58782693e-05, 1.69706702], [0.257479608, 4.29144009e-09, 1.46234763], [0.00838893652, 4.29144009e-09, 0.760064363], [0.391219676, 0, 0.920297384]]], [[0, 0, 0], [-0.0828016996, 4.29144009e-09, -0.751218736], [-0.0136810839, 4.29144009e-09, -0.935976923], [0, 0, 1]], 1, 3300]
          - [[[ [0.316893965, -3.25752114e-09, -1.46429753], [-0.0115122199, -2.98674374e-09, 1.13477027], [-0.0549742281, -2.98674374e-09, 1.14601147], [-0.0024125576, 0, 0.99999702]], [[0.14307633, -1.58884872e-09, -1.12555254], [0.13540554, -2.98674374e-09, -1.37383032], [0.38480854, -2.98674374e-09, -1.89888763], [-0.231370747, 0, 0.972865641]], [[0.0248784125, -7.27818383e-09, -0.564678013], [0.117590606, -2.98674374e-09, -1.31473804], [0.227464736, -2.98674374e-09, -1.47856998], [-0.230666399, 0, 0.973032832]]], [[[0.047979787, 3.60428167e-08, 0.644104183], [-0.137606084, -2.98674374e-09, -0.19543469], [-0.237543911, -2.98674374e-09, 0.00694577396], [0.203650013, 0, 0.979043782]], [[0.0841086507, -9.58855453e-05, 1.19346333], [-0.0618999302, -2.98674374e-09, 0.917626023], [-0.142280191, -2.98674374e-09, 0.176824644], [0.168387845, 0, 0.985720813]], [[0.264235824, -0.00961943995, 1.77405417], [-0.0115122199, -2.98674374e-09, 1.13477027], [-0.0549742281, -2.98674374e-09, 1.14601147], [0.299385428, 0, 0.954132259]]], [[0, 0, 0], [0.0240571797, -2.98674374e-09, -1.11883307], [-0.14797087, -2.98674374e-09, -0.299323887], [0, 0, 1]], 1, 3500]
          - [[[ [0.4534944, -3.76316684e-08, -1.71320498], [-0.227541029, -3.90295618e-08, 0.768057644], [-0.186214909, -3.90295618e-08, 1.52888966], [-0.424646139, 0, 0.905359387]], [[0.223551258, -4.33210019e-08, -1.18815529], [0.467070311, -3.90295618e-08, -1.90361619], [0.608006299, -3.90295618e-08, -2.04163885], [-0.423990726, 0, 0.90566659]], [[0.0841975212, -3.60428167e-08, -0.640377343], [0.335600942, -3.90295618e-08, -1.73086476], [0.000284865499, -3.90295618e-08, -0.963562787], [-0.203650013, 0, 0.979043782]]], [[[-0.076505281, -9.59215904e-05, 0.545204282], [-0.163279787, -3.90295618e-08, 0.245412856], [-0.0911113545, -3.90295618e-08, -0.496233612], [-0.0358829796, 0, 0.999356091]], [[-0.0183902234, -0.00961947627, 1.15031111], [-0.158169419, -3.90295618e-08, 0.468267977], [-0.203009933, -3.90295618e-08, 0.470422566], [0.0988023728, 0, 0.995107114]], [[0.170385525, -4.71096442e-08, 1.66268849], [-0.227541029, -3.90295618e-08, 0.768057644], [-0.186214909, -3.90295618e-08, 1.52888966], [0.47171402, 0, 0.881751716]]], [[0, 0, 0], [-0.0107245892, -3.90295618e-08, -0.859739959], [-0.149782866, -3.90295618e-08, -0.681952894], [0, 0, 1]], 1, 3700]
          - [[[ [0.237665206, 9.58782693e-05, -1.7430104], [0.0958944112, 9.58825622e-05, 1.20882082], [-0.0337375253, 9.58825622e-05, 1.17572582], [-0.391219676, 0, 0.920297384]], [[0.118057102, 9.58855453e-05, -1.19058466], [0.330168694, 9.58825622e-05, -2.2893908], [0.0226016343, 9.58825622e-05, -1.51055098], [-0.168387845, 0, 0.985720813]], [[0.0568924621, 9.59215904e-05, -0.547598422], [0.0153247416, 9.58825622e-05, -1.40639985], [-0.117264464, 9.58825622e-05, -1.2237376], [0.0358829796, 0, 0.999356091]]], [[[0.0797906816, -0.00952355471, 0.602631807], [-0.0843722671, 9.58825622e-05, -0.0739564225], [-0.129106596, 9.58825622e-05, -0.0701942295], [0.134446174, 0, 0.990920961]], [[0.286830455, 9.58744786e-05, 1.10790527], [-0.142941862, 9.58825622e-05, 0.228129372], [-0.0743414015, 9.58825622e-05, 0.986988544], [0.503050089, 0, 0.864257336]], [[0.598474622, 9.59175595e-05, 1.57044101], [0.0958944112, 9.58825622e-05, 1.20882082], [-0.0337375253, 9.58825622e-05, 1.17572582], [0.663571596, 0, 0.748112857]]], [[0, 0, 0], [-0.0974760354, 9.58825622e-05, -0.296484649], [-0.0519665778, 9.58825622e-05, -1.04024327], [0, 0, 1]], 1, 3900]
          - [[[ [0.279010057, 0.00961943995, -1.77179098], [0.306498826, 0.00961943716, 1.32502604], [0.0357386544, 0.00961943716, 0.765203774], [-0.299385428, 0, 0.954132259]], [[0.131953686, 0.00961947627, -1.14286566], [0.206225947, 0.00961943716, -1.99945867], [0.0502822548, 0.00961943716, -1.83628094], [-0.0988023728, 0, 0.995107114]], [[0.00195527449, 0.00952355471, -0.607888043], [-0.0547745451, 0.00961943716, -0.91478616], [0.0903171897, 0.00961943716, -1.64567339], [-0.134446174, 0, 0.990920961]]], [[[0.137227982, 0.00961942878, 0.528521776], [-0.170359895, 0.00961943716, -0.401047826], [-0.20440799, 0.00961943716, 0.360144705], [0.382286817, 0, 0.924043775]], [[0.383856595, 0.00961947255, 1.02875745], [-0.0655422434, 0.00961943716, 0.602850497], [-0.189547747, 0.00961943716, 0.552627444], [0.556966126, 0, 0.830535293]], [[0.675497591, 0.00961945299, 1.40635514], [0.306498826, 0.00961943716, 1.32502604], [0.0357386544, 0.00961943716, 0.765203774], [0.75768137, 0, 0.652624726]]], [[0, 0, 0], [-0.0717078149, 0.00961943716, -0.692516506], [-0.116541803, 0.00961943716, -0.694802821], [0, 0, 1]], 1, 4100]
          - [[[ [-0.634075642, -4.71096442e-08, -1.54645145], [0.0811301768, -8.08008238e-09, 0.913279593], [-0.115339696, -8.08008238e-09, 1.24617004], [0.47171402, 0, 0.881751716]], [[-0.3094365, 9.58744786e-05, -1.10180521], [-0.374338776, -8.08008238e-09, -1.40707958], [-0.787818432, -8.08008238e-09, -2.02698493], [0.503050089, 0, 0.864257336]], [[-0.0752422288, 0.00961942878, -0.540837646], [-0.27372098, -8.08008238e-09, -1.20816612], [-0.233166471, -8.08008238e-09, -1.2274183], [0.382286817, 0, 0.924043775]]], [[[-0.0366620868, -4.30780354e-08, 0.556522608], [0.215783447, -8.08008238e-09, -0.00883336365], [0.31117034, -8.08008238e-09, -0.102647342], [-0.197158366, 0, 0.980371714]], [[-0.161800534, -2.38530173e-08, 1.01692986], [0.148079395, -8.08008238e-09, 0.800714791], [0.184260964, -8.08008238e-09, 0.179906487], [-0.450640947, 0, 0.892705321]], [[-0.448137194, -1.04839826e-08, 1.43840981], [0.0811301768, -8.08008238e-09, 0.913279593], [-0.115339696, -8.08008238e-09, 1.24617004], [-0.685533166, 0, 0.72804153]]], [[0, 0, 0], [-0.0711375028, -8.08008238e-09, -0.976549685], [0.251318246, -8.08008238e-09, -0.286190689], [0, 0, 1]], 1, 4300]
          - [[[ [-0.594373465, 9.59175595e-05, -1.57199788], [0.122576296, 3.4997953e-08, 0.778497696], [-0.0996949077, 3.4997953e-08, 1.36151648], [0.663571596, 0, 0.748112857]], [[-0.254176587, 0.00961947255, -1.06821442], [-0.580328941, 3.4997953e-08, -1.68331265], [-0.544366121, 3.4997953e-08, -1.71018255], [0.556966126, 0, 0.830535293]], [[-0.0737805963, 4.30780354e-08, -0.552827179], [-0.336056769, 3.4997953e-08, -1.49618363], [0.116179824, 3.4997953e-08, -0.882949948], [0.197158366, 0, 0.980371714]]], [[[-0.0319090188, 1.9225018e-08, 0.47604239], [0.229259863, 3.4997953e-08, 0.202975795], [0.142333716, 3.4997953e-08, -0.412780583], [-0.265791267, 0, 0.964030623]], [[-0.229527086, 3.25940519e-08, 0.94570303], [0.185817823, 3.4997953e-08, 0.326530725], [0.0588365197, 3.4997953e-08, 0.691622853], [-0.528537869, 0, 0.848909855]], [[-0.514619112, 3.52855025e-08, 1.22492075], [0.122576296, 3.4997953e-08, 0.778497696], [-0.0996949077, 3.4997953e-08, 1.36151648], [-0.842260659, 0, 0.539070547]]], [[0, 0, 0], [0.136025831, 3.4997953e-08, -0.604030669], [0.211044192, 3.4997953e-08, -0.714809537], [0, 0, 1]], 1, 4500]
          - [[[ [-0.624722719, 0.00961945299, -1.42963398], [-0.133920491, 1.5772935e-08, 1.13729572], [0.0976920724, 1.5772935e-08, 0.94814086], [0.75768137, 0, 0.652624726]], [[-0.313829988, 2.38530173e-08, -0.980732679], [-0.817408144, 1.5772935e-08, -1.82044625], [-0.218446136, 1.5772935e-08, -1.34947085], [0.450640947, 0, 0.892705321]], [[-0.0957666188, -1.9225018e-08, -0.467400551], [-0.125179648, 1.5772935e-08, -1.08585906], [-0.0823037028, 1.5772935e-08, -1.2125926], [0.265791267, 0, 0.964030623]]], [[[-0.0656781793, 1.33690348e-08, 0.505292356], [0.170156449, 1.5772935e-08, -0.202003688], [0.144780859, 1.5772935e-08, 0.18370679], [-0.283893853, 0, 0.958855867]], [[-0.266302019, 1.60604827e-08, 0.85024178], [0.229318514, 1.5772935e-08, 0.250515282], [0.170003593, 1.5772935e-08, 0.87164104], [-0.668684781, 0, 0.743546009]], [[-0.509428024, 2.40994336e-08, 1.0822649], [-0.133920491, 1.5772935e-08, 1.13729572], [0.0976920724, 1.5772935e-08, 0.94814086], [-0.892914593, 0, 0.450226068]]], [[0, 0, 0], [0.17919609, 1.5772935e-08, -0.332660943], [-0.0682660639, 1.5772935e-08, -0.903164744], [0, 0, 1]], 1, 4700]
          - [[[ [-0.659815073, 1.04839817e-08, -1.35443485], [-0.108858496, 2.40389997e-09, 0.884596825], [-0.0123979449, 2.40389997e-09, 0.721529603], [0.685533166, 0, 0.72804153]], [[-0.30499199, -3.25940483e-08, -0.924130321], [-0.5087713, 2.40389997e-09, -1.50879264], [-0.503638387, 2.40389997e-09, -1.64248395], [0.52853781, 0, 0.848909855]], [[-0.0804734677, -1.33690339e-08, -0.503148079], [-0.00309064984, 2.40389997e-09, -0.872994661], [-0.402333617, 2.40389997e-09, -1.34977257], [0.283893824, 0, 0.958855867]]], [[[-0.0944403037, 2.69144818e-09, 0.387712538], [0.21052964, 2.40389997e-09, -0.328042179], [0.329988956, 2.40389997e-09, 0.284366965], [-0.430084139, 0, 0.902788877]], [[-0.26169312, 1.07303979e-08, 0.679211259], [0.113987312, 2.40389997e-09, 0.625373662], [0.282370448, 2.40389997e-09, 0.378248036], [-0.728359818, 0, 0.68519485]], [[-0.557143867, -1.36611948e-08, 0.851647556], [-0.108858496, 2.40389997e-09, 0.884596825], [-0.0123979449, 2.40389997e-09, 0.721529603], [-0.89475596, 0, 0.446555704]]], [[0, 0, 0], [0.0253344476, 2.40389997e-09, -0.745146871], [0.110503711, 2.40389997e-09, -0.368102193], [0, 0, 1]], 1, 4900]
          - [[[ [-0.754286528, -3.52855025e-08, -1.09376216], [0.161219329, -2.87548207e-10, 0.506392837], [-0.243140295, -2.87548207e-10, 0.998749018], [0.842260778, 0, 0.539070606]], [[-0.37053597, -1.60604827e-08, -0.810266018], [-0.459740728, -2.87548207e-10, -1.17744052], [-1.02522743, -2.87548207e-10, -1.43616211], [0.6686849, 0, 0.743546069]], [[-0.0814893693, -2.6914484e-09, -0.390639871], [-0.379093617, -2.87548207e-10, -1.07424617], [-0.140042752, -2.87548207e-10, -0.770484328], [0.430084229, 0, 0.902788937]]], [[[-0.0256250445, 8.03895084e-09, 0.335094541], [0.290380418, -2.87548207e-10, 0.124916323], [0.336110026, -2.87548207e-10, -0.170604825], [-0.362863749, 0, 0.931842327]], [[-0.218192533, -1.63526437e-08, 0.617836833], [0.200685501, -2.87548207e-10, 0.454782635], [0.217636377, -2.87548207e-10, 0.266081244], [-0.615719199, 0, 0.787965894]], [[-0.541721225, 1.39446179e-08, 0.809308052], [0.161219329, -2.87548207e-10, 0.506392837], [-0.243140295, -2.87548207e-10, 0.998749018], [-0.875723779, 0, 0.482812613]]], [[0, 0, 0], [-0.0325113013, -2.87548207e-10, -0.777338207], [0.338722736, -2.87548207e-10, -0.275839627], [0, 0, 1]], 1, 5100]
          - [[[ [-0.737012267, -2.40994336e-08, -0.942139626], [0.0522390157, -8.3264986e-09, 0.574032664], [-0.060869962, -8.3264986e-09, 0.924317956], [0.892914593, 0, 0.450226068]], [[-0.315399379, -1.07303988e-08, -0.655998766], [-0.84077543, -8.3264986e-09, -1.18502212], [-0.507793665, -8.3264986e-09, -0.988706946], [0.728359878, 0, 0.68519485]], [[-0.0977151394, -8.03895084e-09, -0.321553588], [-0.410078287, -8.3264986e-09, -1.03411293], [0.117828786, -8.3264986e-09, -0.70150274], [0.362863719, 0, 0.931842208]]], [[[-0.0768456087, -2.43915945e-08, 0.333346903], [0.254316151, -8.3264986e-09, 0.0294105336], [0.201638788, -8.3264986e-09, -0.152580261], [-0.287828922, 0, 0.957681894]], [[-0.308845311, 5.90566707e-09, 0.629164696], [0.236267388, -8.3264986e-09, 0.0918239057], [0.0381262153, -8.3264986e-09, 0.697349548], [-0.640841186, 0, 0.767673492]], [[-0.713730931, -2.02844852e-08, 0.860899985], [0.0522390157, -8.3264986e-09, 0.574032664], [-0.060869962, -8.3264986e-09, 0.924317956], [-0.921388865, 0, 0.388641804]]], [[0, 0, 0], [0.21820116, -8.3264986e-09, -0.310519814], [0.15358004, -8.3264986e-09, -0.602492511], [0, 0, 1]], 1, 5300]
          - [[[ [-0.513220906, 1.36611957e-08, -0.878815711], [-0.437681884, 1.60650959e-08, 1.0415597], [0.04505454, 1.60650959e-08, 0.587123454], [0.8947559, 0, 0.446555614]], [[-0.208485663, 1.63526437e-08, -0.621179402], [-0.712725341, 1.60650959e-08, -1.21367729], [-0.111423463, 1.60650959e-08, -1.04708958], [0.61571908, 0, 0.787965655]], [[-0.022353217, 2.43915945e-08, -0.341358632], [0.0972374678, 1.60650959e-08, -0.701542377], [-0.04868716, 1.60650959e-08, -0.962559521], [0.287828892, 0, 0.957681775]]], [[[-0.137036979, 3.02972616e-08, 0.350075543], [0.230345339, 1.60650959e-08, -0.32142514], [0.21487689, 1.60650959e-08, 0.315506488], [-0.392763346, 0, 0.919639468]], [[-0.458088458, 4.10711021e-09, 0.688542008], [0.192898318, 1.60650959e-08, 0.193346113], [0.185398117, 1.60650959e-08, 0.561363995], [-0.770535052, 0, 0.637397528]], [[-0.816069007, 4.56874858e-08, 0.97628963], [-0.437681884, 1.60650959e-08, 1.0415597], [0.04505454, 1.60650959e-08, 0.587123454], [-0.908449531, 0, 0.417994142]]], [[0, 0, 0], [0.229665935, 1.60650959e-08, -0.386392236], [0.126835585, 1.60650959e-08, -0.545519471], [0, 0, 1]], 1, 5500]
          - [[[ [-0.44718045, -1.39446179e-08, -0.865142107], [-0.206442207, -1.42321657e-08, 1.01778305], [-0.0359152555, -1.42321657e-08, 0.782413304], [0.87572372, 0, 0.482812554]], [[-0.16610229, -5.90566707e-09, -0.680913806], [-0.19758898, -1.42321657e-08, -1.05912399], [-0.434304982, -1.42321657e-08, -1.24185181], [0.640841186, 0, 0.767673492]], [[-0.0114722103, -3.02972616e-08, -0.375766426], [0.0479769409, -1.42321657e-08, -0.821312428], [-0.109089315, -1.42321657e-08, -0.927264094], [0.392763436, 0, 0.919639587]]], [[[-0.162314385, -2.61901505e-08, 0.437364459], [0.241863996, -1.42321657e-08, -0.273721099], [0.379510462, -1.42321657e-08, 0.0676685348], [-0.458268136, 0, 0.888813972]], [[-0.378510773, 1.5390226e-08, 0.842590272], [-0.00489526987, -1.42321657e-08, 0.753998518], [0.26056233, -1.42321657e-08, 0.1464798], [-0.67127341, 0, 0.741209745]], [[-0.803220749, 9.66548619e-09, 1.11421025], [-0.206442207, -1.42321657e-08, 1.01778305], [-0.0359152555, -1.42321657e-08, 0.782413304], [-0.78115195, 0, 0.624341071]]], [[0, 0, 0], [0.0741184652, -1.42321657e-08, -0.761832893], [0.310056508, -1.42321657e-08, -0.170009911], [0, 0, 1]], 1, 5700]
          - [[[ [-0.515838087, 2.02844852e-08, -0.99220556], [0.157678023, 1.19579857e-08, 0.616773367], [-0.28996709, 1.19579857e-08, 1.21387088], [0.921388984, 0, 0.388641834]], [[-0.238561347, -4.10711021e-09, -0.791848361], [-0.389901668, 1.19579857e-08, -1.21509945], [-0.5780586, 1.19579857e-08, -1.23729241], [0.770535231, 0, 0.637397647]], [[-0.0561628863, 2.61901505e-08, -0.463119209], [-0.339409173, 1.19579857e-08, -1.17421317], [0.141509563, 1.19579857e-08, -0.75631547], [0.458268195, 0, 0.888814092]]], [[[-0.00645626709, 4.15803783e-08, 0.459246308], [0.285019696, 1.19579857e-08, 0.209288657], [0.242555618, 1.19579857e-08, -0.452333331], [-0.256964415, 0, 0.966420889]], [[-0.259469688, 3.58556385e-08, 0.89529705], [0.226765975, 1.19579857e-08, 0.536106586], [0.270470262, 1.19579857e-08, 0.248759553], [-0.408183217, 0, 0.91290015]], [[-0.624996305, 1.96450287e-08, 1.2814436], [0.157678023, 1.19579857e-08, 0.616773367], [-0.28996709, 1.19579857e-08, 1.21387088], [-0.694306731, 0, 0.719679415]]], [[0, 0, 0], [0.0333715826, 1.19579857e-08, -0.817244947], [0.312161684, 1.19579857e-08, -0.576892078], [0, 0, 1]], 1, 5900]
          - [[[ [0.545797944, 4.56874858e-08, -1.14944112], [0.111153379, 2.96223917e-08, 0.697610915], [0.290876269, 2.96223917e-08, 1.19586551], [-0.908449829, -0, 0.417994261]], [[0.285052598, 1.5390226e-08, -0.878620386], [0.741513491, 2.96223917e-08, -1.49305224], [0.16935882, 2.96223917e-08, -1.21276617], [-0.67127347, -0, 0.741209865]], [[0.111770466, 4.15803783e-08, -0.445484221], [0.28952232, 2.96223917e-08, -1.24386203], [-0.0416683853, 2.96223917e-08, -1.08321905], [-0.256964386, -0, 0.966420889]]], [[[0.132467926, 5.72473979e-09, 0.486423969], [-0.245141178, 2.96223917e-08, 0.0143495537], [-0.213539958, 2.96223917e-08, -0.274579048], [0.159893945, 0, 0.987134278]], [[0.386494637, 2.19353495e-08, 0.953531265], [-0.199101642, 2.96223917e-08, 0.110060766], [0.0800791085, 2.96223917e-08, 0.802137196], [0.48606056, 0, 0.873925269]], [[0.766350687, -0.00261680642, 1.44313526], [0.111153379, 2.96223917e-08, 0.697610915], [0.290876269, 2.96223917e-08, 1.19586551], [0.640328765, 0, 0.768101096]]], [[0, 0, 0], [-0.217458203, 2.96223917e-08, -0.316463232], [-0.00640676916, 2.96223917e-08, -0.94495672], [0, 0, 1]], 1, 6100]
          - [[[ [0.368883818, 9.66548619e-09, -1.32308459], [0.565980434, 2.38976519e-08, 1.34487593], [0.185408071, 2.38976519e-08, 0.787046194], [-0.78115195, -0, 0.624341071]], [[0.12857528, 3.58556385e-08, -0.923227847], [0.431695998, 2.38976519e-08, -1.68291247], [0.0790804327, 2.38976519e-08, -1.57729173], [-0.408183157, -0, 0.912900031]], [[-0.0529873967, -5.72473979e-09, -0.501346529], [-0.217047274, 2.38976519e-08, -0.848508418], [0.0917810798, 2.38976519e-08, -1.43517005], [-0.1598939, 0, 0.987134159]]], [[[0.176070809, 1.62106097e-08, 0.501714945], [-0.267125487, 2.38976519e-08, -0.424536914], [-0.102195427, 2.38976519e-08, 0.303274691], [0.340071678, 0, 0.940399647]], [[0.472754985, -0.00261681201, 1.04575658], [-0.0548078418, 2.38976519e-08, 0.205061808], [0.0429349244, 2.38976519e-08, 0.725642502], [0.509275675, 0, 0.860603452]], [[0.702700377, 2.26768524e-08, 1.61339653], [0.565980434, 2.38976519e-08, 1.34487593], [0.185408071, 2.38976519e-08, 0.787046194], [0.496605188, 0, 0.867976546]]], [[0, 0, 0], [-0.297269046, 2.38976519e-08, -0.526378155], [-0.219876483, 2.38976519e-08, -0.806536615], [0, 0, 1]], 1, 6300]
          - [[[ [0.439917803, 1.96450287e-08, -1.35616744], [0.305464983, 7.68704211e-09, 1.4449755], [0.170758486, 7.68704211e-09, 0.992976904], [-0.694306672, -0, 0.719679356]], [[0.125706494, -2.19353495e-08, -1.02117479], [0.0894845724, 7.68704211e-09, -1.40343785], [0.579413593, 7.68704211e-09, -1.85011029], [-0.486060441, 0, 0.873925209]], [[0.00504210591, -1.62106097e-08, -0.531689227], [-0.0955033302, 7.68704211e-09, -1.12778783], [0.0725505948, 7.68704211e-09, -1.36492968], [-0.340071678, 0, 0.940399647]]], [[[0.0939885974, -0.00261682831, 0.612510324], [-0.116234869, 7.68704211e-09, -0.357487738], [-0.201352358, 7.68704211e-09, 0.165305674], [0.186255842, 0, 0.982501388]], [[0.117190897, 6.4662431e-09, 1.22451663], [0.0799357295, 7.68704211e-09, 0.9255054], [-0.0882522836, 7.68704211e-09, 0.271500677], [0.171833068, 0, 0.985126138]], [[0.0701614022, 6.95770552e-09, 1.7119627], [0.305464983, 7.68704211e-09, 1.4449755], [0.170758486, 7.68704211e-09, 0.992976904], [-0.177935243, 0, 0.984042287]]], [[0, 0, 0], [-0.101789653, 7.68704211e-09, -1.02176535], [-0.194197536, 7.68704211e-09, -0.281243563], [0, 0, 1]], 1, 6500]
          - [[[ [0.335446239, 0.00261680642, -1.59919], [-0.0586947501, 0.00261683599, 0.975925565], [-0.175099194, 0.00261683599, 1.45055246], [-0.640328646, 0, 0.768100977]], [[0.125723839, 0.00261681201, -1.14074433], [0.137964606, 0.00261683599, -1.745139], [0.347246766, 0.00261683599, -1.94683027], [-0.509275675, 0, 0.860603452]], [[0.0217397213, 0.00261682831, -0.6192981], [0.112040997, 0.00261683599, -1.64214277], [-0.116676331, 0.00261683599, -0.931790709], [-0.186255842, 0, 0.982501388]]], [[[-0.0911934376, 0.00261683483, 0.605618477], [-0.0721041262, 0.00261683599, 0.304900616], [-0.115536839, 0.00261683599, -0.368985862], [-0.0146592855, 0, 0.999892592]], [[-0.228189558, 0.00261683529, 1.07577527], [0.0527243316, 0.00261683599, 0.857286692], [0.00456245244, 0.00261683599, 0.388107717], [-0.358105183, 0, 0.933681369]], [[-0.365583539, 0.00261686929, 1.4777658], [-0.0586947501, 0.00261683599, 0.975925565], [-0.175099194, 0.00261683599, 1.45055246], [-0.651575387, 0, 0.758583903]]], [[0, 0, 0], [-0.0258769989, 0.00261683599, -0.992179751], [-0.206878364, 0.00261683599, -0.494388163], [0, 0, 1]], 1, 6700]
          - [[[ [0.191293597, -2.26768524e-08, -1.74935508], [-0.220339984, 1.22079891e-09, 1.02231085], [-0.192742199, 1.22079891e-09, 1.05631948], [-0.496605217, 0, 0.867976665]], [[0.0949646831, -6.4662431e-09, -1.22644055], [0.170262218, 1.22079891e-09, -2.25049901], [-0.0480174422, 1.22079891e-09, -1.53687048], [-0.171833158, 0, 0.985126257]], [[0.0823056996, -0.00261683483, -0.606890261], [0.0418869257, 1.22079891e-09, -1.59858418], [-0.131797761, 1.22079891e-09, -1.09819257], [0.0146592259, 0, 0.999892652]]], [[[-0.130089268, 4.91462537e-10, 0.472114623], [0.147591546, 1.22079891e-09, 0.249531478], [0.0925570428, 1.22079891e-09, -0.218891114], [-0.344379663, 0, 0.938830614]], [[-0.261575639, 3.45625537e-08, 0.876075864], [0.0379235446, 1.22079891e-09, 0.369790971], [-0.0715107024, 1.22079891e-09, 0.84607327], [-0.640385151, 0, 0.768054008]], [[-0.526334286, -5.24429833e-09, 1.17935836], [-0.220339984, 1.22079891e-09, 1.02231085], [-0.192742199, 1.22079891e-09, 1.05631948], [-0.826240599, -0, 0.563317657]]], [[0, 0, 0], [0.0146789551, 1.22079891e-09, -0.300965369], [-0.0386277437, 1.22079891e-09, -0.97414279], [0, 0, 1]], 1, 6900]
          - [[[ [-0.373660266, -6.95770552e-09, -1.67215931], [-0.234864175, 7.29336369e-10, 1.20822203], [0.127015963, 7.29336369e-10, 0.649179876], [0.177935243, 0, 0.984042287]], [[-0.172184378, -0.00261683529, -1.08614707], [-0.551649988, 7.29336369e-10, -2.00326014], [-0.542385817, 7.29336369e-10, -1.47366381], [0.358105183, 0, 0.933681369]], [[-0.0404548794, -4.91462537e-10, -0.488035679], [-0.130320191, 7.29336369e-10, -0.77564621], [-0.412194669, 7.29336369e-10, -1.38928795], [0.344379634, 0, 0.938830495]]], [[[0.0156726539, 3.40710926e-08, 0.424532354], [0.122497395, 7.29336369e-10, -0.153924733], [0.18377912, 7.29336369e-10, 0.330910563], [-0.3367109, 0, 0.941608131]], [[-0.12844646, -5.7357612e-09, 0.800440669], [0.104746267, 7.29336369e-10, 0.547621489], [0.142367795, 7.29336369e-10, 0.57004571], [-0.581704676, -0, 0.813400149]], [[-0.3390356, 3.73278795e-08, 1.00991476], [-0.234864175, 7.29336369e-10, 1.20822203], [0.127015963, 7.29336369e-10, 0.649179876], [-0.885954618, -0, 0.463772029]]], [[0, 0, 0], [0.184042126, 7.29336369e-10, -0.304595441], [-0.0289411247, 7.29336369e-10, -0.725412071], [0, 0, 1]], 1, 7100]
          - [[[ [-0.685549974, -0.00261686929, -1.35921454], [-0.0430896729, -3.3341756e-08, 0.916785002], [0.0116080865, -3.3341756e-08, 0.692211926], [0.651575446, 0, 0.758583963]], [[-0.360121727, -3.45625537e-08, -0.840382695], [-0.541581273, -3.3341756e-08, -1.0809406], [-1.01361644, -3.3341756e-08, -1.56384027], [0.640385151, 0, 0.768054008]], [[-0.157702178, -3.40710926e-08, -0.394465983], [-0.0869672373, -3.3341756e-08, -0.743244469], [-0.429207563, -3.3341756e-08, -1.06777501], [0.33671093, 0, 0.941608191]]], [[[-0.00913131237, -3.98068529e-08, 0.402484745], [0.125317886, -3.3341756e-08, 0.0859096497], [0.168293089, -3.3341756e-08, 0.0943569019], [-0.273857176, -0, 0.961770475]], [[-0.136891469, 3.25678684e-09, 0.670634925], [0.0279693604, -3.3341756e-08, 0.822287142], [0.180483043, -3.3341756e-08, 0.174039394], [-0.678064942, -0, 0.735002041]], [[-0.242523372, -5.1577036e-09, 0.862113297], [-0.0430896729, -3.3341756e-08, 0.916785002], [0.0116080865, -3.3341756e-08, 0.692211926], [-0.994890809, -0, 0.100956976]]], [[0, 0, 0], [-0.094185777, -3.3341756e-08, -0.580648959], [0.126766905, -3.3341756e-08, -0.144758329], [0, 0, 1]], 1, 7300]
          - [[[ [0.677940249, -5.24429788e-09, -1.09923184], [-0.0371018425, -6.4650969e-09, 0.541763663], [0.0357938483, -6.4650969e-09, 0.687091947], [-0.826240361, 0, 0.563317597]], [[0.361141652, -5.73576076e-09, -0.725796342], [0.388626337, -6.4650969e-09, -1.08061242], [0.80665791, -6.4650969e-09, -1.29901135], [-0.581704676, 0, 0.813400149]], [[0.101441078, -3.98068494e-08, -0.389598548], [0.351040989, -6.4650969e-09, -0.922255993], [0.019163534, -6.4650969e-09, -0.563538849], [-0.273857117, 0, 0.961770356]]], [[[0.0494410917, -4.30636362e-08, 0.292886943], [-0.150648177, -6.4650969e-09, 0.393593192], [-0.119804077, -6.4650969e-09, -0.271639198], [0.450857222, 0, 0.892596066]], [[0.098597005, -3.46491476e-08, 0.50597316], [-0.108184643, -6.4650969e-09, 0.503938437], [-0.0992903858, -6.4650969e-09, 0.272971362], [0.929208577, 0, 0.369555324]], [[0.150853068, -1.04278666e-08, 0.654037595], [-0.0371018425, -6.4650969e-09, 0.541763663], [0.0357938483, -6.4650969e-09, 0.687091947], [0.998338401, 0, 0.0576223768]]], [[0, 0, 0], [-0.0426129065, -6.4650969e-09, -0.341292381], [-0.0862585232, -6.4650969e-09, -0.344937146], [0, 0, 1]], 1, 7500]
          - [[[ [0.737503409, 3.73278795e-08, -0.768740296], [-0.136181504, 3.65985429e-08, 0.416236579], [-0.211118743, 3.65985429e-08, 0.343308151], [-0.885954618, 0, 0.463772029]], [[0.354118496, 3.25678684e-09, -0.585739255], [0.817062855, 3.65985429e-08, -0.948653221], [0.359100103, 3.65985429e-08, -0.778093159], [-0.678064883, 0, 0.735001981]], [[0.087919265, 4.30636398e-08, -0.283720613], [0.203757271, 3.65985429e-08, -0.607569158], [0.166442633, 3.65985429e-08, -0.630500376], [-0.450857222, 0, 0.892596066]]], [[[-0.0521950833, 8.41449044e-09, 0.21236223], [-0.23585023, 3.65985429e-08, 0.117317073], [-0.12377806, 3.65985429e-08, -0.0848332047], [0.662791312, 0, 0.748804092]], [[-0.0723074228, 3.26357714e-08, 0.368083954], [-0.189455763, 3.65985429e-08, 0.183127895], [-0.189911649, 3.65985429e-08, 0.34571293], [0.865133524, 0, 0.501541615]], [[0.019433409, 1.81484943e-08, 0.455496013], [-0.136181504, 3.65985429e-08, 0.416236579], [-0.211118743, 3.65985429e-08, 0.343308151], [0.90431881, 0, 0.426857769]]], [[0, 0, 0], [-0.224003047, 3.65985429e-08, -0.000321671367], [0.1034531, 3.65985429e-08, -0.580199182], [0, 0, 1]], 1, 7700]
          - [[[ [0.833224058, -5.15770315e-09, -0.328320593], [-0.0852057636, 2.81840506e-08, 0.434429735], [-0.218330741, 2.81840506e-08, -0.0153240785], [-0.994890749, 0, 0.100956976]], [[0.433717608, 3.46491476e-08, -0.278602302], [0.73510164, 2.81840506e-08, -0.44432503], [0.722358882, 2.81840506e-08, -0.48622787], [-0.929208696, 0, 0.369555354]], [[0.179835752, -8.41448955e-09, -0.12442328], [0.0123145506, 2.81840506e-08, -0.27313143], [0.641852856, 2.81840506e-08, -0.490311027], [-0.662791371, 0, 0.748804152]]], [[[-0.118271217, 2.4221281e-08, 0.103274792], [-0.0834050775, 2.81840506e-08, -0.112865992], [-0.191506401, 2.81840506e-08, 0.00857617706], [0.315398097, 0, 0.948959529]], [[-0.107511267, 9.73400294e-09, 0.229534343], [-0.198015541, 2.81840506e-08, 0.0969964862], [-0.205792487, 2.81840506e-08, -0.00728040561], [0.394239992, 0, 0.919007599]], [[0.0119447187, 2.72744067e-08, 0.40783596], [-0.0852057636, 2.81840506e-08, 0.434429735], [-0.218330741, 2.81840506e-08, -0.0153240785], [0.443842351, 0, 0.896104872]]], [[0, 0, 0], [-0.074526608, 2.81840506e-08, -0.192895263], [0.143376946, 2.81840506e-08, -0.269985765], [0, 0, 1]], 1, 7900]
          - [[[ [0.64425832, 1.04278666e-08, -0.188289627], [-0.0243898723, 3.96276967e-09, 0.62297821], [-0.0718443543, 3.96276967e-09, -0.117507666], [-0.998338401, 0, 0.0576223768]], [[0.354706943, -3.26357679e-08, -0.122053847], [0.242638409, 3.96276967e-09, -0.316007733], [0.908542693, 3.96276967e-09, -0.323547125], [-0.865133464, 0, 0.501541615]], [[0.144807249, -2.4221281e-08, -0.0607010573], [0.134923324, 3.96276967e-09, -0.267256379], [0.36601916, 3.96276967e-09, -0.271685779], [-0.315398067, 0, 0.94895941]]], [[[-0.0296112541, -1.4487278e-08, 0.123208866], [-0.073693946, 3.96276967e-09, -0.0311090592], [-0.0481852368, 3.96276967e-09, -0.132516444], [0.0842645466, 0, 0.99644345]], [[0.0275116451, 3.05312553e-09, 0.330086052], [-0.0730678514, 3.96276967e-09, 0.324681401], [-0.0575465746, 3.96276967e-09, -0.144104093], [0.138558626, 0, 0.99035424]], [[0.193880647, 3.6280885e-09, 0.606637061], [-0.0243898723, 3.96276967e-09, 0.62297821], [-0.0718443543, 3.96276967e-09, -0.117507666], [0.316421539, 0, 0.94861871]]], [[0, 0, 0], [0.101256944, 3.96276967e-09, -0.194112122], [-0.0396294631, 3.96276967e-09, -0.112963378], [0, 0, 1]], 1, 8100]
          - [[[ [0.403618336, -1.81484943e-08, -0.212006032], [-0.0395748504, 1.84500486e-08, 0.583978713], [0.00820695236, 1.84500486e-08, 0.153826848], [-0.90431881, 0, 0.426857769]], [[0.189295292, -9.73400383e-09, -0.168558553], [0.196851775, 1.84500486e-08, -0.375212103], [0.427498966, 1.84500486e-08, -0.360152543], [-0.394239962, 0, 0.91900748]], [[0.0398880839, 1.44872789e-08, -0.12027549], [0.157141671, 1.84500486e-08, -0.305164844], [0.00991836935, 1.84500486e-08, -0.236176476], [-0.0842645615, 0, 0.99644345]]], [[[0.0394873321, 1.75404047e-08, 0.210954845], [-0.0602790341, 1.84500486e-08, 0.197094128], [-0.00531096011, 1.84500486e-08, -0.268716216], [0.054614082, 0, 0.998507559]], [[0.181961209, 1.8115367e-08, 0.50054121], [-0.036910031, 1.84500486e-08, 0.498431921], [-0.0217990316, 1.84500486e-08, -0.243419155], [0.235361248, 0, 0.971907973]], [[0.426575035, 3.32441701e-08, 0.882401824], [-0.0395748504, 1.84500486e-08, 0.583978713], [0.00820695236, 1.84500486e-08, 0.153826848], [0.535702944, 0, 0.844406545]]], [[0, 0, 0], [-0.0309223831, 1.84500486e-08, -0.157483697], [0.00304065645, 1.84500486e-08, -0.256380945], [0, 0, 1]], 1, 8300]
          - [[[ [0.170311138, -2.72744085e-08, -0.370765358], [-0.00478138775, 9.09644304e-10, 0.414749861], [0.301906079, 9.09644304e-10, 0.958463788], [-0.443842322, 0, 0.896104753]], [[0.0184899978, -3.05312575e-09, -0.330714107], [0.145666152, 9.09644304e-10, -0.508923829], [-0.00510516018, 9.09644304e-10, -0.448078841], [-0.138558626, 0, 0.99035424]], [[-0.0279072896, -1.75404047e-08, -0.212796569], [-0.0501826927, 9.09644304e-10, -0.371733993], [-0.0108691677, 9.09644304e-10, -0.468628794], [-0.054614082, 0, 0.998507559]]], [[[0.12644574, 5.74962855e-10, 0.29693526], [-0.0919836313, 9.09644304e-10, 0.282875627], [-0.0363796726, 9.09644304e-10, -0.457042962], [0.18193011, 0, 0.983311474]], [[0.349839509, 1.57037636e-08, 0.691585362], [-0.0993165374, 9.09644304e-10, 0.368149221], [-0.0281136949, 9.09644304e-10, -0.0587510765], [0.488786936, 0, 0.872403145]], [[0.614372373, 2.62909232e-08, 1.13257051], [-0.00478138775, 9.09644304e-10, 0.414749861], [0.301906079, 9.09644304e-10, 0.958463788], [0.600774348, 0, 0.799418807]]], [[0, 0, 0], [-0.098860465, 9.09644304e-10, -0.0192886833], [-0.018534638, 9.09644304e-10, -0.481401771], [0, 0, 1]], 1, 8500]
          - [[[ [0.00803419948, -3.62808872e-09, -0.63681519], [0.00855691731, 3.34681477e-10, 0.633725286], [0.24998638, 3.34681477e-10, 1.13412547], [-0.316421568, 0, 0.94861871]], [[-0.059041515, -1.8115367e-08, -0.529306591], [-0.0520296842, 3.34681477e-10, -0.689644158], [0.00425586104, 3.34681477e-10, -0.777769566], [-0.235361248, 0, 0.971907973]], [[-0.0703140721, -5.74962855e-10, -0.314984143], [-0.164015502, 3.34681477e-10, -0.351936638], [-0.000957906246, 3.34681477e-10, -0.791724026], [-0.18193011, 0, 0.983311474]]], [[[0.147866949, 1.51288013e-08, 0.428705961], [-0.234950572, 3.34681477e-10, 0.0289525166], [-0.0872699842, 3.34681477e-10, -0.377869487], [0.321913421, 0, 0.946769118]], [[0.327756673, 2.57159609e-08, 0.910458267], [-0.150471151, 3.34681477e-10, 0.0919742435], [0.052180171, 3.34681477e-10, 0.682410121], [0.445309877, 0, 0.895376563]], [[0.65401566, -5.73075365e-10, 1.32345092], [0.00855691731, 3.34681477e-10, 0.633725286], [0.24998638, 3.34681477e-10, 1.13412547], [0.562251449, 0, 0.826966405]]], [[0, 0, 0], [-0.212226227, 3.34681477e-10, -0.053563904], [-0.0229367316, 3.34681477e-10, -0.771018267], [0, 0, 1]], 1, 8700]
          - [[[ [0.112502515, -3.32441701e-08, -0.973623276], [0.152508497, -1.47941197e-08, 1.28665137], [-0.113938868, -1.47941197e-08, 0.746031284], [-0.535702944, 0, 0.844406545]], [[0.0328367949, -1.57037636e-08, -0.774338245], [-0.0439813435, -1.47941197e-08, -0.839487433], [0.251970053, -1.47941197e-08, -1.20337415], [-0.488786936, 0, 0.872403145]], [[-0.00198966265, -1.51288013e-08, -0.453485906], [-0.185675949, -1.47941197e-08, -0.572517037], [0.224495679, -1.47941197e-08, -1.19084585], [-0.321913421, 0, 0.946769118]]], [[[0.0152315348, 1.05871596e-08, 0.514017105], [-0.17405884, -1.47941197e-08, -0.414846241], [-0.17226401, -1.47941197e-08, 0.209396377], [0.133371919, 0, 0.991066098]], [[0.191175491, -1.57018771e-08, 1.01005292], [-0.197892874, -1.47941197e-08, 0.149260163], [-0.130400389, -1.47941197e-08, 0.70074296], [0.266110778, 0, 0.963942528]], [[0.529135644, -4.33282565e-09, 1.46207273], [0.152508497, -1.47941197e-08, 1.28665137], [-0.113938868, -1.47941197e-08, 0.746031284], [0.453459889, 0, 0.891276598]]], [[0, 0, 0], [-0.2337538, -1.47941197e-08, -0.501708329], [0.0370270908, -1.47941197e-08, -0.839334488], [0, 0, 1]], 1, 8900]
          - [[[ [0.189278424, -2.62909232e-08, -1.27449727], [0.243068993, -2.53812793e-08, 1.1573087], [0.101630718, -2.53812793e-08, 0.756027281], [-0.600774288, 0, 0.799418688]], [[0.111970454, -2.57159609e-08, -0.961156249], [-0.0541993976, -2.53812793e-08, -1.10362256], [0.434775531, -2.53812793e-08, -1.66172183], [-0.445309877, 0, 0.895376503]], [[0.0534600019, -1.05871596e-08, -0.51145637], [-0.111291647, -2.53812793e-08, -1.0398587], [0.202099919, -2.53812793e-08, -1.33835387], [-0.13337189, 0, 0.991065979]]], [[[0.1082149, -2.62890367e-08, 0.5150702], [-0.162572026, -2.53812793e-08, -0.389923036], [-0.169234857, -2.53812793e-08, 0.165634468], [0.13517046, 0, 0.990822434]], [[0.382868856, -1.49199852e-08, 1.00812602], [0.0330028534, -2.53812793e-08, 0.784040511], [-0.158960566, -2.53812793e-08, 0.212713629], [0.330537349, 0, 0.94379282]], [[0.726985931, -1.17176802e-08, 1.51285684], [0.243068993, -2.53812793e-08, 1.1573087], [0.101630718, -2.53812793e-08, 0.756027281], [0.48900336, 0, 0.872281909]]], [[0, 0, 0], [-0.0637149215, -2.53812793e-08, -0.945810914], [-0.145192593, -2.53812793e-08, -0.326905906], [0, 0, 1]], 1, 9100]
          - [[[ [0.203263283, 5.73075365e-10, -1.46217072], [0.166341245, 9.07756814e-10, 0.728951156], [0.518959761, 9.07756814e-10, 1.37313902], [-0.562251449, 0, 0.826966405]], [[0.0845037103, 1.57018771e-08, -1.02450681], [-0.00731158257, 9.07756814e-10, -1.57032931], [0.343551636, 9.07756814e-10, -1.82372379], [-0.266110778, 0, 0.963942528]], [[-0.0375994593, 2.62890367e-08, -0.524970591], [0.0271160603, 9.07756814e-10, -1.47071373], [-0.137271553, 9.07756814e-10, -0.868502021], [-0.13517049, 0, 0.990822494]]], [[[0.205486745, 1.13690506e-08, 0.525655925], [-0.110878609, 9.07756814e-10, 0.256335348], [-0.223853752, 9.07756814e-10, -0.335695922], [0.199930966, 0, 0.979809999]], [[0.47822091, 1.45713557e-08, 1.07226896], [0.0468048155, 9.07756814e-10, 0.654572606], [-0.0390940085, 9.07756814e-10, 0.237855673], [0.366608799, 0, 0.930375278]], [[0.753640294, 4.50321203e-08, 1.62597263], [0.166341245, 9.07756814e-10, 0.728951156], [0.518959761, 9.07756814e-10, 1.37313902], [0.461466908, 0, 0.8871575]]], [[0, 0, 0], [-0.145973384, 9.07756814e-10, -0.933290005], [-0.227670044, 9.07756814e-10, -0.383731812], [0, 0, 1]], 1, 9300]
          - [[[ [0.19138509, 4.33282565e-09, -1.54305339], [0.117263928, -1.04612941e-08, 0.912819326], [0.318973064, -1.04612941e-08, 1.34070861], [-0.453459889, 0, 0.891276717]], [[-0.0281255245, 1.49199852e-08, -1.07801473], [0.224366724, -1.04612941e-08, -1.99172473], [-0.0571026802, -1.04612941e-08, -1.43453789], [-0.330537468, 0, 0.943793058]], [[-0.0962430909, -1.13690506e-08, -0.556126118], [-0.0526756942, -1.04612941e-08, -1.49975753], [-0.242596611, -1.04612941e-08, -0.977628648], [-0.199930966, 0, 0.979810119]]], [[[0.157942772, 3.20230509e-09, 0.590104759], [-0.181252584, -1.04612941e-08, 0.094588384], [-0.182102516, -1.04612941e-08, -0.330888838], [0.173196107, 0, 0.984887481]], [[0.317098975, 3.36630706e-08, 1.18769407], [-0.0790001899, -1.04612941e-08, 0.191364259], [0.137705922, -1.04612941e-08, 0.893045247], [0.274779677, 0, 0.961507261]], [[0.554490983, 3.34337287e-08, 1.74995077], [0.117263928, -1.04612941e-08, 0.912819326], [0.318973064, -1.04612941e-08, 1.34070861], [0.453509033, 0, 0.891251683]]], [[0, 0, 0], [-0.256132424, -1.04612941e-08, -0.327134222], [-0.248461246, -1.04612941e-08, -0.929799616], [0, 0, 1]], 1, 9500]
          - [[[ [0.105655462, 1.17176802e-08, -1.67513621], [0.140040144, -1.36635991e-08, 1.59123707], [0.00926543772, -1.36635991e-08, 0.87534517], [-0.48900342, 0, 0.872281969]], [[-0.0518217385, -1.45713557e-08, -1.17293239], [0.154520512, -1.36635991e-08, -2.09475732], [-0.122960865, -1.36635991e-08, -1.61341262], [-0.366608799, 0, 0.930375278]], [[-0.0533519983, -3.20230509e-09, -0.608541787], [-0.248955205, -1.36635991e-08, -0.975093246], [-0.137020633, -1.36635991e-08, -1.56732202], [-0.173196077, 0, 0.984887302]]], [[[0.0532507598, 3.04607646e-08, 0.616123438], [-0.164301813, -1.36635991e-08, -0.43375206], [-0.0723991394, -1.36635991e-08, 0.294857293], [0.104097702, 0, 0.994567037]], [[0.189674541, 3.02314263e-08, 1.21099818], [-0.0959570035, -1.36635991e-08, 0.310791999], [0.0285950601, -1.36635991e-08, 0.767149866], [0.292293966, 0, 0.956328452]], [[0.441192001, 9.09623932e-09, 1.69673848], [0.140040144, -1.36635991e-08, 1.59123707], [0.00926543772, -1.36635991e-08, 0.87534517], [0.558836818, 0, 0.829277635]]], [[0, 0, 0], [-0.248247683, -1.36635991e-08, -0.546775103], [-0.17539379, -1.36635991e-08, -0.965969384], [0, 0, 1]], 1, 9700]
          - [[[ [0.0817349404, -4.50321203e-08, -1.79027379], [0.0258072764, -4.41243628e-08, 1.36476064], [0.0382604226, -4.41243628e-08, 1.04986286], [-0.461466938, 0, 0.887157619]], [[0.0214612335, -3.36630706e-08, -1.22910893], [-0.134922117, -4.41243628e-08, -1.61403084], [0.0380539894, -4.41243628e-08, -2.19139004], [-0.274779677, 0, 0.961507261]], [[0.0111755654, -3.04607646e-08, -0.618319333], [-0.178805411, -4.41243628e-08, -1.18796599], [-0.0627101213, -4.41243628e-08, -1.59729898], [-0.104097702, 0, 0.994567156]]], [[[0.0737575069, -2.29338326e-10, 0.605844319], [-0.116612852, -4.41243628e-08, -0.319204748], [-0.040243268, -4.41243628e-08, 0.147639349], [0.191154391, 0, 0.981559992]], [[0.27334404, -2.13645244e-08, 1.11512792], [-0.0151892453, -4.41243628e-08, 0.978850663], [-0.0707307607, -4.41243628e-08, 0.253234684], [0.469474792, 0, 0.882945955]], [[0.555755019, -4.20246735e-08, 1.55742908], [0.0258072764, -4.41243628e-08, 1.36476064], [0.0382604226, -4.41243628e-08, 1.04986286], [0.778883696, 0, 0.627168536]]], [[0, 0, 0], [-0.107081041, -4.41243628e-08, -1.06681836], [-0.0915242061, -4.41243628e-08, -0.332600594], [0, 0, 1]], 1, 9900]
          - [[[ [-0.29942739, 3.34337287e-08, -1.81111312], [0.102957174, 4.38950245e-08, 0.811858177], [-0.231062502, 4.38950245e-08, 1.40577912], [0.453509003, 0, 0.891251683]], [[-0.172576323, 3.02314263e-08, -1.21355295], [-0.0949890465, 4.38950245e-08, -1.80901086], [-0.287189305, 4.38950245e-08, -2.18860364], [0.292294025, 0, 0.956328571]], [[-0.0434123799, -2.29338326e-10, -0.608771622], [-0.142232925, 4.38950245e-08, -1.67638683], [-0.0171539411, 4.38950245e-08, -0.952734292], [0.191154391, 0, 0.981559992]]], [[[-0.0985543653, 2.1135186e-08, 0.538044274], [0.158608347, 4.38950245e-08, 0.349125475], [0.0744210184, 4.38950245e-08, -0.373727083], [-0.292038679, 0, 0.956406534]], [[-0.291209877, 4.17953352e-08, 1.02617335], [0.192136198, 4.38950245e-08, 0.73575604], [0.119718581, 4.38950245e-08, 0.429045349], [-0.644635022, 0, 0.764490545]], [[-0.494493484, 2.29165753e-08, 1.45279419], [0.102957174, 4.38950245e-08, 0.811858177], [-0.231062502, 4.38950245e-08, 1.40577912], [-0.7732867, 0, 0.634056628]]], [[0, 0, 0], [0.0100327432, 4.38950245e-08, -0.944381237], [0.024310708, 4.38950245e-08, -0.471547395], [0, 0, 1]], 1, 10100]
          - [[[ [-0.582329214, 9.09623932e-09, -1.65362167], [0.134874195, 2.27598385e-08, 1.03269875], [0.0675332546, 2.27598385e-08, 1.06905293], [0.558836818, 0, 0.829277754]], [[-0.282176435, -2.13645244e-08, -1.11292565], [-0.688474, 2.27598385e-08, -2.10514069], [-0.35751313, 2.27598385e-08, -1.44956243], [0.469474792, 0, 0.882945955]], [[-0.0628716946, -2.1135186e-08, -0.543370724], [-0.329072177, 2.27598385e-08, -1.44951308], [-0.177330852, 2.27598385e-08, -1.00146139], [0.292038679, 0, 0.956406534]]], [[[-0.0417044014, 2.06601474e-08, 0.523112714], [0.335757852, 2.27598385e-08, 0.104199938], [0.176925778, 2.27598385e-08, -0.1679914], [-0.39327234, 0, 0.91942215]], [[-0.111536413, 1.78138926e-09, 0.990502357], [0.27269122, 2.27598385e-08, 0.203028262], [0.126680464, 2.27598385e-08, 0.868604839], [-0.554407477, 0, 0.832245469]], [[-0.406960934, 1.10120704e-08, 1.39550114], [0.134874195, 2.27598385e-08, 1.03269875], [0.0675332546, 2.27598385e-08, 1.06905293], [-0.707664728, 0, 0.706548452]]], [[0, 0, 0], [0.190780506, 2.27598385e-08, -0.255784631], [-0.100837693, 2.27598385e-08, -0.922539592], [0, 0, 1]], 1, 10300]
          - [[[ [-0.864503801, -4.20246735e-08, -1.40963864], [0.132237852, 2.09969064e-09, 1.37926531], [0.333753645, 2.09969064e-09, 0.620241702], [0.778883576, 0, 0.627168477]], [[-0.438880086, -4.17953352e-08, -0.972223878], [-1.03999138, 2.09969064e-09, -1.70066178], [-0.724270701, 2.09969064e-09, -1.34838891], [0.644634962, 0, 0.764490485]], [[-0.167381778, -2.06601474e-08, -0.497362524], [-0.0925670266, 2.09969064e-09, -0.807565212], [-0.622903407, 2.09969064e-09, -1.30590904], [0.393272251, 0, 0.91942203]]], [[[0.119606301, -1.88787581e-08, 0.457191288], [0.163181916, 2.09969064e-09, -0.417935789], [0.29068923, 2.09969064e-09, 0.251431912], [-0.182435274, 0, 0.983217955]], [[0.00726127625, -9.64807789e-09, 0.945738256], [0.362756312, 2.09969064e-09, 0.399081051], [0.315138638, 2.09969064e-09, 0.458989233], [-0.372776657, 0, 0.927921116]], [[-0.241014183, 1.2956991e-10, 1.23330784], [0.132237852, 2.09969064e-09, 1.37926531], [0.333753645, 2.09969064e-09, 0.620241702], [-0.762144268, -0, 0.647407234]]], [[0, 0, 0], [0.182300285, 2.09969064e-09, -0.533603072], [-0.0707786977, 2.09969064e-09, -0.721397519], [0, 0, 1]], 1, 10500]
          - [[[ [-0.809889555, -2.29165753e-08, -1.30353892], [0.125071138, 2.09784492e-08, 1.0280987], [0.0346518755, 2.09784492e-08, 0.980798125], [0.773286641, 0, 0.634056509]], [[-0.456316143, -1.78138926e-09, -0.886177659], [-0.439348847, 2.09784492e-08, -1.20482326], [-1.05170059, 2.09784492e-08, -1.59805179], [0.554407358, 0, 0.832245469]], [[-0.201006889, 1.88787581e-08, -0.427698255], [-0.119114041, 2.09784492e-08, -0.985604286], [-0.402206093, 2.09784492e-08, -1.1240766], [0.182435274, 0, 0.983217955]]], [[[-0.0213314593, 9.23068111e-09, 0.500843763], [0.22846806, 2.09784492e-08, -0.101494148], [0.192578882, 2.09784492e-08, -0.0339042395], [-0.197235137, 0, 0.980356216]], [[-0.212977454, 1.90083291e-08, 0.828881621], [0.180638433, 2.09784492e-08, 0.904295206], [0.240299642, 2.09784492e-08, 0.121246055], [-0.631243944, -0, 0.77558434]], [[-0.47166121, 4.05172145e-08, 1.1072017], [0.125071138, 2.09784492e-08, 1.0280987], [0.0346518755, 2.09784492e-08, 0.980798125], [-0.922535837, -0, 0.385911465]]], [[0, 0, 0], [-0.116809756, 2.09784492e-08, -0.868390322], [0.13067399, 2.09784492e-08, -0.233517885], [0, 0, 1]], 1, 10700]
          - [[[ [-0.700009227, -1.10120704e-08, -1.27398074], [0.0449095815, 1.17477681e-08, 0.644408882], [-0.244815558, 1.17477681e-08, 0.992607057], [0.707664728, 0, 0.706548333]], [[-0.359286964, 9.64807789e-09, -0.874863625], [-0.389041483, 1.17477681e-08, -1.43796241], [-0.693884254, 1.17477681e-08, -1.51787901], [0.372776657, 0, 0.927921116]], [[-0.0778715461, -9.23068111e-09, -0.495212615], [-0.363663763, 1.17477681e-08, -1.3235054], [0.00417760015, 1.17477681e-08, -0.749916792], [0.197235137, 0, 0.980356216]]], [[[-0.123180769, 9.77764714e-09, 0.359393269], [0.277577192, 1.17477681e-08, 0.355690598], [0.181621686, 1.17477681e-08, -0.423743814], [-0.465871453, -0, 0.88485235]], [[-0.321888506, 3.12865325e-08, 0.683267593], [0.247519851, 1.17477681e-08, 0.488021851], [0.149547458, 1.17477681e-08, 0.459484339], [-0.82829845, -0, 0.560287118]], [[-0.59436667, 3.76303859e-08, 0.927071273], [0.0449095815, 1.17477681e-08, 0.644408882], [-0.244815558, 1.17477681e-08, 0.992607057], [-0.932730556, -0, 0.360574007]]], [[0, 0, 0], [0.126090333, 1.17477681e-08, -0.639774919], [0.104237258, 1.17477681e-08, -0.566434205], [0, 0, 1]], 1, 10900]
          - [[[ [-0.783924341, -1.2956991e-10, -0.982140064], [-0.089758791, 1.97012073e-09, 0.990244448], [0.166725904, 1.97012073e-09, 0.679311216], [0.762144327, 0, 0.647407293]], [[-0.358044565, -1.90083291e-08, -0.777308404], [-0.996806562, 1.97012073e-09, -1.37708282], [-0.404102623, 1.97012073e-09, -1.04090846], [0.631244063, 0, 0.7755844]], [[-0.0584342852, -9.77764714e-09, -0.37539646], [-0.244915873, 1.97012073e-09, -1.00024474], [-0.230085239, 1.97012073e-09, -0.925168276], [0.465871513, 0, 0.884852469]]], [[[-0.0249432065, 2.15088853e-08, 0.379153281], [0.387939751, 1.97012073e-09, -0.058881551], [0.287953854, 1.97012073e-09, -0.0384904966], [-0.471900105, 0, 0.881652117]], [[-0.152465031, 2.78527388e-08, 0.721823394], [0.281515807, 1.97012073e-09, 0.173888251], [0.187367439, 1.97012073e-09, 0.616967082], [-0.657347798, 0, 0.753587425]], [[-0.496281326, -1.7578341e-09, 0.988601387], [-0.089758791, 1.97012073e-09, 0.990244448], [0.166725904, 1.97012073e-09, 0.679311216], [-0.792168558, 0, 0.610302567]]], [[0, 0, 0], [0.352886707, 1.97012073e-09, -0.189978033], [-0.0951360613, 1.97012073e-09, -0.834959567], [0, 0, 1]], 1, 11100]
          - [[[ [-0.839413762, -4.05172145e-08, -0.862406135], [0.0710548759, -1.95387653e-08, 1.00417018], [0.254415393, -1.95387653e-08, 0.39037627], [0.922535837, 0, 0.385911465]], [[-0.385599524, -3.12865325e-08, -0.649445832], [-0.844877362, -1.95387653e-08, -1.11234403], [-0.796373248, -1.95387653e-08, -1.05315101], [0.82829845, 0, 0.560287118]], [[-0.156931221, -2.15088853e-08, -0.346051931], [0.0645413995, -1.95387653e-08, -0.680073738], [-0.634825647, -1.95387653e-08, -1.03730106], [0.471900076, 0, 0.881651998]]], [[[0.0492761433, 6.34385344e-09, 0.362293303], [0.173325628, -1.95387653e-08, -0.325590342], [0.299408406, -1.95387653e-08, 0.109479561], [-0.223934054, 0, 0.974604249]], [[-0.127957642, -2.32667201e-08, 0.759745538], [0.231229156, -1.95387653e-08, 0.569356143], [0.310629964, -1.95387653e-08, 0.17418617], [-0.410415173, 0, 0.911898851]], [[-0.491384745, 1.24687016e-08, 1.10376275], [0.0710548759, -1.95387653e-08, 1.00417018], [0.254415393, -1.95387653e-08, 0.39037627], [-0.759574831, 0, 0.650419891]]], [[0, 0, 0], [0.157310426, -1.95387653e-08, -0.581033766], [0.0787801594, -1.95387653e-08, -0.515872598], [0, 0, 1]], 1, 11300]
          - [[[ [-0.650394499, -3.76303824e-08, -0.888661802], [0.102584451, -2.58826169e-08, 0.680377305], [-0.232495934, -2.58826169e-08, 0.915216208], [0.932730436, 0, 0.360574007]], [[-0.359593153, -2.7852737e-08, -0.644179463], [-0.218543857, -2.58826169e-08, -1.01931381], [-0.980145156, -2.58826169e-08, -1.21085691], [0.65734762, 0, 0.753587306]], [[-0.129154533, -6.343853e-09, -0.342058003], [-0.105952352, -2.58826169e-08, -0.943563104], [-0.167896509, -2.58826169e-08, -0.862471163], [0.223934025, 0, 0.974604249]]], [[[-0.0837297291, -2.96105718e-08, 0.427047372], [0.223700568, -2.58826169e-08, 0.161058903], [0.21259293, -2.58826169e-08, -0.241856024], [-0.195787221, 0, 0.980646431]], [[-0.36089015, 6.12484774e-09, 0.843711734], [0.164963722, -2.58826169e-08, 0.620698929], [0.206218302, -2.58826169e-08, -0.0185678378], [-0.594633698, 0, 0.803996682]], [[-0.80540812, -1.31559137e-08, 1.34940875], [0.102584451, -2.58826169e-08, 0.680377305], [-0.232495934, -2.58826169e-08, 0.915216208], [-0.654683471, 0, 0.755903006]]], [[0, 0, 0], [-0.0331414342, -2.58826169e-08, -0.698193252], [0.187166363, -2.58826169e-08, -0.30240646], [0, 0, 1]], 1, 11500]
          - [[[ [-0.480257094, 1.7578341e-09, -0.99648428], [-0.116725087, 3.72795483e-09, 0.643322289], [-0.572556019, 3.72795483e-09, 1.2932936], [0.792168498, 0, 0.610302448]], [[-0.195126683, 2.32667201e-08, -0.745326817], [-0.290140629, 3.72795483e-09, -1.33973336], [-0.335009098, 3.72795483e-09, -1.24808311], [0.410415173, 0, 0.911898851]], [[-0.00150115788, 2.96105735e-08, -0.435175687], [-0.170698494, 3.72795483e-09, -1.1133678], [0.122835577, 3.72795483e-09, -0.768374324], [0.195787251, 0, 0.980646431]]], [[[-0.190218866, 3.57354217e-08, 0.462864906], [0.281794846, 3.72795483e-09, 0.141212717], [0.197090745, 3.72795483e-09, -0.493759096], [-0.425713181, 0, 0.904858172]], [[-0.527124822, 1.64546599e-08, 1.04580581], [0.232307106, 3.72795483e-09, 0.21194917], [-0.0503098518, 3.72795483e-09, 0.507847548], [-0.494016886, 0, 0.869452298]], [[-0.902171254, 3.73745479e-08, 1.58068228], [-0.116725087, 3.72795483e-09, 0.643322289], [-0.572556019, 3.72795483e-09, 1.2932936], [-0.566893697, -0, 0.823791027]]], [[0, 0, 0], [0.249403298, 3.72795483e-09, -0.32103157], [0.159625053, 3.72795483e-09, -0.713973939], [0, 0, 1]], 1, 11700]
          - [[[ [-0.518783987, -1.24687016e-08, -1.09115279], [-0.0980233625, -3.20074669e-08, 1.48422515], [-0.0147959888, -3.20074669e-08, 1.0126127], [0.759574831, 0, 0.650419891]], [[-0.211544946, -6.12484818e-09, -0.892938912], [-0.65335983, -3.20074669e-08, -1.43457699], [-0.240884885, -3.20074669e-08, -1.24736822], [0.594633758, 0, 0.803996682]], [[-0.0249265879, -3.57354217e-08, -0.499805748], [0.064080663, -3.20074669e-08, -0.896467984], [-0.184436664, -3.20074669e-08, -1.21380544], [0.425713181, 0, 0.904858172]]], [[[-0.0566864982, -1.92807619e-08, 0.670904219], [0.275507927, -3.20074669e-08, -0.406917989], [0.145747513, -3.20074669e-08, -0.018858172], [-0.0768779218, 0, 0.997040451]], [[-0.168346435, 1.63912617e-09, 1.31455362], [0.143324524, -3.20074669e-08, 0.132001057], [0.0075635463, -3.20074669e-08, 0.91418612], [-0.162259668, -0, 0.986748099]], [[-0.406119972, -7.58060269e-05, 1.9791671], [-0.0980233625, -3.20074669e-08, 1.48422515], [-0.0147959888, -3.20074669e-08, 1.0126127], [-0.310849965, -0, 0.950459003]]], [[0, 0, 0], [0.290173888, -3.20074669e-08, -0.491992056], [-0.0567871481, -3.20074669e-08, -1.03049171], [0, 0, 1]], 1, 11900]
          - [[[ [-0.274625182, 1.31559146e-08, -1.54730988], [-0.165262759, -1.27267041e-08, 1.63007462], [-0.00242601335, -1.27267041e-08, 0.871516347], [0.65468359, 0, 0.755903125]], [[-0.0583358407, -1.64546599e-08, -1.16968691], [-8.65831971e-05, -1.27267041e-08, -1.57201803], [-0.272264659, -1.27267041e-08, -1.86931074], [0.494016945, 0, 0.869452417]], [[0.00494101644, 1.92807619e-08, -0.673276603], [0.256432831, -1.27267041e-08, -1.18612063], [-0.130900174, -1.27267041e-08, -1.6963532], [0.0768779442, 0, 0.99704057]]], [[[-0.0618470386, 2.0919888e-08, 0.650328815], [0.157989353, -1.27267041e-08, -0.552684724], [0.0827629268, -1.27267041e-08, 0.237622619], [-0.0859203115, -0, 0.996302187]], [[-0.247822806, -7.57867456e-05, 1.33125496], [0.021311909, -1.27267041e-08, 0.814091861], [0.0680363923, -1.27267041e-08, 0.33747679], [-0.236860722, -0, 0.97154367]], [[-0.48693043, 2.37632811e-08, 1.90631723], [-0.165262759, -1.27267041e-08, 1.63007462], [-0.00242601335, -1.27267041e-08, 0.871516347], [-0.458043873, -0, 0.888929725]]], [[0, 0, 0], [0.24835059, -1.27267041e-08, -1.10017085], [0.148807421, -1.27267041e-08, -0.703283787], [0, 0, 1]], 1, 12100]
          - [[[ [0.152878076, 3.73745479e-08, -1.81358707], [0.0815561265, 3.36465931e-08, 1.10101831], [0.233093396, 3.36465931e-08, 1.40975082], [-0.566893697, 0, 0.823791027]], [[0.0471835062, 1.63912617e-09, -1.32444918], [-0.159314588, 3.36465931e-08, -1.85700488], [0.270425379, 3.36465931e-08, -2.33207083], [-0.162259668, 0, 0.986748099]], [[-0.00574188214, 2.0919888e-08, -0.65323782], [-0.15864706, 3.36465931e-08, -1.77067864], [-0.0935726613, 3.36465931e-08, -1.36670637], [-0.0859203041, 0, 0.996302068]]], [[[0.126782626, 7.5807664e-05, 0.694387138], [-0.0969219953, 3.36465931e-08, 0.156012386], [-0.102522776, 3.36465931e-08, -0.322854698], [0.152509481, 0, 0.988302052]], [[0.315596521, -2.84339308e-09, 1.28786707], [0.0188532323, 3.36465931e-08, 0.98500818], [-0.0782057866, 3.36465931e-08, 0.215264067], [0.379972905, 0, 0.924997687]], [[0.518323421, 1.30460496e-08, 1.89932621], [0.0815561265, 3.36465931e-08, 1.10101831], [0.233093396, 3.36465931e-08, 1.40975082], [0.512219429, 0, 0.858854651]]], [[0, 0, 0], [-0.115660146, 3.36465931e-08, -1.21745324], [-0.108615354, 3.36465931e-08, -0.423604965], [0, 0, 1]], 1, 12300]
          - [[[ [0.229223683, -7.58060269e-05, -2.00735974], [0.0235848725, -7.57740199e-05, 0.847896576], [0.221147835, -7.57740199e-05, 1.5141201], [-0.310849965, 0, 0.950459003]], [[0.074551329, -7.57867456e-05, -1.35207176], [0.0938551426, -7.57740199e-05, -2.47976017], [0.096558705, -7.57740199e-05, -2.07058907], [-0.236860693, 0, 0.97154355]], [[-0.0193989053, -7.5807664e-05, -0.705599725], [0.0519670844, -7.57740199e-05, -1.92645037], [-0.0621399134, -7.57740199e-05, -1.14081419], [-0.152509481, 0, 0.988302052]]], [[[0.0960938334, -7.58105089e-05, 0.615333259], [-0.150989294, -7.57740199e-05, 0.270760983], [-0.129519641, -7.57740199e-05, -0.504781008], [0.234457061, 0, 0.972126544]], [[0.203195885, -7.57946182e-05, 1.2505573], [-0.10671255, -7.57740199e-05, 0.394976914], [-0.00403258204, -7.57740199e-05, 0.723208666], [0.375243962, 0, 0.926926076]], [[0.340408504, -7.57889356e-05, 1.7781918], [0.0235848725, -7.57740199e-05, 0.847896576], [0.221147835, -7.57740199e-05, 1.5141201], [0.610210836, 0, 0.79223907]]], [[0, 0, 0], [-0.138980478, -7.57740199e-05, -0.566193938], [-0.0714839846, -7.57740199e-05, -1.04031336], [0, 0, 1]], 1, 12500]
          - [[[ [0.440329939, 2.37632811e-08, -1.91761732], [-0.10968861, 3.64899861e-08, 1.43721282], [-0.0784285665, 3.64899861e-08, 1.03174341], [-0.458043814, 0, 0.888929605]], [[0.197428524, 2.84339308e-09, -1.31119215], [0.553042352, 3.64899861e-08, -2.48128128], [0.25791797, 3.64899861e-08, -1.74429667], [-0.379972905, 0, 0.924997687]], [[0.0508538634, 7.58105089e-05, -0.620711684], [0.0484954119, 3.64899861e-08, -1.20370877], [0.225271165, 3.64899861e-08, -1.64878774], [-0.234457061, 0, 0.972126544]]], [[[-0.0448160022, 1.58894427e-08, 0.642628968], [-0.145489365, 3.64899861e-08, -0.261763632], [-0.12262769, 3.64899861e-08, 0.081393227], [0.147460252, 0, 0.989068031]], [[-0.0351356268, 2.15731237e-08, 1.18772697], [-0.125013992, 3.64899861e-08, 0.209080741], [-0.0891586244, 3.64899861e-08, 0.903054357], [0.40745607, 0, 0.913224876]], [[0.0585993528, 3.6207318e-08, 1.64937735], [-0.10968861, 3.64899861e-08, 1.43721282], [-0.0784285665, 3.64899861e-08, 1.03174341], [0.674261451, 0, 0.738492727]]], [[0, 0, 0], [-0.159408659, 3.64899861e-08, -0.392898172], [0.0432938337, 3.64899861e-08, -1.14178944], [0, 0, 1]], 1, 12700]
          - [[[ [0.527707219, -1.30460496e-08, -1.89674032], [-0.208431929, 2.06005435e-08, 1.34020245], [-0.181485504, 2.06005435e-08, 1.06090176], [-0.512219429, 0, 0.858854651]], [[0.280916572, 7.57946182e-05, -1.23542225], [0.364552796, 2.06005435e-08, -1.81239367], [0.605027497, 2.06005435e-08, -2.22653961], [-0.375243962, 0, 0.926926076]], [[0.139088288, -1.58894427e-08, -0.628995121], [0.0393591523, 2.06005435e-08, -1.04110456], [0.350277364, 2.06005435e-08, -1.75191832], [-0.147460252, 0, 0.989068031]]], [[[-0.0708057731, 5.68368108e-09, 0.540566504], [-0.0153901279, 2.06005435e-08, -0.440634668], [-0.0822602361, 2.06005435e-08, 0.251039624], [0.268337339, 0, 0.963325024]], [[-0.0461705327, 2.03178772e-08, 1.01099217], [-0.181332871, 2.06005435e-08, 0.776331186], [-0.090624027, 2.06005435e-08, 0.379904091], [0.557992101, 0, 0.829846263]], [[0.00419801474, 2.17974154e-08, 1.30324304], [-0.208431929, 2.06005435e-08, 1.34020245], [-0.181485504, 2.06005435e-08, 1.06090176], [0.916618645, 0, 0.399762809]]], [[0, 0, 0], [0.0337891877, 2.06005435e-08, -0.909350991], [0.00579890609, 2.06005435e-08, -0.566574395], [0, 0, 1]], 1, 12900]
          - [[[ [0.815386951, 7.57889356e-05, -1.61647415], [-0.271248877, 1.49168624e-08, 0.802717686], [-0.170205981, 1.49168624e-08, 1.09950948], [-0.610210836, 0, 0.79223907]], [[0.516033232, -2.15731237e-08, -1.07034552], [0.53054601, 1.49168624e-08, -1.494102], [1.0207994, 1.49168624e-08, -2.09541559], [-0.40745607, 0, 0.913224876]], [[0.213263169, -5.68368108e-09, -0.501741409], [0.489825934, 1.49168624e-08, -1.36867511], [0.370882481, 1.49168624e-08, -1.04598069], [-0.268337339, 0, 0.963325024]]], [[[-0.10250105, 1.46341952e-08, 0.459783375], [-0.16973801, 1.49168624e-08, 0.197459489], [0.0240202919, 1.49168624e-08, -0.160088062], [0.314848959, 0, 0.949141741]], [[-0.132401556, 1.61137343e-08, 0.754831791], [-0.347150952, 1.49168624e-08, 0.733379126], [-0.24624598, 1.49168624e-08, 0.471552491], [0.775730371, 0, 0.631064534]], [[-0.172422856, 1.46634811e-08, 0.989097476], [-0.271248877, 1.49168624e-08, 0.802717686], [-0.170205981, 1.49168624e-08, 1.09950948], [0.998925209, 0, 0.0463511348]]], [[0, 0, 0], [0.316676199, 1.49168624e-08, -0.930345535], [0.0666564927, 1.49168624e-08, -0.281982124], [0, 0, 1]], 1, 13100]
          - [[[ [1.06883645, -3.6207318e-08, -1.25756454], [-0.33094281, 2.82667223e-10, 0.518560767], [-0.331797421, 2.82667223e-10, 0.579264104], [-0.67426157, 0, 0.738492846]], [[0.602440119, -2.03178772e-08, -0.813205361], [1.1378907, 2.82667223e-10, -1.54897285], [0.923396468, 2.82667223e-10, -1.28013933], [-0.557992101, 0, 0.829846382]], [[0.24205038, -1.46341952e-08, -0.4041273], [0.835539341, 2.82667223e-10, -1.18745208], [0.394098639, 2.82667223e-10, -0.650781631], [-0.314849049, 0, 0.949141979]]], [[[-0.121275544, 1.4795386e-09, 0.270628691], [-0.318348795, 2.82667223e-10, 0.182653427], [-0.140139818, 2.82667223e-10, -0.0340873711], [0.53758812, 0, 0.843207717]], [[-0.233019739, 2.9285796e-11, 0.480379403], [-0.26813817, 2.82667223e-10, 0.272363245], [-0.265678674, 2.82667223e-10, 0.585873902], [0.933528185, 0, 0.358504415]], [[-0.27621907, -1.2803173e-09, 0.585093975], [-0.33094281, 2.82667223e-10, 0.518560767], [-0.331797421, 2.82667223e-10, 0.579264104], [0.994542599, 0, 0.104332596]]], [[0, 0, 0], [0.0187750086, 2.82667223e-10, -0.270152062], [0.315252602, 2.82667223e-10, -0.548510849], [0, 0, 1]], 1, 13300]
          - [[[ [1.19289887, -2.17974154e-08, -0.524836183], [-0.357983142, -1.19687138e-09, 0.214630604], [-0.353210241, -1.19687138e-09, 0.159816563], [-0.916618705, 0, 0.399762839]], [[0.669099987, -1.61137343e-08, -0.373639703], [1.59064031, -1.19687138e-09, -0.715092421], [0.929906607, -1.19687138e-09, -0.499881148], [-0.775730431, 0, 0.631064594]], [[0.247747228, -1.4795386e-09, -0.162999898], [0.408808976, -1.19687138e-09, -0.380700976], [0.808443487, -1.19687138e-09, -0.456032306], [-0.53758812, 0, 0.843207717]]], [[[-0.20698303, -1.45025281e-09, 0.116791025], [-0.12476813, -1.19687138e-09, -0.0774890333], [-0.291233897, -1.19687138e-09, 0.188187748], [0.594430327, 0, 0.804147303]], [[-0.299702346, -2.7598559e-09, 0.181863725], [-0.310078323, -1.19687138e-09, 0.096343562], [-0.343432337, -1.19687138e-09, 0.147069618], [0.78251791, 0, 0.622628331]], [[-0.301142961, 6.20968499e-10, 0.226527601], [-0.357983142, -1.19687138e-09, 0.214630604], [-0.353210241, -1.19687138e-09, 0.159816563], [0.819182754, 0, 0.573532641]]], [[0, 0, 0], [-0.118879214, -1.19687138e-09, -0.180125684], [0.147905231, -1.19687138e-09, -0.267080128], [0, 0, 1]], 1, 13500]
          - [[[ [0.996026278, -1.46634802e-08, 0.126391768], [-0.162492335, 2.53381399e-10, 0.00579500943], [-0.13050054, 2.53381399e-10, -0.0512543805], [-0.998925149, 0, 0.0463511348]], [[0.531986117, -2.92857925e-11, 0.0453123301], [0.790911555, 2.53381399e-10, -0.034011364], [1.15705574, 2.53381399e-10, 0.142965913], [-0.933527946, 0, 0.358504385]], [[0.235868901, 1.4502527e-09, 0.0291198045], [0.247344673, 2.53381399e-10, -0.186393127], [0.513566911, 2.53381399e-10, -0.0977325737], [-0.594430208, 0, 0.804147124]]], [[[-0.113241136, -1.30960298e-09, -0.00278713554], [-0.0707491711, 2.53381399e-10, -0.0777257457], [-0.127723828, 2.53381399e-10, -0.0567611568], [0.259150416, 0, 0.965837002]], [[-0.14094916, 2.07122119e-09, 0.0322728492], [-0.179585069, 2.53381399e-10, -0.0110815987], [-0.14316386, 2.53381399e-10, -0.0523230173], [0.317818254, 0, 0.948151529]], [[-0.116764084, 5.94522986e-10, 0.139177501], [-0.162492335, 2.53381399e-10, 0.00579500943], [-0.13050054, 2.53381399e-10, -0.0512543805], [0.298472017, 0, 0.954418361]]], [[0, 0, 0], [0.181598783, 2.53381399e-10, -0.107358724], [-0.110190459, 2.53381399e-10, 0.00733221695], [0, 0, 1]], 1, 13700]
          - [[[ [0.610719442, 1.2803173e-09, 0.213667199], [-0.0703888237, 1.56298452e-09, 0.170973808], [-0.00785587169, 1.56298452e-09, -0.0387788713], [-0.99454248, 0, 0.104332596]], [[0.328914702, 2.7598559e-09, 0.121288911], [0.395848691, 1.56298452e-09, -0.0838874951], [0.629999638, 1.56298452e-09, 0.0707357824], [-0.78251785, 0, 0.622628212]], [[0.108650193, 1.30960309e-09, 0.0320384055], [0.311867088, 1.56298452e-09, -0.024591215], [0.0003240183, 1.56298452e-09, 0.0105642285], [-0.259150445, 0, 0.965837002]]], [[[-0.0358472429, 3.38082451e-09, 0.026681684], [-0.0619279258, 1.56298452e-09, -0.025204163], [-0.0160632301, 1.56298452e-09, -0.055598069], [0.0612468123, 0, 0.998122573]], [[-0.0401927941, 1.90412619e-09, 0.136201724], [-0.0497926995, 1.56298452e-09, -0.00447451882], [-0.00410947576, 1.56298452e-09, -0.0512842424], [0.0409373939, 0, 0.99916172]], [[0.00280320644, 2.11046629e-08, 0.357852429], [-0.0703888237, 1.56298452e-09, 0.170973808], [-0.00785587169, 1.56298452e-09, -0.0387788713], [0.110255182, 0, 0.993903399]]], [[0, 0, 0], [0.0604606755, 1.56298452e-09, -0.0613666624], [-5.36441803e-07, 1.56298452e-09, -0.055883307], [0, 0, 1]], 1, 13900]
          - [[[ [0.358282775, -6.20968499e-10, 0.116770133], [-0.0902255923, -1.81783988e-09, 0.47320962], [0.00887997821, -1.81783988e-09, -0.0558087081], [-0.819182813, 0, 0.573532641]], [[0.143898085, -2.07122142e-09, 0.0141966715], [0.350201875, -1.81783988e-09, -0.0298802555], [0.037090499, -1.81783988e-09, -0.0138718225], [-0.317818373, 0, 0.948151708]], [[0.0374141149, -3.38082451e-09, -0.0244360641], [0.101519801, -1.81783988e-09, -0.0819845051], [0.0408362523, -1.81783988e-09, -0.0802144855], [-0.0612468123, 0, 0.998122752]]], [[[-0.0110451393, -1.47669832e-09, 0.109048292], [-0.0120110577, -1.81783988e-09, -0.0319518261], [0.0364533514, -1.81783988e-09, -0.0758757219], [-0.0203348994, 0, 0.999793291]], [[0.0182947516, 1.77238384e-08, 0.33291626], [-0.0433141664, -1.81783988e-09, 0.14190568], [0.0319480747, -1.81783988e-09, -0.0636232793], [0.0491748154, 0, 0.998790264]], [[0.142389059, 1.51804951e-08, 0.625781834], [-0.0902255923, -1.81783988e-09, 0.47320962], [0.00887997821, -1.81783988e-09, -0.0558087081], [0.298204839, 0, 0.954501927]]], [[0, 0, 0], [-0.0228538774, -1.81783988e-09, -0.0533858016], [0.0247862432, -1.81783988e-09, -0.080913581], [0, 0, 1]], 1, 14100]
          - [[[ [0.152982384, -5.94523042e-10, -0.0979827493], [-0.0612774044, -3.41141615e-10, 0.422172129], [0.050795041, -3.41141615e-10, 0.186706588], [-0.298472047, 0, 0.954418361]], [[0.0457348414, -1.90412619e-09, -0.134442165], [0.108657017, -3.41141615e-10, -0.193282276], [0.0480220243, -3.41141615e-10, -0.190278649], [-0.0409373939, 0, 0.99916172]], [[0.00882536918, 1.47669832e-09, -0.109250337], [-0.0151093714, -3.41141615e-10, -0.162160367], [0.0319611132, -3.41141615e-10, -0.190651208], [0.0203349292, 0, 0.999793172]]], [[[0.033886157, 1.92005363e-08, 0.223225027], [-0.0315941945, -3.41141615e-10, 0.0335067809], [0.0394730642, -3.41141615e-10, -0.173510119], [0.0694749355, 0, 0.997583747]], [[0.16391021, 1.6657193e-08, 0.513506651], [-0.0717588663, -3.41141615e-10, 0.365696102], [0.0165686458, -3.41141615e-10, -0.165228069], [0.317552865, 0, 0.948240519]], [[0.385549605, -3.92286825e-09, 0.970283926], [-0.0612774044, -3.41141615e-10, 0.422172129], [0.050795041, -3.41141615e-10, 0.186706588], [0.401073426, 0, 0.916045845]]], [[0, 0, 0], [-0.00383294374, -3.41141615e-10, -0.140951321], [0.0437282547, -3.41141615e-10, -0.185851648], [0, 0, 1]], 1, 14300]
          - [[[ [0.0366689712, -2.11046611e-08, -0.3559798], [0.043708235, -1.95416767e-08, 0.349220902], [0.355042279, -1.95416767e-08, 0.927648783], [-0.110255182, 0, 0.993903399]], [[-0.00190152228, -1.77238366e-08, -0.333413124], [-0.0221025199, -1.95416767e-08, -0.387858182], [0.0268336385, -1.95416767e-08, -0.413009971], [-0.0491747856, 0, 0.998790145]], [[-0.0182957277, -1.92005345e-08, -0.225039899], [-0.0123268217, -1.95416767e-08, -0.365916938], [0.0382388979, -1.95416767e-08, -0.407404453], [-0.0694749355, 0, 0.997583747]]], [[[0.109542578, -2.54334309e-09, 0.298613608], [-0.115287922, -1.95416767e-08, 0.134787142], [0.00971210003, -1.95416767e-08, -0.388717622], [0.250906587, 0, 0.96801126]], [[0.29891184, -2.31234036e-08, 0.769685686], [-0.108755454, -1.95416767e-08, 0.191854894], [0.0194051452, -1.95416767e-08, -0.0352554619], [0.33646208, 0, 0.941697061]], [[0.490007758, -1.24422239e-09, 1.26395977], [0.043708235, -1.95416767e-08, 0.349220902], [0.355042279, -1.95416767e-08, 0.927648783], [0.312752247, 0, 0.949834824]]], [[0, 0, 0], [-0.0521414652, -1.95416767e-08, -0.193809092], [0.0331365615, -1.95416767e-08, -0.395388395], [0, 0, 1]], 1, 14500]
          - [[[ [0.0507005453, -1.51804951e-08, -0.639771104], [0.0525864586, -1.69983352e-08, 0.866970301], [0.156366199, -1.69983352e-08, 0.944729388], [-0.298204839, 0, 0.954501867]], [[0.00763920695, -1.6657193e-08, -0.53897804], [0.0487641618, -1.69983352e-08, -0.673850954], [0.108121857, -1.69983352e-08, -0.701324046], [-0.317552924, 0, 0.948240638]], [[-0.0311143175, 2.54334331e-09, -0.316546321], [-0.0329598673, -1.69983352e-08, -0.517238379], [0.100167818, -1.69983352e-08, -0.690972567], [-0.250906646, 0, 0.968011379]]], [[[0.0651165247, -2.05800621e-08, 0.503517032], [-0.184528485, -1.69983352e-08, -0.158116087], [-0.0034840852, -1.69983352e-08, -0.345805138], [0.089421086, 0, 0.995993972]], [[0.126082838, 1.29912081e-09, 1.02992725], [-0.0764260814, -1.69983352e-08, 0.0324701443], [0.0798174292, -1.69983352e-08, 0.67051065], [0.0644278899, 0, 0.99792248]], [[0.267858803, 3.43897355e-10, 1.59980798], [0.0525864586, -1.69983352e-08, 0.866970301], [0.156366199, -1.69983352e-08, 0.944729388], [0.158393055, 0, 0.987376273]]], [[0, 0, 0], [-0.176533327, -1.69983352e-08, -0.214997336], [0.0758189335, -1.69983352e-08, -0.690392554], [0, 0, 1]], 1, 14700]
          - [[[ [0.0359739885, 3.92286781e-09, -1.04345834], [-0.150283292, 3.58172625e-09, 1.32335258], [-0.0509115234, 3.58172625e-09, 0.705609143], [-0.401073396, 0, 0.916045845]], [[-0.0225143656, 2.31234036e-08, -0.825383127], [-0.00640642643, 3.58172625e-09, -1.02543616], [0.141723424, 3.58172625e-09, -1.18656993], [-0.33646208, 0, 0.941697061]], [[-0.0198306125, 2.05800603e-08, -0.507322669], [-0.176431417, 3.58172625e-09, -0.737244546], [0.117420211, 3.58172625e-09, -1.1881696], [-0.0894210711, 0, 0.995993853]]], [[[0.0136499181, 2.18791811e-08, 0.529753029], [-0.0988540277, 3.58172625e-09, -0.481816709], [-0.000290734693, 3.58172625e-09, 0.167639166], [-0.0250655189, 0, 0.999685824]], [[0.10389854, 2.09239577e-08, 1.11002839], [-0.0449802466, 3.58172625e-09, 0.360876769], [0.051430434, 3.58172625e-09, 0.447604477], [0.0694662556, 0, 0.997584343]], [[0.314100683, 1.27818742e-08, 1.65066302], [-0.150283292, 3.58172625e-09, 1.32335258], [-0.0509115234, 3.58172625e-09, 0.705609143], [0.395290166, 0, 0.918556333]]], [[0, 0, 0], [-0.189480931, 3.58172625e-09, -0.681306064], [0.00762151927, 3.58172625e-09, -0.852054], [0, 0, 1]], 1, 14900]
          - [[[ [-0.0701201186, 1.2442225e-09, -1.35380399], [-0.0958181545, -1.8297456e-08, 0.937546909], [0.172445148, -1.8297456e-08, 1.35919583], [-0.312752277, 0, 0.949834824]], [[-0.059464857, -1.29912081e-09, -1.03591073], [-0.221779585, -1.8297456e-08, -1.26183498], [0.0606770813, -1.8297456e-08, -1.71998394], [-0.0644278899, 0, 0.997922361]], [[-0.0269241668, -2.18791829e-08, -0.529244483], [-0.233422875, -1.8297456e-08, -1.20558703], [-0.0406622142, -1.8297456e-08, -1.38122189], [0.0250655189, 0, 0.999685824]]], [[[0.104765177, -9.55223456e-10, 0.57783103], [-0.0628447235, -1.8297456e-08, -0.1673536], [0.0357095487, -1.8297456e-08, -0.0830697492], [0.0944494158, 0, 0.995529711]], [[0.328452587, -9.0973078e-09, 1.11302674], [-0.143989727, -1.8297456e-08, 0.797459364], [-0.0601332337, -1.8297456e-08, 0.177419156], [0.418190092, 0, 0.908359647]], [[0.615200579, -1.99912567e-08, 1.69518912], [-0.0958181545, -1.8297456e-08, 0.937546909], [0.172445148, -1.8297456e-08, 1.35919583], [0.574966669, 0, 0.818176746]]], [[0, 0, 0], [-0.137824133, -1.8297456e-08, -1.00843191], [-0.0230128467, -1.8297456e-08, -0.361650646], [0, 0, 1]], 1, 15100]
          - [[[ [-0.0110789388, -3.43897355e-10, -1.6220392], [0.0371479914, -1.73422325e-08, 0.907139242], [0.409938872, -1.73422325e-08, 1.40775478], [-0.15839304, 0, 0.987376153]], [[-0.0265380368, -2.09239595e-08, -1.11456442], [-0.168233469, -1.73422325e-08, -1.80738711], [0.0402540825, -1.73422325e-08, -1.96403074], [-0.0694662631, 0, 0.997584343]], [[-0.0497210547, 9.55223456e-10, -0.58514291], [-0.0916832611, -1.73422325e-08, -1.60208416], [-0.0384733379, -1.73422325e-08, -0.947350442], [-0.0944494158, 0, 0.995529711]]], [[[0.172138527, -8.14208434e-09, 0.553930521], [-0.268386662, -1.73422325e-08, 0.195151791], [-0.12634261, -1.73422325e-08, -0.414196432], [0.33052665, 0, 0.943796813]], [[0.40261972, -1.90360332e-08, 1.16057348], [-0.233661607, -1.73422325e-08, 0.339162946], [-0.00642204052, -1.73422325e-08, 0.784264326], [0.495120108, 0, 0.868824542]], [[0.716440737, -2.2633678e-08, 1.65956414], [0.0371479914, -1.73422325e-08, 0.907139242], [0.409938872, -1.73422325e-08, 1.40775478], [0.512297213, 0, 0.858808279]]], [[0, 0, 0], [-0.0964783877, -1.73422325e-08, -0.757684052], [-0.00632524863, -1.73422325e-08, -0.664468527], [0, 0, 1]], 1, 15300]
          - [[[ [-0.363971651, 1.27818742e-08, -1.64038801], [-0.19209969, 9.20014731e-09, 1.52395058], [0.0493684411, 9.20014731e-09, 0.971757591], [0.395290136, 0, 0.918556333]], [[-0.167103678, -9.09730691e-09, -1.14838421], [-0.463626087, 9.20014731e-09, -2.12203979], [-0.297438443, 9.20014731e-09, -1.48651683], [0.418190062, 0, 0.908359647]], [[-0.0206250101, -8.14208345e-09, -0.579694152], [-0.180003718, 9.20014731e-09, -1.32668257], [-0.234279767, 9.20014731e-09, -1.20890796], [0.33052662, 0, 0.943796813]]], [[[-0.017015785, 1.0893948e-08, 0.648727775], [0.312006414, 9.20014731e-09, -0.336824656], [0.244656295, 9.20014731e-09, 0.158369198], [-0.180123091, 0, 0.983644009]], [[-0.148269236, 1.44915928e-08, 1.22339964], [0.244148463, 9.20014731e-09, 0.288739234], [0.0577764213, 9.20014731e-09, 0.884435833], [-0.19964543, 0, 0.979868293]], [[-0.39259842, 2.3450287e-08, 1.71655476], [-0.19209969, 9.20014731e-09, 1.52395058], [0.0493684411, 9.20014731e-09, 0.971757591], [-0.279798716, 0, 0.960058749]]], [[0, 0, 0], [0.297180295, 9.20014731e-09, -0.484219491], [-0.0382861793, 9.20014731e-09, -1.01237094], [0, 0, 1]], 1, 15500]
          - [[[ [-0.471334487, -1.99912567e-08, -1.74068427], [-0.180901289, -1.6938011e-09, 1.36799979], [-0.0880596936, -1.6938011e-09, 0.839586854], [0.574966729, 0, 0.818176866]], [[-0.224817395, -1.90360332e-08, -1.20767987], [-0.51613915, -1.6938011e-09, -1.91374266], [-0.548313618, -1.6938011e-09, -1.78811824], [0.495120168, 0, 0.868824661]], [[-0.100113392, -1.08939489e-08, -0.641182184], [0.104987144, -1.6938011e-09, -1.17101085], [-0.320124745, -1.6938011e-09, -1.63009858], [0.180123121, 0, 0.983644187]]], [[[-0.025595054, 3.59764485e-09, 0.588914275], [0.192050397, -1.6938011e-09, -0.401142299], [0.116025373, -1.6938011e-09, 0.218380973], [-0.019883126, 0, 0.999802351]], [[-0.177099288, 1.255634e-08, 1.11801279], [-0.014572382, -1.6938011e-09, 0.892444313], [0.123483568, -1.6938011e-09, 0.305788994], [-0.102293611, 0, 0.994754314]], [[-0.242644906, -0.0131009482, 1.54456234], [-0.180901289, -1.6938011e-09, 1.36799979], [-0.0880596936, -1.6938011e-09, 0.839586854], [-0.210269272, 0, 0.97764349]]], [[0, 0, 0], [0.146119952, -1.6938011e-09, -1.02869737], [0.169067279, -1.6938011e-09, -0.529471517], [0, 0, 1]], 1, 15700]
          - [[[ [-0.234904826, -2.2633678e-08, -1.79227781], [-0.20257616, -5.29144595e-09, 0.897328377], [-0.317519486, -5.29144595e-09, 1.24823689], [0.512297213, 0, 0.858808279]], [[-0.0989618301, -1.44915937e-08, -1.22837162], [0.0955635905, -5.29144595e-09, -1.76217353], [-0.33859241, -5.29144595e-09, -2.21271801], [0.19964543, 0, 0.979868293]], [[0.0138805509, -3.59764485e-09, -0.589306712], [0.139517903, -5.29144595e-09, -1.62070596], [0.172386855, -5.29144595e-09, -1.12203515], [0.019883126, 0, 0.999802232]]], [[[-0.140954122, 8.95869512e-09, 0.532006264], [0.0170556158, -5.29144595e-09, 0.303250849], [0.143419757, -5.29144595e-09, -0.286033452], [-0.0824945569, 0, 0.996591508]], [[-0.198005676, -0.0131009519, 0.959774792], [-0.139784902, -5.29144595e-09, 0.782019496], [-0.0574680865, -5.29144595e-09, 0.251865], [-0.190789133, 0, 0.981630981]], [[-0.191417217, -2.17703944e-09, 1.34145689], [-0.20257616, -5.29144595e-09, 0.897328377], [-0.317519486, -5.29144595e-09, 1.24823689], [-0.0921938717, 0, 0.995741069]]], [[0, 0, 0], [0.197917044, -5.29144595e-09, -0.994188309], [0.134225085, -5.29144595e-09, -0.373275936], [0, 0, 1]], 1, 15900]
          - [[[ [-0.103372276, -2.34502888e-08, -1.75784183], [-0.0186303556, -1.42501406e-08, 0.868936896], [-0.148650944, -1.42501406e-08, 0.923728406], [0.279798687, 0, 0.960058749]], [[0.0618047118, -1.255634e-08, -1.13026404], [0.101928949, -1.42501406e-08, -2.16851234], [0.17582351, -1.42501406e-08, -1.67425251], [0.102293581, 0, 0.994754195]], [[0.0965860784, -8.95869512e-09, -0.541820884], [0.21181339, -1.42501406e-08, -1.54894757], [0.199560374, -1.42501406e-08, -0.924897313], [0.0824945569, 0, 0.996591508]]], [[[-0.0215685219, -0.0131009603, 0.431016862], [0.021789968, -1.42501406e-08, 0.249064595], [0.0600913465, -1.42501406e-08, -0.286073565], [-0.109159589, 0, 0.994024158]], [[0.0164841712, -1.11357341e-08, 0.810854435], [-0.0312749594, -1.42501406e-08, 0.369160354], [-0.11687839, -1.42501406e-08, 0.72835505], [-0.00973647833, 0, 0.999952555]], [[0.0647589564, 2.77815602e-08, 1.06831551], [-0.0186303556, -1.42501406e-08, 0.868936896], [-0.148650944, -1.42501406e-08, 0.923728406], [0.327218235, 0, 0.944948912]]], [[0, 0, 0], [0.138600081, -1.42501406e-08, -0.241010681], [0.215920776, -1.42501406e-08, -0.838710785], [0, 0, 1]], 1, 16100]
          - [[[ [-0.0875537395, 0.0131009482, -1.56105208], [0.198913872, 0.0131009463, 0.82559979], [0.0291374922, 0.0131009463, 0.633343577], [0.210269272, 0, 0.97764349]], [[0.0112539828, 0.0131009519, -0.979922116], [0.0158551931, 0.0131009463, -1.99360859], [0.0717964768, 0.0131009463, -1.37194991], [0.190789074, 0, 0.98163116]], [[-0.0256099701, 0.0131009603, -0.43079567], [0.0858532488, 0.0131009463, -0.685495615], [0.0974671841, 0.0131009463, -1.28806424], [0.109159589, 0, 0.994024277]]], [[[0.0792882144, 0.0131009491, 0.37341398], [-0.016400652, 0.0131009463, -0.0604273267], [-0.0622830391, 0.0131009463, 0.305965364], [0.0994761586, 0, 0.99503994]], [[0.155378878, 0.0131009882, 0.62406683], [0.0507237613, 0.0131009463, 0.434982419], [-0.0725388229, 0.0131009463, 0.50363946], [0.428413093, 0, 0.903583169]], [[0.220788121, 0.013100978, 0.806404114], [0.198913872, 0.0131009463, 0.82559979], [0.0291374922, 0.0131009463, 0.633343577], [0.60065347, 0, 0.799509525]]], [[0, 0, 0], [0.0232375637, 0.0131009463, -0.185597956], [0.00289458036, 0.0131009463, -0.721719265], [0, 0, 1]], 1, 16300]
          - [[[ [0.0669277906, 2.17703944e-09, -1.35339117], [0.0964312851, -3.11440651e-09, 0.507725596], [0.0710747093, -3.11440651e-09, 0.554895759], [0.0921938717, 0, 0.995741069]], [[-0.0243782401, 1.11357341e-08, -0.810655534], [0.11186865, -3.11440651e-09, -1.05300426], [0.183366179, -3.11440651e-09, -1.6514287], [0.00973647833, 0, 0.999952555]], [[-0.0417491645, -0.0131009491, -0.379449069], [-0.000164300203, -3.11440651e-09, -0.561814904], [0.0329249501, -3.11440651e-09, -1.09730065], [-0.0994761586, 0, 0.99503988]]], [[[0.0507792681, 3.89172925e-08, 0.25697878], [-0.0345473774, -3.11440651e-09, 0.0584215522], [-0.164028317, -3.11440651e-09, 0.114476398], [0.336403191, 0, 0.941718102]], [[0.0977258533, 2.89159043e-08, 0.444918334], [0.0740505904, -3.11440651e-09, 0.461842775], [-0.0757587701, -3.11440651e-09, 0.2536515], [0.518142045, 0, 0.855294585]], [[0.223833412, 2.398696e-08, 0.596942544], [0.0964312851, -3.11440651e-09, 0.507725596], [0.0710747093, -3.11440651e-09, 0.554895759], [0.756871581, 0, 0.653563678]]], [[0, 0, 0], [-0.0520574003, -3.11440651e-09, -0.441208124], [-0.134159535, -3.11440651e-09, -0.0811970234], [0, 0, 1]], 1, 16500]
          - [[[ [0.288378328, -2.77815602e-08, -1.03069377], [-0.0451855361, -4.20317008e-08, 0.253979355], [0.172249809, -4.20317008e-08, 0.70506072], [-0.327218175, 0, 0.944948733]], [[0.12696065, -0.0131009882, -0.630462468], [0.227470309, -4.20317008e-08, -0.788210392], [0.438770086, -4.20317008e-08, -1.28135562], [-0.428413033, 0, 0.903582871]], [[0.0386287197, -3.89172925e-08, -0.259083867], [0.138029128, -4.20317008e-08, -0.692089796], [-0.0603967831, -4.20317008e-08, -0.380680233], [-0.336403161, 0, 0.941717982]]], [[[-0.0190129988, -1.00013899e-08, 0.192779049], [-0.0470018722, -4.20317008e-08, 0.20075269], [-0.11804384, -4.20317008e-08, -0.0457011536], [0.200219899, 0, 0.979750931]], [[0.0486033447, -1.49303343e-08, 0.378365934], [-0.0413606763, -4.20317008e-08, 0.251490295], [-0.0811076164, -4.20317008e-08, 0.287381262], [0.492898732, 0, 0.87008667]], [[0.240809828, -1.47808237e-08, 0.530194342], [-0.0451855361, -4.20317008e-08, 0.253979355], [0.172249809, -4.20317008e-08, 0.70506072], [0.776306748, 0, 0.630355239]]], [[0, 0, 0], [-0.0135583617, -4.20317008e-08, -0.215689078], [-0.154349923, -4.20317008e-08, -0.206459001], [0, 0, 1]], 1, 16700]
          - [[[ [0.307847172, -0.013100978, -0.777344882], [0.0022374196, -3.20303108e-08, 0.215436608], [0.19886905, -3.20303108e-08, 0.692640603], [-0.60065341, 0, 0.799509406]], [[0.14694649, -2.89159043e-08, -0.431172132], [0.331030548, -3.20303108e-08, -0.835508227], [0.0742721707, -3.20303108e-08, -0.570133209], [-0.518142045, 0, 0.855294585]], [[0.0572262108, 1.00013899e-08, -0.185068697], [0.0871276408, -3.20303108e-08, -0.399104923], [-0.0526610762, -3.20303108e-08, -0.418251038], [-0.200219929, 0, 0.97975105]]], [[[0.0290889889, -4.92894436e-09, 0.195367083], [-0.0336503163, -3.20303108e-08, 0.0530479439], [-0.0797785074, -3.20303108e-08, 0.0802540332], [0.308709353, 0, 0.951156437]], [[0.187004417, -4.77943374e-09, 0.382604688], [-0.0378960893, -3.20303108e-08, 0.0547208041], [0.0848209411, -3.20303108e-08, 0.540203094], [0.634377599, 0, 0.773023188]], [[0.389904082, -1.01126094e-08, 0.529609203], [0.0022374196, -3.20303108e-08, 0.215436608], [0.19886905, -3.20303108e-08, 0.692640603], [0.985438406, 0, 0.17003274]]], [[0, 0, 0], [-0.0290186051, -3.20303108e-08, 0.00220823986], [-0.0492770858, -3.20303108e-08, -0.253479183], [0, 0, 1]], 1, 16900]
          - [[[ [-0.305519432, 2.398696e-08, -0.559553087], [-0.195314482, 2.71013665e-08, 0.532442212], [-0.100510657, 2.71013665e-08, 0.598349631], [0.756871581, 0, 0.653563678]], [[-0.144206986, -1.49303343e-08, -0.353167713], [-0.238722891, 2.71013665e-08, -0.547518849], [-0.11167255, 2.71013665e-08, -0.608883858], [0.492898792, 0, 0.870086789]], [[-0.0326434635, -4.92894436e-09, -0.194804698], [-0.0043605268, 2.71013665e-08, -0.20166263], [-0.0640246421, 2.71013665e-08, -0.45111534], [0.308709353, 0, 0.951156437]]], [[[-0.0924002826, -1.49510626e-10, 0.226842225], [0.0202944688, 2.71013665e-08, -0.154455543], [0.0534443036, 2.71013665e-08, 0.345197976], [-0.364752889, 0, 0.931104302]], [[-0.240007922, 5.18366505e-09, 0.429303527], [0.0317356884, 2.71013665e-08, 0.0107999183], [-0.00797441602, 2.71013665e-08, 0.525397599], [-0.884815454, 0, 0.465941787]], [[-0.422873348, 1.93138714e-08, 0.611262083], [-0.195314482, 2.71013665e-08, 0.532442212], [-0.100510657, 2.71013665e-08, 0.598349631], [-0.975358903, 0, -0.220624074]]], [[0, 0, 0], [0.0157396458, 2.71013665e-08, -0.154735968], [0.0680135489, 2.71013665e-08, -0.143098935], [0, 0, 1]], 1, 17100]
          - [[[ [-0.259797752, -1.47808237e-08, -0.521153152], [-0.234370381, 2.72508771e-08, 0.786085963], [0.0150593519, 2.72508771e-08, 0.416328043], [0.776306927, 0, 0.630355358]], [[-0.0981571078, -4.77943374e-09, -0.414393783], [-0.0743241906, 2.72508771e-08, -0.431095511], [-0.220866293, 2.72508771e-08, -0.641599417], [0.634377718, 0, 0.773023307]], [[0.00329294801, 1.49510626e-10, -0.244917065], [-0.0384921879, 2.72508771e-08, -0.394733489], [0.0144249052, 2.72508771e-08, -0.402965248], [0.364752889, 0, 0.931104422]]], [[[-0.0635897741, 5.33317568e-09, 0.242352918], [0.0367814898, 2.72508771e-08, -0.246436909], [0.187508225, 2.72508771e-08, 0.247191638], [-0.653901935, 0, 0.756579459]], [[-0.167486668, 1.9463382e-08, 0.478476018], [0.015644595, 2.72508771e-08, 0.322083712], [0.127956778, 2.72508771e-08, 0.348870426], [-0.988634229, 0, 0.150340945]], [[-0.253572375, -1.86754789e-09, 0.716604233], [-0.234370381, 2.72508771e-08, 0.786085963], [0.0150593519, 2.72508771e-08, 0.416328043], [-0.97960341, 0, -0.200941116]]], [[0, 0, 0], [-0.0341488868, 2.72508771e-08, -0.39613378], [0.178967133, 2.72508771e-08, 0.0570043176], [0, 0, 1]], 1, 17300]
          - [[[ [-0.455600798, -1.01126094e-08, -0.474277318], [0.279989243, 2.19177014e-08, 0.569506943], [0.219335765, 2.19177014e-08, 0.257261604], [0.985438406, 0, 0.17003274]], [[-0.268024653, -5.18366505e-09, -0.412393123], [-0.397603661, 2.19177014e-08, -0.498417795], [-0.362950444, 2.19177014e-08, -0.539248347], [0.884815454, 0, 0.465941787]], [[-0.11036431, -5.33317568e-09, -0.224940673], [-0.395233244, 2.19177014e-08, -0.50231725], [0.0623137467, 2.19177014e-08, -0.298839331], [0.653901815, 0, 0.756579399]]], [[[0.0757950842, 1.41302063e-08, 0.246584237], [0.112083197, 2.19177014e-08, 0.00851117633], [0.214572161, 2.19177014e-08, -0.0446636938], [-0.649672031, 0, 0.760214627]], [[0.166376859, -7.20072357e-09, 0.483038694], [0.226338953, 2.19177014e-08, 0.523050904], [0.173266947, 2.19177014e-08, 0.0801971853], [-0.872543454, 0, 0.488536537]], [[0.173159152, 1.3004712e-08, 0.654994965], [0.279989243, 2.19177014e-08, 0.569506943], [0.219335765, 2.19177014e-08, 0.257261604], [-0.911796689, 0, 0.410641938]]], [[0, 0, 0], [-0.243681729, 2.19177014e-08, -0.435441226], [0.193139598, 2.19177014e-08, -0.160532564], [0, 0, 1]], 1, 17500]
          - [[[ [-0.689495921, -1.93138714e-08, -0.277594119], [0.377336025, 7.78749509e-09, 0.0898108333], [0.406005621, 7.78749509e-09, 0.338415205], [0.975358903, 0, -0.220624074]], [[-0.447857618, -1.9463382e-08, -0.237517565], [-0.84462297, 7.78749509e-09, -0.263311923], [-0.364595115, 7.78749509e-09, -0.405880481], [0.988634109, 0, 0.150340945]], [[-0.217819393, -1.41302063e-08, -0.138214976], [-0.68596375, 7.78749509e-09, -0.31093055], [-0.175285384, 7.78749509e-09, -0.385731578], [0.649672031, 0, 0.760214627]]], [[[0.222479433, -2.13309299e-08, 0.120907687], [0.294058323, 7.78749509e-09, 0.11236988], [-0.0339974798, 7.78749509e-09, -0.189814597], [-0.345931739, 0, 0.938259661]], [[0.339350581, -1.12549436e-09, 0.247225061], [0.365025222, 7.78749509e-09, 0.112831324], [0.116058521, 7.78749509e-09, -0.0851372629], [-0.426378578, 0, 0.90454483]], [[0.406696856, 7.0580799e-09, 0.425385296], [0.377336025, 7.78749509e-09, 0.0898108333], [0.406005621, 7.78749509e-09, 0.338415205], [-0.443054587, 0, 0.896494627]]], [[0, 0, 0], [-0.127082646, 7.78749509e-09, -0.204561979], [-0.08371526, 7.78749509e-09, -0.311570495], [0, 0, 1]], 1, 17700]
          - [[[ [-0.752940893, 1.86754789e-09, -0.104405046], [0.188163534, 2.9118425e-08, -0.052105926], [0.4224374, 2.9118425e-08, 0.446089], [0.979603291, 0, -0.200941116]], [[-0.502753437, 7.20072357e-09, -0.0908109844], [-1.00174224, 2.9118425e-08, -0.090917021], [-0.548469305, 2.9118425e-08, -0.337759674], [0.872543454, 0, 0.488536537]], [[-0.250569284, 2.13309299e-08, -0.036480099], [-0.440570325, 2.9118425e-08, -0.184450433], [-0.436898082, 2.9118425e-08, -0.299854368], [0.345931739, 0, 0.938259661]]], [[[0.153352678, 2.02054355e-08, 0.0780890733], [0.130951092, 2.9118425e-08, -0.0568888374], [-0.17112796, 2.9118425e-08, -0.156509295], [-0.0871430337, 0, 0.996195793]], [[0.278172255, 2.83890103e-08, 0.221952394], [0.134538293, 2.9118425e-08, -0.0827467442], [0.247437969, 2.9118425e-08, 0.140591025], [-0.10557431, 0, 0.994411409]], [[0.371516287, 3.1599658e-08, 0.371827453], [0.188163534, 2.9118425e-08, -0.052105926], [0.4224374, 2.9118425e-08, 0.446089], [-0.179437041, 0, 0.983769417]]], [[0, 0, 0], [0.0642060861, 2.9118425e-08, -0.0327720828], [-0.348130643, 2.9118425e-08, -0.202814668], [0, 0, 1]], 1, 17900]
          - [[[ [-0.668328643, -1.3004712e-08, -0.111082435], [0.191170856, 8.91298946e-09, 0.0717635527], [0.346680641, 8.91298946e-09, 0.430348128], [0.911796808, 0, 0.410641968]], [[-0.412369341, 1.12549436e-09, -0.0789343268], [-0.614542186, 8.91298946e-09, -0.209784523], [-0.620940566, 8.91298946e-09, -0.325069427], [0.426378667, 0, 0.90454483]], [[-0.15957424, -2.02054355e-08, -0.0644283891], [-0.0984682515, 8.91298946e-09, -0.102670923], [-0.524054468, 8.91298946e-09, -0.236134365], [0.0871430337, 0, 0.996195912]]], [[[0.136881411, 8.18357382e-09, 0.132438883], [-0.032758534, 8.91298946e-09, -0.158584431], [0.0991739854, 8.91298946e-09, 0.0540652983], [-0.0185166001, 0, 0.999828696]], [[0.242930919, 1.13942242e-08, 0.273609549], [0.0233328342, 8.91298946e-09, -0.132733256], [0.300129712, 8.91298946e-09, 0.343151152], [-0.0930258036, 0, 0.995663762]], [[0.358723074, 1.32759537e-08, 0.417372704], [0.191170856, 8.91298946e-09, 0.0717635527], [0.346680641, 8.91298946e-09, 0.430348128], [-0.262358636, 0, 0.964970529]]], [[0, 0, 0], [-0.0340787545, 8.91298946e-09, -0.132512301], [-0.343689919, 8.91298946e-09, -0.205429688], [0, 0, 1]], 1, 18100]
          - [[[ [-0.553070426, -7.0580799e-09, -0.201166704], [0.441762567, 7.29415306e-10, 0.292894602], [0.233697921, 7.29415306e-10, 0.321814805], [0.443054587, 0, 0.896494627]], [[-0.30005011, -2.83890103e-08, -0.191344172], [-0.239662722, 7.29415306e-10, -0.230711594], [-0.667647243, 7.29415306e-10, -0.356271744], [0.10557431, 0, 0.994411409]], [[-0.139310256, -8.18357382e-09, -0.129881591], [-0.175836861, 7.29415306e-10, -0.261740148], [-0.486745059, 7.29415306e-10, -0.328912079], [0.0185166299, 0, 0.999828577]]], [[[0.108645312, 3.21064997e-09, 0.139182761], [-0.118439183, 7.29415306e-10, -0.263024092], [0.167121992, 7.29415306e-10, 0.207653314], [-0.0745735168, 0, 0.997215509]], [[0.227079615, 5.09237941e-09, 0.280777186], [0.0531566292, 7.29415306e-10, -0.0616701916], [0.21527949, 7.29415306e-10, 0.293973356], [-0.244445622, 0, 0.969663024]], [[0.384916186, 9.74069359e-09, 0.417172223], [0.441762567, 7.29415306e-10, 0.292894602], [0.233697921, 7.29415306e-10, 0.321814805], [-0.367381096, 0, 0.930070519]]], [[0, 0, 0], [-0.174999624, 7.29415306e-10, -0.28783226], [-0.0391521752, 7.29415306e-10, -0.0776619315], [0, 0, 1]], 1, 18300]
          - [[[ [-0.432206035, -3.1599658e-08, -0.299128741], [0.484336257, -2.48123455e-09, 0.271631688], [0.166974932, -2.48123455e-09, 0.19436051], [0.179437101, 0, 0.983769536]], [[-0.267330259, -1.13942242e-08, -0.249824271], [-0.313588291, -2.48123455e-09, -0.378591746], [-0.628640115, -2.48123455e-09, -0.422391117], [0.0930258036, 0, 0.995663762]], [[-0.118722156, -3.21064997e-09, -0.130693167], [-0.314699173, -2.48123455e-09, -0.404673636], [-0.163556844, -2.48123455e-09, -0.20521912], [0.0745735466, 0, 0.997215629]]], [[[0.128663704, 1.88172966e-09, 0.132368088], [-0.0703125149, -2.48123455e-09, -0.196155727], [0.117880553, -2.48123455e-09, 0.146407515], [-0.171453834, 0, 0.985192239]], [[0.296232283, 6.53004317e-09, 0.256612927], [0.343652546, -2.48123455e-09, 0.128442109], [0.138323903, -2.48123455e-09, 0.172797903], [-0.296999544, 0, 0.954877734]], [[0.399428278, 1.5758042e-08, 0.375101596], [0.484336257, -2.48123455e-09, 0.271631688], [0.166974932, -2.48123455e-09, 0.19436051], [-0.26820755, 0, 0.963361263]]], [[0, 0, 0], [-0.256446213, -2.48123455e-09, -0.384152502], [0.0634199232, -2.48123455e-09, 0.0639190823], [0, 0, 1]], 1, 18500]
          - [[[ [-0.455658406, -1.32759537e-08, -0.308638185], [0.378054976, -4.36296421e-09, 0.0882922113], [0.198589593, -4.36296421e-09, 0.142976537], [0.262358606, 0, 0.96497041]], [[-0.288825452, -5.09237941e-09, -0.216750622], [-0.528875411, -4.36296421e-09, -0.453072965], [-0.345773965, -4.36296421e-09, -0.282485932], [0.244445622, 0, 0.969663024]], [[-0.149453476, -1.88172966e-09, -0.108348116], [-0.467966616, -4.36296421e-09, -0.442843407], [-0.076013498, -4.36296421e-09, -0.0562491268], [0.171453804, 0, 0.98519212]]], [[[0.186389491, 4.64831373e-09, 0.093674764], [0.211132184, -4.36296421e-09, -0.040728502], [0.016448997, -4.36296421e-09, 0.0381748453], [-0.128884166, 0, 0.991659701]], [[0.308372706, 1.38763125e-08, 0.192715526], [0.374283046, -4.36296421e-09, 0.0762199685], [0.048372753, -4.36296421e-09, 0.0545058288], [-0.0990639627, 0, 0.995081067]], [[0.329844296, 8.69800054e-09, 0.354558289], [0.378054976, -4.36296421e-09, 0.0882922113], [0.198589593, -4.36296421e-09, 0.142976537], [-0.12159574, 0, 0.992579699]]], [[0, 0, 0], [-0.25235644, -4.36296421e-09, -0.289543808], [-0.0082163671, -4.36296421e-09, 0.0156803373], [0, 0, 1]], 1, 18700]
          - [[[ [-0.51126039, -9.74069359e-09, -0.246588647], [0.189447731, -9.01127795e-09, 0.0104695857], [0.190910935, -9.01127795e-09, 0.41580072], [0.367381096, 0, 0.930070519]], [[-0.35907948, -6.53004317e-09, -0.157053113], [-0.718047321, -9.01127795e-09, -0.447707295], [-0.27953729, -9.01127795e-09, -0.114853896], [0.296999514, 0, 0.954877615]], [[-0.196908146, -4.64831373e-09, -0.068870835], [-0.48447746, -9.01127795e-09, -0.323475003], [-0.203035042, -9.01127795e-09, -0.0522623174], [0.128884166, 0, 0.991659701]]], [[[0.13373062, 9.22799881e-09, 0.0824930221], [0.184076816, -9.01127795e-09, -0.0415257327], [-0.141913906, -9.01127795e-09, -0.0210540853], [0.0300124288, 0, 0.999549508]], [[0.175882101, 4.04968681e-09, 0.240218639], [0.18937324, -9.01127795e-09, -0.0300403051], [0.0184525643, -9.01127795e-09, 0.0473181829], [0.00734621286, 0, 0.999973059]], [[0.163132772, -1.39559466e-08, 0.526608586], [0.189447731, -9.01127795e-09, 0.0104695857], [0.190910935, -9.01127795e-09, 0.41580072], [-0.00775331259, 0, 0.9999699]]], [[0, 0, 0], [0.0072138831, -9.01127795e-09, -0.136471242], [-0.175676197, -9.01127795e-09, -0.0331343971], [0, 0, 1]], 1, 18900]
          - [[[ [-0.48539868, -1.5758042e-08, -0.254228652], [0.0753614604, -1.82392768e-08, -0.0478070304], [0.0474983752, -1.82392768e-08, 0.620549977], [0.26820752, 0, 0.963361144]], [[-0.325947016, -1.38763125e-08, -0.161218941], [-0.605745435, -1.82392768e-08, -0.424339056], [-0.332569569, -1.82392768e-08, -0.144801781], [0.0990639627, 0, 0.995081067]], [[-0.131194547, -9.22799881e-09, -0.0864694417], [-0.119888082, -1.82392768e-08, -0.222662687], [-0.305797189, -1.82392768e-08, -0.124861382], [-0.0300124288, 0, 0.999549508]]], [[[0.0373987518, -5.178312e-09, 0.158919632], [0.0589949414, -1.82392768e-08, -0.110812664], [-0.11417044, -1.82392768e-08, -0.0386187658], [-0.0226687193, 0, 0.999742985]], [[0.0160599053, -2.31839454e-08, 0.444797873], [0.0578536019, -1.82392768e-08, -0.0703187808], [0.0471511707, -1.82392768e-08, 0.334873646], [-0.0377613902, 0, 0.999286711]], [[-0.0693759769, -1.77582198e-08, 0.836885214], [0.0753614604, -1.82392768e-08, -0.0478070304], [0.0474983752, -1.82392768e-08, 0.620549977], [-0.189389586, 0, 0.981902063]]], [[0, 0, 0], [0.0540456176, -1.82392768e-08, -0.122451872], [-0.272412628, -1.82392768e-08, -0.111773223], [0, 0, 1]], 1, 19100]
          - [[[ [-0.370509505, -8.69800054e-09, -0.311819732], [-0.0113203302, -1.30609648e-08, 0.42666167], [0.0230671316, -1.30609648e-08, 0.526934981], [0.12159574, 0, 0.992579699]], [[-0.174112648, -4.04968681e-09, -0.241504222], [-0.165896401, -1.30609648e-08, -0.37791878], [-0.349540681, -1.30609648e-08, -0.275928289], [-0.00734621286, 0, 0.999973059]], [[-0.0409916416, 5.178312e-09, -0.158031017], [0.0102642626, -1.30609648e-08, -0.281676561], [-0.31586802, -1.30609648e-08, -0.26360029], [0.0226687193, 0, 0.999742985]]], [[[-0.0148528591, -1.80056325e-08, 0.28628853], [0.0152530558, -1.30609648e-08, -0.229643196], [0.01373858, -1.30609648e-08, 0.17568773], [-0.0150991082, 0, 0.999885917]], [[-0.0913786814, -1.25799078e-08, 0.680211842], [0.0332667306, -1.30609648e-08, -0.207534119], [0.0205615982, -1.30609648e-08, 0.46128279], [-0.167082429, 0, 0.9859429]], [[-0.169920519, 7.83851117e-09, 1.30762267], [-0.0113203302, -1.30609648e-08, 0.42666167], [0.0230671316, -1.30609648e-08, 0.526934981], [-0.11427477, 0, 0.993449211]]], [[0, 0, 0], [0.015476156, -1.30609648e-08, -0.270152539], [-0.156008184, -1.30609648e-08, -0.194051772], [0, 0, 1]], 1, 19300]
          - [[[ [-0.167210847, 1.39559466e-08, -0.525327921], [-0.0525499284, 4.94466867e-09, 1.26318073], [-0.047399573, 4.94466867e-09, 0.426442116], [0.00775334239, 0, 0.999970078]], [[-0.0328446403, 2.31839454e-08, -0.44387424], [0.0165384859, 4.94466867e-09, -0.568279624], [-0.309283704, 4.94466867e-09, -0.545281053], [0.0377613902, 0, 0.99928683]], [[0.0105284601, 1.80056325e-08, -0.286480159], [0.0219237879, 4.94466867e-09, -0.556835592], [-0.148391962, 4.94466867e-09, -0.478154212], [0.0150991082, 0, 0.999886096]]], [[[-0.0705692023, 5.42572565e-09, 0.395033896], [0.0406578183, 4.94466867e-09, -0.494492948], [0.0380526781, 4.94466867e-09, 0.174439579], [-0.152176529, 0, 0.988353372]], [[-0.139628738, 2.58441446e-08, 1.02355909], [0.00565163046, 4.94466867e-09, 0.140303805], [0.0415492244, 4.94466867e-09, 0.240046471], [-0.0992615521, 0, 0.995061457]], [[-0.18084088, 1.7111887e-08, 1.59096718], [-0.0525499284, 4.94466867e-09, 1.26318073], [-0.047399573, 4.94466867e-09, 0.426442116], [-0.0987901539, 0, 0.995108306]]], [[0, 0, 0], [0.0223123729, 4.94466867e-09, -0.5163275], [0.0269182045, 4.94466867e-09, -0.111019894], [0, 0, 1]], 1, 19500]
          - [[[ [-0.0903769135, 1.7758218e-08, -0.834878445], [0.112173721, -4.81056917e-10, 1.1013509], [0.177383199, -4.81056917e-10, 1.09328842], [0.189389557, 0, 0.981902063]], [[-0.0235572904, 1.25799069e-08, -0.685917854], [-0.0534364209, -4.81056917e-10, -0.954858661], [-0.209795088, -4.81056917e-10, -0.851175547], [0.167082414, 0, 0.9859429]], [[0.00963242352, -5.4257252e-09, -0.401172042], [-0.0468879864, -4.81056917e-10, -0.914881408], [0.0193424933, -4.81056917e-10, -0.514995217], [0.152176529, 0, 0.988353252]]], [[[0.0273915455, 2.04184172e-08, 0.631714165], [0.0365691744, -4.81056917e-10, -0.263362348], [0.0872271731, -4.81056917e-10, -0.170244113], [0.0533195063, 0, 0.998577535]], [[0.0730055869, 1.16861614e-08, 1.19878531], [0.14992097, -4.81056917e-10, 0.855293691], [0.0276793726, -4.81056917e-10, 0.0275165308], [0.0537925437, 0, 0.998552144]], [[0.00692178309, 8.18653323e-09, 1.81122088], [0.112173721, -4.81056917e-10, 1.1013509], [0.177383199, -4.81056917e-10, 1.09328842], [-0.151183531, 0, 0.988505781]]], [[0, 0, 0], [-0.0254334956, -4.81056917e-10, -0.896092892], [0.0737875253, -4.81056917e-10, -0.234554812], [0, 0, 1]], 1, 19700]
          - [[[ [0.0193791389, -7.83851117e-09, -1.31847429], [0.133185774, -2.08994759e-08, 1.03961086], [0.137463182, -2.08994759e-08, 1.51844835], [0.11427477, 0, 0.993449211]], [[0.0373391211, -2.58441446e-08, -1.03236389], [0.0082898438, -2.08994759e-08, -1.54835618], [0.0531043708, -2.08994759e-08, -1.14550745], [0.0992615372, 0, 0.995061338]], [[0.00633011013, -2.0418419e-08, -0.632276058], [0.0287120193, -2.08994759e-08, -1.52845049], [0.0925190225, -2.08994759e-08, -0.862562954], [-0.0533195138, 0, 0.998577535]]], [[[0.0153132007, -8.7322567e-09, 0.568696558], [0.110433981, -2.08994759e-08, 0.229794636], [0.0325029418, -2.08994759e-08, -0.603322864], [0.000473722816, 0, 0.99999994]], [[-0.0833313614, -1.22318848e-08, 1.17673743], [0.0596207753, -2.08994759e-08, 0.473489195], [0.1251674, -2.08994759e-08, 0.468915075], [-0.203675121, 0, 0.979038596]], [[-0.303368479, 1.87469595e-10, 1.70317435], [0.133185774, -2.08994759e-08, 1.03961086], [0.137463182, -2.08994759e-08, 1.51844835], [-0.60150063, 0, 0.798872292]]], [[0, 0, 0], [0.0568896234, -2.08994759e-08, -0.893313944], [0.102510542, -2.08994759e-08, -0.797627151], [0, 0, 1]], 1, 19900]
          - [[[ [0.0227843374, -1.71118852e-08, -1.60105002], [-0.215397686, -1.21672183e-08, 1.53231549], [0.038551122, -1.21672183e-08, 1.09665608], [0.0987901688, 0, 0.995108306]], [[-0.00841417909, -1.16861614e-08, -1.20097685], [0.0143922269, -1.21672183e-08, -2.09714055], [0.0778838098, -1.21672183e-08, -1.43122292], [-0.0537925288, 0, 0.998552263]], [[-0.0150438026, 8.73225581e-09, -0.56870383], [0.0422689617, -1.21672183e-08, -1.46199083], [0.0878445655, -1.21672183e-08, -1.36628234], [-0.000473707914, 0, 1]]], [[[-0.0989325866, -3.49962792e-09, 0.60799408], [0.044352673, -1.21672183e-08, -0.0951864049], [0.109901443, -1.21672183e-08, -0.0997294858], [-0.204138875, 0, 0.978942096]], [[-0.319219053, 8.9197254e-09, 1.13432682], [0.117649488, -1.21672183e-08, 0.470970124], [0.121700063, -1.21672183e-08, 0.949809611], [-0.601879001, 0, 0.798587322]], [[-0.595083833, 1.73656343e-08, 1.58907616], [-0.215397686, -1.21672183e-08, 1.53231549], [0.038551122, -1.21672183e-08, 1.09665608], [-0.752745509, 0, 0.658311665]]], [[0, 0, 0], [0.0952813104, -1.21672183e-08, -0.338856876], [0.0177449286, -1.21672183e-08, -1.17201126], [0, 0, 1]], 1, 20100]
          - [[[ [0.280669004, 8.18653412e-09, -1.78935575], [0.0436752178, 8.66759109e-09, 1.13910961], [0.141467392, 8.66759109e-09, 1.2602452], [-0.151183546, -0, 0.988505781]], [[0.158087522, -1.22318848e-08, -1.1690439], [0.284336209, 8.66759109e-09, -2.05521965], [0.220182538, 8.66759109e-09, -1.97083032], [-0.203675121, -0, 0.979038596]], [[0.0272659529, -3.49962814e-09, -0.615386844], [0.00316494144, 8.66759109e-09, -0.966558695], [0.249147728, 8.66759109e-09, -1.76634014], [-0.204138875, -0, 0.978941977]]], [[[0.108202733, -1.24193544e-08, 0.560218155], [-0.184049368, 8.66759109e-09, -0.178351283], [-0.285764396, 8.66759109e-09, 0.289577901], [0.426181912, 0, 0.904637516]], [[0.285426259, -2.08652633e-08, 1.06170607], [-0.0746773481, 8.66759109e-09, 0.928632021], [-0.234343469, 8.66759109e-09, 0.450305909], [0.602507174, 0, 0.798113465]], [[0.702830911, 4.24399094e-09, 1.50874519], [0.0436752178, 8.66759109e-09, 1.13910961], [0.141467392, 8.66759109e-09, 1.2602452], [0.646295846, 0, 0.763086975]]], [[0, 0, 0], [0.00327850692, 8.66759109e-09, -0.717622876], [-0.0599625185, 8.66759109e-09, -0.7354514], [0, 0, 1]], 1, 20300]
          - [[[ [0.782107711, 1.87469595e-10, -1.54309511], [-0.22588414, 2.10869455e-08, 0.665577054], [0.294106245, 2.10869455e-08, 1.49486613], [-0.60150063, -0, 0.798872292]], [[0.427803099, 8.91972629e-09, -1.09799004], [0.555663466, 2.10869455e-08, -1.42594469], [1.11904109, 2.10869455e-08, -2.04462361], [-0.601879001, -0, 0.798587203]], [[0.140870571, 1.24193544e-08, -0.552908361], [0.449674308, 2.10869455e-08, -1.20069969], [0.400062263, 2.10869455e-08, -1.24378014], [-0.426181912, 0, 0.904637516]]], [[[-0.0534020364, -8.44590886e-09, 0.529194236], [-0.322451532, 2.10869455e-08, 0.255340874], [-0.263037503, 2.10869455e-08, -0.245417684], [0.204909056, 0, 0.978780925]], [[0.13367784, 1.66633463e-08, 1.11149287], [-0.30508709, 2.10869455e-08, 0.496186435], [-0.268246412, 2.10869455e-08, 0.647447526], [0.259449631, 0, 0.965756655]], [[0.349393666, 2.1353225e-08, 1.6079365], [-0.22588414, 2.10869455e-08, 0.665577054], [0.294106245, 2.10869455e-08, 1.49486613], [0.394018412, 0, 0.91910249]]], [[0, 0, 0], [0.0503827035, 2.10869455e-08, -0.792690098], [-0.241055444, 2.10869455e-08, -0.412732959], [0, 0, 1]], 1, 20500]
          - [[[ [0.804419279, 1.7365636e-08, -1.49405396], [0.0981484652, 2.95328544e-08, 0.896223426], [0.188571632, 2.95328544e-08, 1.24940431], [-0.752745569, -0, 0.658311725]], [[0.411882997, 2.08652633e-08, -1.01933336], [0.846872568, 2.95328544e-08, -1.59010255], [0.807140827, 2.95328544e-08, -1.64243484], [-0.602507234, 0, 0.798113585]], [[0.160705596, 8.44590886e-09, -0.507022738], [0.372448653, 2.95328544e-08, -1.27256906], [0.00933778286, 2.95328544e-08, -0.960392475], [-0.204909086, 0, 0.978781104]]], [[[0.0637919605, 2.51092551e-08, 0.608277321], [-0.239580959, 2.95328544e-08, -0.0838799551], [-0.234516785, 2.95328544e-08, 0.071720548], [0.0560521185, 0, 0.998427987]], [[0.173204839, 2.97991338e-08, 1.13838911], [-0.196768314, 2.95328544e-08, 0.0981458426], [0.142259508, 2.95328544e-08, 1.01638913], [0.197325319, 0, 0.980338097]], [[0.225053072, -7.35306457e-05, 1.73456991], [0.0981484652, 2.95328544e-08, 0.896223426], [0.188571632, 2.95328544e-08, 1.24940431], [0.232743382, 0, 0.972538352]]], [[0, 0, 0], [-0.207225531, 2.95328544e-08, -0.323173165], [-0.0464622676, 2.95328544e-08, -0.801131725], [0, 0, 1]], 1, 20700]
          - [[[ [0.438774645, -4.24399094e-09, -1.60554028], [0.134911895, 4.42360015e-09, 1.50674772], [0.12485072, 4.42360015e-09, 0.722564995], [-0.646295846, 0, 0.763086975]], [[0.159276158, -1.66633463e-08, -1.10811424], [0.41359663, 4.42360015e-09, -1.86058819], [0.0335585475, 4.42360015e-09, -1.56925559], [-0.259449631, 0, 0.965756655]], [[-0.0295964479, -2.51092551e-08, -0.610896587], [-0.218381673, 4.42360015e-09, -0.945177019], [-0.031080544, 4.42360015e-09, -1.41337311], [-0.0560520291, 0, 0.998427808]]], [[[0.0795269907, 4.6898796e-09, 0.535411179], [-0.231556684, 4.42360015e-09, -0.523934305], [0.0554686785, 4.42360015e-09, 0.411868453], [0.142065138, 0, 0.989857256]], [[0.0978766084, -7.35557551e-05, 1.1335609], [0.0181624889, 4.42360015e-09, 0.289419144], [0.0886470079, 4.42360015e-09, 0.647113144], [0.177864641, 0, 0.984054983]], [[0.00822114944, -1.33903013e-08, 1.62103653], [0.134911895, 4.42360015e-09, 1.50674772], [0.12485072, 4.42360015e-09, 0.722564995], [-0.0426262021, 0, 0.999091029]]], [[0, 0, 0], [-0.264099091, 4.42360015e-09, -0.708073676], [-0.267764628, 4.42360015e-09, -0.552433968], [0, 0, 1]], 1, 20900]
          - [[[ [0.312428057, -2.1353225e-08, -1.6155262], [-0.113253772, -2.66279443e-10, 1.29484832], [-0.133164704, -2.66279443e-10, 0.836004972], [-0.394018501, 0, 0.919102609]], [[0.0548337698, -2.97991338e-08, -1.15018392], [-0.0845469832, -2.66279443e-10, -1.50789356], [0.16736865, -2.66279443e-10, -1.94473183], [-0.197325319, 0, 0.980338097]], [[-0.00265708566, -4.6898796e-09, -0.54127872], [-0.163484931, -2.66279443e-10, -1.27968991], [-0.189224273, -2.66279443e-10, -1.12614965], [-0.142065138, 0, 0.989857376]]], [[[-0.0668127239, -7.35604481e-05, 0.594689727], [-0.0257951766, -2.66279443e-10, -0.252214789], [-0.00684145465, -2.66279443e-10, 0.111864656], [0.0362607241, 0, 0.999342501]], [[-0.22481209, -1.80801809e-08, 1.06448412], [-0.0831698775, -2.66279443e-10, 0.96935302], [0.0182760134, -2.66279443e-10, 0.191694528], [-0.184129894, 0, 0.98290199]], [[-0.350973189, 4.78283155e-08, 1.39555597], [-0.113253772, -2.66279443e-10, 1.29484832], [-0.133164704, -2.66279443e-10, 0.836004972], [-0.52244693, 0, 0.852671981]]], [[0, 0, 0], [-0.157432348, -2.66279443e-10, -1.09279513], [-0.00626315176, -2.66279443e-10, -0.125707507], [0, 0, 1]], 1, 21100]
          - [[[ [0.184836864, 7.35306385e-05, -1.73931503], [-0.161718994, 7.35601716e-05, 0.752930999], [-0.408600509, 7.35601716e-05, 1.09245467], [-0.232743353, 0, 0.972538233]], [[0.10530448, 7.35557478e-05, -1.13289499], [-0.0286422968, 7.35601716e-05, -1.87665224], [-0.0599321127, 7.35601716e-05, -1.72414637], [-0.177864641, 0, 0.984054983]], [[0.0883326232, 7.35604408e-05, -0.591875911], [-0.0293706059, 7.35601716e-05, -1.68966103], [0.0866318643, 7.35601716e-05, -0.71772784], [-0.0362607241, 0, 0.999342322]]], [[[-0.174930513, 7.354236e-05, 0.463756263], [-0.0299319923, 7.35601716e-05, 0.373823762], [0.0996456742, 7.35601716e-05, -0.399644762], [-0.219649523, 0, 0.975578904]], [[-0.313013554, 7.36082657e-05, 0.790035665], [-0.0717987716, 7.35601716e-05, 0.69801414], [-0.0750586018, 7.35601716e-05, 0.238750577], [-0.553021789, 0, 0.833166897]], [[-0.413927317, 7.36070724e-05, 1.06751299], [-0.161718994, 7.35601716e-05, 0.752930999], [-0.408600509, 7.35601716e-05, 1.09245467], [-0.737110138, 0, 0.675772548]]], [[0, 0, 0], [0.0716999173, 7.35601716e-05, -0.844860196], [0.0774393827, 7.35601716e-05, -0.480332911], [0, 0, 1]], 1, 21300]
          - [[[ [-0.0773122907, 1.33903013e-08, -1.61921263], [0.02075091, 1.78139015e-08, 0.547053218], [-0.194671452, 1.78139015e-08, 0.827322602], [0.0426262021, 0, 0.999091029]], [[0.024964869, 1.80801809e-08, -1.08767807], [-0.330991864, 1.78139015e-08, -2.13280034], [-0.00433766842, 1.78139015e-08, -1.21008289], [0.184129804, 0, 0.982901871]], [[0.0687946677, -7.35423673e-05, -0.490854204], [-0.0468295217, 1.78139015e-08, -1.33083081], [0.0388379991, 1.78139015e-08, -0.976466298], [0.219649464, 0, 0.975578904]]], [[[-0.0630438328, 6.59084947e-08, 0.348641127], [0.152067721, 1.78139015e-08, 0.205884159], [0.0480105281, 1.78139015e-08, -0.241447613], [-0.356511682, 0, 0.934290886]], [[-0.100545406, 6.47153513e-08, 0.641507685], [0.0764059499, 1.78139015e-08, 0.279210806], [-0.0898702443, 1.78139015e-08, 0.664670348], [-0.570675969, 0, 0.821175218]], [[-0.166237026, 3.79419554e-08, 0.760930717], [0.02075091, 1.78139015e-08, 0.547053218], [-0.194671452, 1.78139015e-08, 0.827322602], [-0.760761142, -0, 0.649032056]]], [[0, 0, 0], [0.121703848, 1.78139015e-08, -0.119585097], [0.0782250762, 1.78139015e-08, -0.902626336], [0, 0, 1]], 1, 21500]
          - [[[ [-0.429838896, -4.78283155e-08, -1.37331605], [0.027235955, -4.8094595e-08, 0.467049539], [0.0476389676, -4.8094595e-08, 0.470362723], [0.522446871, 0, 0.852671862]], [[-0.17611441, -7.36082729e-05, -0.831334829], [-0.583602548, -4.8094595e-08, -1.57489586], [-0.377229005, -4.8094595e-08, -1.27435803], [0.553021789, 0, 0.833166897]], [[-0.0653933659, -6.59084947e-08, -0.3482081], [0.00567995012, -4.8094595e-08, -0.503324211], [-0.314105213, -4.8094595e-08, -1.21941185], [0.356511682, 0, 0.934290886]]], [[[0.0693729967, -1.19314336e-09, 0.286992341], [0.105533943, -4.8094595e-08, -0.114583597], [0.0876044482, -4.8094595e-08, 0.304827154], [-0.240418792, 0, 0.97066927]], [[0.0505735949, -2.79665411e-08, 0.42198801], [0.149024889, -4.8094595e-08, 0.155500785], [0.047677055, -4.8094595e-08, 0.494154572], [-0.47938472, -0, 0.877605021]], [[-0.0470182002, 5.52354251e-09, 0.481411904], [0.027235955, -4.8094595e-08, 0.467049539], [0.0476389676, -4.8094595e-08, 0.470362723], [-0.736804724, -0, 0.676105618]]], [[0, 0, 0], [0.150082231, -4.8094595e-08, -0.210066333], [-0.106616482, -4.8094595e-08, -0.590906739], [0, 0, 1]], 1, 21700]
          - [[[ [-0.507153928, -7.36070797e-05, -1.02650595], [-0.290375352, -4.69014516e-08, 0.397496134], [0.027457362, -4.69014516e-08, 0.145785406], [0.737110257, 0, 0.675772607]], [[-0.283527672, -6.47153513e-08, -0.584169209], [-0.25183183, -4.69014516e-08, -0.751822948], [-0.734398425, -4.69014516e-08, -1.37002492], [0.570676029, 0, 0.821175277]], [[-0.136336595, 1.19314336e-09, -0.261896074], [-0.0411602706, -4.69014516e-08, -0.501883626], [-0.381891012, -4.69014516e-08, -0.809838414], [0.240418822, 0, 0.970669389]]], [[[0.0142074917, -2.67733977e-08, 0.135555863], [0.045702599, -4.69014516e-08, -0.146784633], [0.0287461057, -4.69014516e-08, 0.206302106], [-0.254331231, -0, 0.96711731]], [[-0.0662352443, 6.71668587e-09, 0.216699705], [0.00238799863, -4.69014516e-08, 0.184906527], [0.0229891464, -4.69014516e-08, 0.183217272], [-0.552645206, -0, 0.833416641]], [[-0.241873562, -7.33496108e-09, 0.249214575], [-0.290375352, -4.69014516e-08, 0.397496134], [0.027457362, -4.69014516e-08, 0.145785406], [-0.774125457, -0, 0.633032262]]], [[0, 0, 0], [-0.0614460893, -4.69014516e-08, -0.398491204], [0.0219845325, -4.69014516e-08, 0.0129285268], [0, 0, 1]], 1, 21900]
          - [[[ [0.47099334, 3.79419554e-08, -0.620335102], [0.422905743, 2.01280539e-08, 0.42127949], [0.00748667028, 2.01280539e-08, 0.0191141572], [-0.760761142, 0, 0.649032056]], [[0.246678203, -2.79665411e-08, -0.346094549], [0.215667859, 2.01280539e-08, -0.602396905], [0.623516977, 2.01280539e-08, -0.813566923], [-0.47938472, 0, 0.877605021]], [[0.0482163988, -2.67733977e-08, -0.127485007], [0.208990723, 2.01280539e-08, -0.497245014], [0.0236666519, 2.01280539e-08, -0.120572954], [-0.254331231, 0, 0.96711719]]], [[[0.0571601391, -3.34900818e-08, 0.0989347026], [-0.00112057896, 2.01280539e-08, 0.0507339388], [-0.0206146687, 2.01280539e-08, 0.0438607074], [0.322508782, 0, 0.946566522]], [[0.218753427, -1.94384366e-08, 0.175050706], [0.227947727, 2.01280539e-08, 0.330791861], [-0.0154158659, 2.01280539e-08, 0.00652329717], [0.587670207, 0, 0.809100688]], [[0.443327725, -2.20544116e-09, 0.199509993], [0.422905743, 2.01280539e-08, 0.42127949], [0.00748667028, 2.01280539e-08, 0.0191141572], [0.895878315, 0, 0.444299638]]], [[0, 0, 0], [0.041348543, 2.01280539e-08, -0.281066537], [-0.0320535228, 2.01280539e-08, 0.0647222772], [0, 0, 1]], 1, 22100]
          - [[[ [0.322917283, 5.52354251e-09, -0.360128522], [0.297289133, 5.36181375e-08, 0.423338115], [0.127589226, 5.36181375e-08, 0.123174727], [-0.736804724, 0, 0.676105618]], [[0.0645564944, 6.71668587e-09, -0.217205733], [0.335990906, 5.36181375e-08, -0.515357018], [0.039089337, 5.36181375e-08, -0.218580529], [-0.552645147, 0, 0.833416581]], [[-0.0221985616, 3.34900818e-08, -0.112082914], [0.107586995, 5.36181375e-08, -0.364795774], [-0.073412843, 5.36181375e-08, -0.0611565188], [-0.322508782, 0, 0.946566522]]], [[[0.128410712, 1.4051647e-08, 0.12416409], [0.0868858248, 5.36181375e-08, 0.274548709], [-0.0388945155, 5.36181375e-08, -0.110879928], [0.295326769, 0, 0.955396295]], [[0.333096862, 3.12846424e-08, 0.219743624], [0.242243499, 5.36181375e-08, 0.423076898], [-0.0212764107, 5.36181375e-08, -0.0915755779], [0.704717815, 0, 0.709487677]], [[0.506628275, 5.6106721e-08, 0.270707309], [0.297289133, 5.36181375e-08, 0.423338115], [0.127589226, 5.36181375e-08, 0.123174727], [0.995345175, 0, 0.0963740051]]], [[0, 0, 0], [-0.0396213979, 5.36181375e-08, -0.0644212663], [-0.0558571741, 5.36181375e-08, -0.0772142559], [0, 0, 1]], 1, 22300]
          - [[[ [0.0398095846, -7.33496108e-09, -0.34500134], [0.177566111, 3.95664905e-08, 0.352990866], [0.35500598, 3.95664905e-08, 0.40760085], [-0.774125457, 0, 0.633032262]], [[-0.0741214603, 1.94384366e-08, -0.270188481], [0.124508068, 3.95664905e-08, -0.473300278], [-0.138091341, 3.95664905e-08, -0.236658543], [-0.587670207, 0, 0.809100747]], [[-0.0860141367, -1.4051647e-08, -0.156549051], [-0.104842953, 3.95664905e-08, -0.229798153], [-0.116576433, 3.95664905e-08, -0.246815383], [-0.295326799, 0, 0.955396354]]], [[[0.167329192, 1.72329955e-08, 0.151765645], [0.0204784572, 3.95664905e-08, 0.319198072], [-0.0792968199, 3.95664905e-08, -0.250323504], [0.463754058, 0, 0.885963976]], [[0.318069518, 4.20550741e-08, 0.251704633], [0.072991699, 3.95664905e-08, 0.335704118], [-0.000492638908, 3.95664905e-08, -0.00118784339], [0.922487259, 0, 0.386027515]], [[0.447557807, 3.72187259e-08, 0.343667567], [0.177566111, 3.95664905e-08, 0.352990866], [0.35500598, 3.95664905e-08, 0.40760085], [0.978087902, 0, -0.208192468]]], [[0, 0, 0], [-0.0840853378, 3.95664905e-08, 0.131413504], [-0.0904280022, 3.95664905e-08, -0.273969918], [0, 0, 1]], 1, 22500]
          - [[[ [-0.0182336494, 2.20544094e-09, -0.485809922], [-0.0111794211, 2.23334933e-08, 0.158473194], [0.232195988, 2.23334933e-08, 0.536894917], [-0.895878375, 0, 0.444299668]], [[-0.0814708695, -3.12846389e-08, -0.390644729], [-0.0641829446, 2.23334933e-08, -0.464272738], [-0.0666865855, 2.23334933e-08, -0.484790832], [-0.704717875, 0, 0.709487736]], [[-0.0778657049, -1.72329937e-08, -0.212058499], [-0.213305831, 2.23334933e-08, -0.134625793], [-0.030926995, 2.23334933e-08, -0.496722341], [-0.463754058, 0, 0.885964036]]], [[[0.0872033685, 2.48220751e-08, 0.158448771], [-0.168881819, 2.23334933e-08, 0.119213462], [-0.0777513012, 2.23334933e-08, -0.213339359], [0.638268709, 0, 0.769813716]], [[0.159277141, 1.99857304e-08, 0.299975336], [-0.0842494667, 2.23334933e-08, 0.183025703], [0.0476302318, 2.23334933e-08, 0.313696593], [0.963100672, 0, 0.269141197]], [[0.215250343, 2.78323196e-08, 0.457975328], [-0.0111794211, 2.23334933e-08, 0.158473194], [0.232195988, 2.23334933e-08, 0.536894917], [0.986802757, 0, -0.161927402]]], [[0, 0, 0], [-0.20775193, 2.23334933e-08, 0.0802364796], [-0.0320312902, 2.23334933e-08, -0.47061035], [0, 0, 1]], 1, 22700]
          - [[[ [0.220621422, -5.61067175e-08, -0.530359209], [-0.114356935, -2.48858201e-09, 0.0660161152], [-0.146971211, -2.48858201e-09, 0.369579256], [-0.995345235, 0, 0.0963740051]], [[0.109410748, -4.20550705e-08, -0.390580028], [-0.0442757905, -2.48858201e-09, -0.41741842], [0.327236831, -2.48858201e-09, -0.579758584], [-0.922487259, 0, 0.386027515]], [[0.0340025313, -2.48220751e-08, -0.177635223], [-0.177140176, -2.48858201e-09, -0.248469651], [0.309720248, -2.48858201e-09, -0.560362101], [-0.638268709, 0, 0.769813716]]], [[[-0.0348486081, -4.8363451e-09, 0.154951528], [-0.147673428, -2.48858201e-09, -0.0905133262], [-0.129553765, -2.48858201e-09, 0.0942535996], [0.569623709, 0, 0.821905673]], [[-0.0926061124, 3.01024294e-09, 0.312308013], [-0.0757520124, -2.48858201e-09, -0.0627758652], [-0.129933, -2.48858201e-09, 0.383877248], [0.863007486, 0, 0.505191386]], [[-0.131933689, -9.37763911e-09, 0.367233872], [-0.114356935, -2.48858201e-09, 0.0660161152], [-0.146971211, -2.48858201e-09, 0.369579256], [0.986199141, 0, 0.165563464]]], [[0, 0, 0], [-0.172095224, -2.48858201e-09, -0.193655074], [0.110316351, -2.48858201e-09, -0.391492993], [0, 0, 1]], 1, 22900]
        offline_average_root_step: 2.00464582
        offline_accumulated_root_step: 360.836243
      - ComponentName: SkinnedModelComponent
        guid: fffb401d51c337402689b4ba87a0bd32da63ac6c07db19a993f472259c819e24
        custom_name: ""
        model_path: ./res/models/enemy/enemy.gltf
        anim_path: ./res/anims\conv77_13_Anim.gltf
        enable_root_motion: false
        material:
          Shader:
            VertexPath: ./res/shaders/lit.hlsl
            FragmentPath: ./res/shaders/lit.hlsl
            GeometryPath: ""
          Color: [1, 1, 1, 1]
          RenderOrder: 0
          NeedsForward: false
          CastsShadows: true
          IsBillboard: false
  - Entity: Path Point Container
    guid: 12914f0b35d4df0ada8fc3bdf75b42e1c56e8c5c38cede53e68d3abdfb75f4e9
    Name: Path Point Container
    TransformComponent:
      Translation: [0, 0, 0]
      Rotation: [0, 0, 0]
      Scale: [1, 1, 1]
      Parent:
        guid: 8bb7cd92191c071967b21ee84b41d97fd384d68e3bdcc0b991621c893cf44487
    Components:
      []